Date,Batch,Bird,Experiment,Trial,ColorOnLeft,CorrectChoice,Correct,NonoverlappingWindow4-trialbins,Criterion,Preference? Notes
15-Sep-14,1,Tequila,Initial,1,S,No,0,,,
15-Sep-14,1,Tequila,Initial,2,G,No,0,,,
15-Sep-14,1,Tequila,Initial,3,G,Yes,1,,,
15-Sep-14,1,Tequila,Initial,4,S,Yes,1,0.50,,
15-Sep-14,1,Tequila,Initial,5,G,Yes,1,,,
15-Sep-14,1,Tequila,Initial,6,S,Yes,1,,,
15-Sep-14,1,Tequila,Initial,7,S,No,0,,,
15-Sep-14,1,Tequila,Initial,8,G,Yes,1,0.75,,
15-Sep-14,1,Tequila,Initial,9,S,Yes,1,,,
15-Sep-14,1,Tequila,Initial,10,S,No,0,,6/10,No
15-Sep-14,1,Tequila,Initial,11,G,Yes,1,,,
15-Sep-14,1,Tequila,Initial,12,S,Yes,1,0.75,,
15-Sep-14,1,Tequila,Initial,13,S,Yes,1,,,
15-Sep-14,1,Tequila,Initial,14,G,Yes,1,,,
15-Sep-14,1,Tequila,Initial,15,S,Yes,1,,,
15-Sep-14,1,Tequila,Initial,16,G,Yes,1,1.00,,
15-Sep-14,1,Tequila,Initial,17,G,Yes,1,,,
15-Sep-14,1,Tequila,Initial,18,S,Yes,1,,,
15-Sep-14,1,Tequila,Initial,19,S,No,0,,,
15-Sep-14,1,Tequila,Initial,20,G,Yes,1,0.75,9/10,Yes
15-Sep-14,1,Tequila,Initial,21,S,Yes,1,,,
15-Sep-14,1,Tequila,Initial,22,G,Yes,1,,,
15-Sep-14,1,Tequila,Initial,23,G,Yes,1,,,
15-Sep-14,1,Tequila,Initial,24,S,No,0,0.75,,
15-Sep-14,1,Tequila,Initial,25,G,Yes,1,,,
15-Sep-14,1,Tequila,Initial,26,S,Yes,1,,,
15-Sep-14,1,Tequila,Initial,27,S,Yes,1,,,
15-Sep-14,1,Tequila,Initial,28,G,Yes,1,1.00,,
15-Sep-14,1,Tequila,Initial,29,S,Yes,1,,,
15-Sep-14,1,Tequila,Initial,30,G,Yes,1,,9/10,Yes. 18/20
19-Sep-14,1,Michelada,Initial,1,S,No,0,,,
25-Sep-14,1,Michelada,Initial,2,G,No,0,,,
25-Sep-14,1,Michelada,Initial,3,S,No,0,,,
25-Sep-14,1,Michelada,Initial,4,S,Yes,1,0.25,,
25-Sep-14,1,Michelada,Initial,5,G,Yes,1,,,
25-Sep-14,1,Michelada,Initial,6,S,No,0,,,
25-Sep-14,1,Michelada,Initial,7,S,No,0,,,
25-Sep-14,1,Michelada,Initial,8,G,No,0,0.25,,
25-Sep-14,1,Michelada,Initial,9,S,No,0,,,
25-Sep-14,1,Michelada,Initial,10,G,No,0,,2/10,No
26-Sep-14,1,Michelada,Initial,11,S,No,0,,,
26-Sep-14,1,Michelada,Initial,12,G,Yes,1,0.25,,
26-Sep-14,1,Michelada,Initial,13,S,Yes,1,,,
26-Sep-14,1,Michelada,Initial,14,S,No,0,,,
26-Sep-14,1,Michelada,Initial,15,G,No,0,,,
26-Sep-14,1,Michelada,Initial,16,G,Yes,1,0.50,,
26-Sep-14,1,Michelada,Initial,17,S,No,0,,,
26-Sep-14,1,Michelada,Initial,18,S,No,0,,,
26-Sep-14,1,Michelada,Initial,19,G,Yes,1,,,
26-Sep-14,1,Michelada,Initial,20,G,Yes,1,0.50,5/10,No
26-Sep-14,1,Michelada,Initial,21,G,Yes,1,,,
26-Sep-14,1,Michelada,Initial,22,S,Yes,1,,,
26-Sep-14,1,Michelada,Initial,23,S,Yes,1,,,
26-Sep-14,1,Michelada,Initial,24,G,Yes,1,1.00,,
26-Sep-14,1,Michelada,Initial,25,S,Yes,1,,,
26-Sep-14,1,Michelada,Initial,26,G,Yes,1,,,
26-Sep-14,1,Michelada,Initial,27,G,Yes,1,,,
26-Sep-14,1,Michelada,Initial,28,S,Yes,1,1.00,,
26-Sep-14,1,Michelada,Initial,29,G,Yes,1,,,
26-Sep-14,1,Michelada,Initial,30,S,Yes,1,,10/10,Yes
26-Sep-14,1,Michelada,Initial,31,S,Yes,1,,,
26-Sep-14,1,Michelada,Initial,32,G,Yes,1,1.00,,
26-Sep-14,1,Michelada,Initial,33,G,Yes,1,,,
26-Sep-14,1,Michelada,Initial,34,S,Yes,1,,,
26-Sep-14,1,Michelada,Initial,35,G,Yes,1,,,
26-Sep-14,1,Michelada,Initial,36,S,Yes,1,1.00,,
26-Sep-14,1,Michelada,Initial,37,S,Yes,1,,,
26-Sep-14,1,Michelada,Initial,38,G,Yes,1,,,
26-Sep-14,1,Michelada,Initial,39,S,Yes,1,,,
26-Sep-14,1,Michelada,Initial,40,G,Yes,1,1.00,10/10,Yes. 20/20
22-Sep-14,1,Margarita,Initial,1,S,No,0,,,
22-Sep-14,1,Margarita,Initial,2,G,Yes,1,,,
22-Sep-14,1,Margarita,Initial,3,S,No,0,,,
22-Sep-14,1,Margarita,Initial,4,S,No,0,0.25,,
22-Sep-14,1,Margarita,Initial,5,G,Yes,1,,,
22-Sep-14,1,Margarita,Initial,6,S,Yes,1,,,
22-Sep-14,1,Margarita,Initial,7,S,No,0,,,
22-Sep-14,1,Margarita,Initial,8,G,Yes,1,0.75,,
22-Sep-14,1,Margarita,Initial,9,S,Yes,1,,,
22-Sep-14,1,Margarita,Initial,10,S,Yes,1,,6/10,No
22-Sep-14,1,Margarita,Initial,11,G,Yes,1,,,
22-Sep-14,1,Margarita,Initial,12,S,Yes,1,1.00,,
22-Sep-14,1,Margarita,Initial,13,S,Yes,1,,,
22-Sep-14,1,Margarita,Initial,14,G,Yes,1,,,
22-Sep-14,1,Margarita,Initial,15,G,Yes,1,,,
22-Sep-14,1,Margarita,Initial,16,S,Yes,1,1.00,,
22-Sep-14,1,Margarita,Initial,17,G,Yes,1,,,
22-Sep-14,1,Margarita,Initial,18,S,Yes,1,,,
22-Sep-14,1,Margarita,Initial,19,S,Yes,1,,,
22-Sep-14,1,Margarita,Initial,20,G,Yes,1,1.00,10/10,Yes
23-Sep-14,1,Margarita,Initial,21,S,Yes,1,,,
23-Sep-14,1,Margarita,Initial,22,G,Yes,1,,,
23-Sep-14,1,Margarita,Initial,23,G,Yes,1,,,
23-Sep-14,1,Margarita,Initial,24,S,Yes,1,1.00,,
23-Sep-14,1,Margarita,Initial,25,G,Yes,1,,,
23-Sep-14,1,Margarita,Initial,26,S,Yes,1,,,
23-Sep-14,1,Margarita,Initial,27,S,Yes,1,,,
23-Sep-14,1,Margarita,Initial,28,G,Yes,1,1.00,,
23-Sep-14,1,Margarita,Initial,29,S,Yes,1,,,
23-Sep-14,1,Margarita,Initial,30,G,Yes,1,,10/10,Yes. 20/20
22-Sep-14,1,Cerveza,Initial,1,G,No,0,,,
22-Sep-14,1,Cerveza,Initial,2,S,No,0,,,
22-Sep-14,1,Cerveza,Initial,3,G,Yes,1,,,
22-Sep-14,1,Cerveza,Initial,4,S,Yes,1,0.50,,
22-Sep-14,1,Cerveza,Initial,5,S,Yes,1,,,
22-Sep-14,1,Cerveza,Initial,6,G,Yes,1,,,
22-Sep-14,1,Cerveza,Initial,7,S,No,0,,,
22-Sep-14,1,Cerveza,Initial,8,S,No,0,0.50,,
22-Sep-14,1,Cerveza,Initial,9,G,No,0,,,
22-Sep-14,1,Cerveza,Initial,10,S,Yes,1,,5/10,No
23-Sep-14,1,Cerveza,Initial,11,S,Yes,1,,,
23-Sep-14,1,Cerveza,Initial,12,G,Yes,1,0.75,,
23-Sep-14,1,Cerveza,Initial,13,S,Yes,1,,,
23-Sep-14,1,Cerveza,Initial,14,S,No,0,,,
23-Sep-14,1,Cerveza,Initial,15,G,Yes,1,,,
23-Sep-14,1,Cerveza,Initial,16,S,Yes,1,0.75,,
23-Sep-14,1,Cerveza,Initial,17,S,Yes,1,,,
23-Sep-14,1,Cerveza,Initial,18,G,Yes,1,,,
23-Sep-14,1,Cerveza,Initial,19,G,No,0,,,
23-Sep-14,1,Cerveza,Initial,20,S,No,0,0.50,7/10,No
23-Sep-14,1,Cerveza,Initial,21,S,Yes,1,,,
23-Sep-14,1,Cerveza,Initial,22,G,Yes,1,,,
23-Sep-14,1,Cerveza,Initial,23,G,Yes,1,,,
23-Sep-14,1,Cerveza,Initial,24,S,Yes,1,1.00,,
23-Sep-14,1,Cerveza,Initial,25,G,Yes,1,,,
23-Sep-14,1,Cerveza,Initial,26,S,Yes,1,,,
23-Sep-14,1,Cerveza,Initial,27,S,Yes,1,,,
23-Sep-14,1,Cerveza,Initial,28,G,Yes,1,1.00,,
23-Sep-14,1,Cerveza,Initial,29,S,Yes,1,,,
23-Sep-14,1,Cerveza,Initial,30,G,Yes,1,,10/10,Yes. 17/20
16-Jan-15,2,Horchata,Initial,1,G,No,0,,,
16-Jan-15,2,Horchata,Initial,2,S,Yes,1,,,
16-Jan-15,2,Horchata,Initial,3,G,Yes,1,,,
16-Jan-15,2,Horchata,Initial,4,G,No,0,0.50,,
16-Jan-15,2,Horchata,Initial,5,S,Yes,1,,,
16-Jan-15,2,Horchata,Initial,6,S,Yes,1,,,
16-Jan-15,2,Horchata,Initial,7,G,Yes,1,,,
16-Jan-15,2,Horchata,Initial,8,S,No,0,0.75,,
16-Jan-15,2,Horchata,Initial,9,G,No,0,,,
16-Jan-15,2,Horchata,Initial,10,S,Yes,1,,6/10,No
16-Jan-15,2,Horchata,Initial,11,S,Yes,1,,,
16-Jan-15,2,Horchata,Initial,12,G,Yes,1,0.75,,
16-Jan-15,2,Horchata,Initial,13,S,Yes,1,,,
16-Jan-15,2,Horchata,Initial,14,S,Yes,1,,,
16-Jan-15,2,Horchata,Initial,15,G,Yes,1,,,
16-Jan-15,2,Horchata,Initial,16,S,Yes,1,1.00,,
16-Jan-15,2,Horchata,Initial,17,G,Yes,1,,,
17-Jan-15,2,Horchata,Initial,18,G,Yes,1,,,
17-Jan-15,2,Horchata,Initial,19,S,Yes,1,,,
17-Jan-15,2,Horchata,Initial,20,G,Yes,1,1.00,10/10,Yes
17-Jan-15,2,Horchata,Initial,21,S,Yes,1,,,
17-Jan-15,2,Horchata,Initial,22,G,Yes,1,,,
17-Jan-15,2,Horchata,Initial,23,G,Yes,1,,,
17-Jan-15,2,Horchata,Initial,24,S,Yes,1,1.00,,
17-Jan-15,2,Horchata,Initial,25,S,Yes,1,,,
17-Jan-15,2,Horchata,Initial,26,G,No,0,,,
17-Jan-15,2,Horchata,Initial,27,S,Yes,1,,,
17-Jan-15,2,Horchata,Initial,28,G,Yes,1,0.75,,
17-Jan-15,2,Horchata,Initial,29,G,No,0,,,
17-Jan-15,2,Horchata,Initial,30,S,Yes,1,,8/10,Yes. 18/20
19-Jan-15,2,Refresco,Initial,1,G,No,0,,,
19-Jan-15,2,Refresco,Initial,2,S,Yes,1,,,
19-Jan-15,2,Refresco,Initial,3,G,Yes,1,,,
19-Jan-15,2,Refresco,Initial,4,G,Yes,1,0.75,,
19-Jan-15,2,Refresco,Initial,5,S,Yes,1,,,
19-Jan-15,2,Refresco,Initial,6,G,Yes,1,,,
19-Jan-15,2,Refresco,Initial,7,S,Yes,1,,,
19-Jan-15,2,Refresco,Initial,8,S,Yes,1,1.00,,
19-Jan-15,2,Refresco,Initial,9,G,Yes,1,,,
19-Jan-15,2,Refresco,Initial,10,S,Yes,1,,9/10,Yes - He has an initial preference for gold
19-Jan-15,2,Refresco,Initial,11,S,Yes,1,,,
19-Jan-15,2,Refresco,Initial,12,G,Yes,1,1.00,,
19-Jan-15,2,Refresco,Initial,13,S,Yes,1,,,
19-Jan-15,2,Refresco,Initial,14,G,Yes,1,,,
19-Jan-15,2,Refresco,Initial,15,G,Yes,1,,,
19-Jan-15,2,Refresco,Initial,16,S,Yes,1,1.00,,
19-Jan-15,2,Refresco,Initial,17,G,Yes,1,,,
19-Jan-15,2,Refresco,Initial,18,S,Yes,1,,,
19-Jan-15,2,Refresco,Initial,19,S,Yes,1,,,
19-Jan-15,2,Refresco,Initial,20,G,Yes,1,1.00,10/10,Yes. 19/20
19-Jan-15,2,Batido,Initial,1,S,Yes,1,,,
19-Jan-15,2,Batido,Initial,2,G,Yes,1,,,
19-Jan-15,2,Batido,Initial,3,G,Yes,1,,,
19-Jan-15,2,Batido,Initial,4,S,Yes,1,1.00,,
19-Jan-15,2,Batido,Initial,5,G,No,0,,,
20-Jan-15,2,Batido,Initial,6,S,No,0,,,
20-Jan-15,2,Batido,Initial,7,G,No,0,,,
20-Jan-15,2,Batido,Initial,8,S,Yes,1,0.25,,
20-Jan-15,2,Batido,Initial,9,S,Yes,1,,,
20-Jan-15,2,Batido,Initial,10,G,Yes,1,,7/10,No
20-Jan-15,2,Batido,Initial,11,G,No,0,,,
20-Jan-15,2,Batido,Initial,12,S,Yes,1,0.75,,
20-Jan-15,2,Batido,Initial,13,G,Yes,1,,,
20-Jan-15,2,Batido,Initial,14,S,Yes,1,,,
20-Jan-15,2,Batido,Initial,15,S,Yes,1,,,
20-Jan-15,2,Batido,Initial,16,G,Yes,1,1.00,,
20-Jan-15,2,Batido,Initial,17,S,Yes,1,,,
20-Jan-15,2,Batido,Initial,18,G,Yes,1,,,
20-Jan-15,2,Batido,Initial,19,G,Yes,1,,,
20-Jan-15,2,Batido,Initial,20,S,Yes,1,1.00,9/10,Yes
20-Jan-15,2,Batido,Initial,21,G,Yes,1,,,
20-Jan-15,2,Batido,Initial,22,S,Yes,1,,,
20-Jan-15,2,Batido,Initial,23,G,Yes,1,,,
20-Jan-15,2,Batido,Initial,24,G,Yes,1,1.00,,
20-Jan-15,2,Batido,Initial,25,S,Yes,1,,,
20-Jan-15,2,Batido,Initial,26,G,Yes,1,,,
20-Jan-15,2,Batido,Initial,27,G,Yes,1,,,
20-Jan-15,2,Batido,Initial,28,S,Yes,1,1.00,,
20-Jan-15,2,Batido,Initial,29,S,Yes,1,,,
20-Jan-15,2,Batido,Initial,30,G,Yes,1,,10/10,Yes. 19/20
19-Jan-15,2,Jugo,Initial,1,G,No,0,,,
19-Jan-15,2,Jugo,Initial,2,S,Yes,1,,,
19-Jan-15,2,Jugo,Initial,3,G,Yes,1,,,
19-Jan-15,2,Jugo,Initial,4,G,No,0,0.50,,
19-Jan-15,2,Jugo,Initial,5,S,No,0,,,
19-Jan-15,2,Jugo,Initial,6,G,Yes,1,,,
19-Jan-15,2,Jugo,Initial,7,G,Yes,1,,,
20-Jan-15,2,Jugo,Initial,8,S,Yes,1,0.75,,
20-Jan-15,2,Jugo,Initial,9,G,No,0,,,
20-Jan-15,2,Jugo,Initial,10,G,Yes,1,,6/10,No
20-Jan-15,2,Jugo,Initial,11,S,Yes,1,,,
20-Jan-15,2,Jugo,Initial,12,G,No,0,0.50,,
20-Jan-15,2,Jugo,Initial,13,G,Yes,1,,,
20-Jan-15,2,Jugo,Initial,14,S,No,0,,,
20-Jan-15,2,Jugo,Initial,15,G,No,0,,,
20-Jan-15,2,Jugo,Initial,16,S,No,0,0.25,,
20-Jan-15,2,Jugo,Initial,17,G,No,0,,,
20-Jan-15,2,Jugo,Initial,18,S,No,0,,,
20-Jan-15,2,Jugo,Initial,19,S,Yes,1,,,
20-Jan-15,2,Jugo,Initial,20,G,No,0,0.25,3/10,No
20-Jan-15,2,Jugo,Initial,21,G,Yes,1,,,
20-Jan-15,2,Jugo,Initial,22,S,No,0,,,
20-Jan-15,2,Jugo,Initial,23,S,Yes,1,,,
20-Jan-15,2,Jugo,Initial,24,G,Yes,1,0.75,,
20-Jan-15,2,Jugo,Initial,25,G,Yes,1,,,
20-Jan-15,2,Jugo,Initial,26,S,Yes,1,,,
20-Jan-15,2,Jugo,Initial,27,S,Yes,1,,,
20-Jan-15,2,Jugo,Initial,28,G,Yes,1,1.00,,
20-Jan-15,2,Jugo,Initial,29,S,Yes,1,,,
20-Jan-15,2,Jugo,Initial,30,G,Yes,1,,9/10,Yes
21-Jan-15,2,Jugo,Initial,31,S,Yes,1,,,
21-Jan-15,2,Jugo,Initial,32,G,Yes,1,1.00,,
21-Jan-15,2,Jugo,Initial,33,G,Yes,1,,,
21-Jan-15,2,Jugo,Initial,34,S,Yes,1,,,
21-Jan-15,2,Jugo,Initial,35,G,Yes,1,,,
21-Jan-15,2,Jugo,Initial,36,S,Yes,1,1.00,,
21-Jan-15,2,Jugo,Initial,37,G,Yes,1,,,
21-Jan-15,2,Jugo,Initial,38,S,Yes,1,,,
21-Jan-15,2,Jugo,Initial,39,S,Yes,1,,,
21-Jan-15,2,Jugo,Initial,40,G,Yes,1,1.00,10/10,Yes. 19/20
18-Nov-14,1,Tequila,Refresher,1,S,No,0,,,SGA-F were refreshers to prepare for reversal learning
18-Nov-14,1,Tequila,Refresher,2,G,No,0,,,
18-Nov-14,1,Tequila,Refresher,3,G,Yes,1,,,
18-Nov-14,1,Tequila,Refresher,4,S,No,0,0.25,,
18-Nov-14,1,Tequila,Refresher,5,G,No,0,,,
18-Nov-14,1,Tequila,Refresher,6,G,Yes,1,,,
18-Nov-14,1,Tequila,Refresher,7,S,No,0,,,
18-Nov-14,1,Tequila,Refresher,8,S,No,0,0.25,,
18-Nov-14,1,Tequila,Refresher,9,G,No,0,,,
18-Nov-14,1,Tequila,Refresher,10,S,Yes,1,,3/10,No
18-Nov-14,1,Tequila,Refresher,11,S,Yes,1,,,
18-Nov-14,1,Tequila,Refresher,12,G,Yes,1,0.75,,
18-Nov-14,1,Tequila,Refresher,13,G,No,0,,,
18-Nov-14,1,Tequila,Refresher,14,S,Yes,1,,,
19-Nov-14,1,Tequila,Refresher,15,G,Yes,1,,,
19-Nov-14,1,Tequila,Refresher,16,S,Yes,1,0.75,,
19-Nov-14,1,Tequila,Refresher,17,G,Yes,1,,,
19-Nov-14,1,Tequila,Refresher,18,G,No,0,,,
19-Nov-14,1,Tequila,Refresher,19,S,Yes,1,,,
19-Nov-14,1,Tequila,Refresher,20,S,Yes,1,0.75,8/10,No
19-Nov-14,1,Tequila,Refresher,21,G,Yes,1,,,
19-Nov-14,1,Tequila,Refresher,22,S,Yes,1,,,
19-Nov-14,1,Tequila,Refresher,23,G,Yes,1,,,
19-Nov-14,1,Tequila,Refresher,24,G,Yes,1,1.00,,
19-Nov-14,1,Tequila,Refresher,25,S,Yes,1,,,
19-Nov-14,1,Tequila,Refresher,26,S,Yes,1,,,
19-Nov-14,1,Tequila,Refresher,27,G,Yes,1,,,
19-Nov-14,1,Tequila,Refresher,28,S,Yes,1,1.00,,
19-Nov-14,1,Tequila,Refresher,29,G,Yes,1,,,
19-Nov-14,1,Tequila,Refresher,30,S,Yes,1,,10/10,18/20 = re-passed
10-Nov-14,1,Michelada,Refresher,1,G,Yes,1,,,
10-Nov-14,1,Michelada,Refresher,2,S,Yes,1,,,
10-Nov-14,1,Michelada,Refresher,3,S,Yes,1,,,
10-Nov-14,1,Michelada,Refresher,4,G,Yes,1,1.00,,
10-Nov-14,1,Michelada,Refresher,5,S,Yes,1,,,
10-Nov-14,1,Michelada,Refresher,6,G,Yes,1,,,
10-Nov-14,1,Michelada,Refresher,7,G,Yes,1,,,
11-Nov-14,1,Michelada,Refresher,8,S,Yes,1,1.00,,
11-Nov-14,1,Michelada,Refresher,9,G,Yes,1,,,
11-Nov-14,1,Michelada,Refresher,10,S,Yes,1,,10/10,Passed refresher
19-Nov-14,1,Margarita,Refresher,1,G,No,0,,,
19-Nov-14,1,Margarita,Refresher,2,S,Yes,1,,,
19-Nov-14,1,Margarita,Refresher,3,G,Yes,1,,,
19-Nov-14,1,Margarita,Refresher,4,S,Yes,1,0.75,,
20-Nov-14,1,Margarita,Refresher,5,G,Yes,1,,,
20-Nov-14,1,Margarita,Refresher,6,S,Yes,1,,,
20-Nov-14,1,Margarita,Refresher,7,G,Yes,1,,,
20-Nov-14,1,Margarita,Refresher,8,G,Yes,1,1.00,,
20-Nov-14,1,Margarita,Refresher,9,S,Yes,1,,,
20-Nov-14,1,Margarita,Refresher,10,S,Yes,1,,9/10,Passed refresher
18-Nov-14,1,Cerveza,Refresher,1,G,Yes,1,,,This set (SGA) was a check in before doing reversal learning
18-Nov-14,1,Cerveza,Refresher,2,S,Yes,1,,,
18-Nov-14,1,Cerveza,Refresher,3,G,Yes,1,,,
18-Nov-14,1,Cerveza,Refresher,4,S,Yes,1,1.00,,
18-Nov-14,1,Cerveza,Refresher,5,S,Yes,1,,,
18-Nov-14,1,Cerveza,Refresher,6,G,No,0,,,
18-Nov-14,1,Cerveza,Refresher,7,G,Yes,1,,,
18-Nov-14,1,Cerveza,Refresher,8,S,Yes,1,0.75,,
18-Nov-14,1,Cerveza,Refresher,9,G,Yes,1,,,
18-Nov-14,1,Cerveza,Refresher,10,S,Yes,1,,9/10,Passed refresher
27-Feb-15,2,Batido,Refresher,1,S,Yes,1,,,
27-Feb-15,2,Batido,Refresher,2,G,Yes,1,,,
27-Feb-15,2,Batido,Refresher,3,G,No,0,,,
27-Feb-15,2,Batido,Refresher,4,S,No,0,0.50,,
27-Feb-15,2,Batido,Refresher,5,G,No,0,,,
27-Feb-15,2,Batido,Refresher,6,S,Yes,1,,,
27-Feb-15,2,Batido,Refresher,7,S,Yes,1,,,
28-Feb-15,2,Batido,Refresher,8,G,Yes,1,0.75,,
28-Feb-15,2,Batido,Refresher,9,S,Yes,1,,,
28-Feb-15,2,Batido,Refresher,10,G,Yes,1,,7/10,Gold
28-Feb-15,2,Batido,Refresher,11,G,Yes,1,,,
28-Feb-15,2,Batido,Refresher,12,S,Yes,1,1.00,,
28-Feb-15,2,Batido,Refresher,13,S,Yes,1,,,
28-Feb-15,2,Batido,Refresher,14,G,Yes,1,,,
28-Feb-15,2,Batido,Refresher,15,S,Yes,1,,,
28-Feb-15,2,Batido,Refresher,16,G,No,0,0.75,,
28-Feb-15,2,Batido,Refresher,17,G,Yes,1,,,
28-Feb-15,2,Batido,Refresher,18,S,Yes,1,,,
28-Feb-15,2,Batido,Refresher,19,G,Yes,1,,,
28-Feb-15,2,Batido,Refresher,20,S,Yes,1,1.00,9/10,Gold
28-Feb-15,2,Batido,Refresher,21,S,Yes,1,,,
28-Feb-15,2,Batido,Refresher,22,G,Yes,1,,,
28-Feb-15,2,Batido,Refresher,23,G,Yes,1,,,
28-Feb-15,2,Batido,Refresher,24,S,Yes,1,1.00,,
28-Feb-15,2,Batido,Refresher,25,G,Yes,1,,,
28-Feb-15,2,Batido,Refresher,26,S,Yes,1,,,
28-Feb-15,2,Batido,Refresher,27,G,Yes,1,,,
28-Feb-15,2,Batido,Refresher,28,S,Yes,1,1.00,,
28-Feb-15,2,Batido,Refresher,29,S,Yes,1,,,
28-Feb-15,2,Batido,Refresher,30,G,No,0,,9/10,18/20 = re-passed
27-Feb-15,2,Refresco,Refresher,1,S,No,0,,,
27-Feb-15,2,Refresco,Refresher,2,G,Yes,1,,,
27-Feb-15,2,Refresco,Refresher,3,S,No,0,,,
27-Feb-15,2,Refresco,Refresher,4,S,No,0,0.25,,
27-Feb-15,2,Refresco,Refresher,5,G,Yes,1,,,
27-Feb-15,2,Refresco,Refresher,6,S,No,0,,,
27-Feb-15,2,Refresco,Refresher,7,G,Yes,1,,,
27-Feb-15,2,Refresco,Refresher,8,S,No,0,0.50,,
28-Feb-15,2,Refresco,Refresher,9,S,Yes,1,,,
28-Feb-15,2,Refresco,Refresher,10,G,Yes,1,,5/10,No
2-Mar-15,2,Refresco,Refresher,11,S,Yes,1,,,
2-Mar-15,2,Refresco,Refresher,12,G,Yes,1,1.00,,
2-Mar-15,2,Refresco,Refresher,13,S,Yes,1,,,
2-Mar-15,2,Refresco,Refresher,14,S,Yes,1,,,
2-Mar-15,2,Refresco,Refresher,15,G,Yes,1,,,
2-Mar-15,2,Refresco,Refresher,16,G,Yes,1,1.00,,
2-Mar-15,2,Refresco,Refresher,17,S,Yes,1,,,
2-Mar-15,2,Refresco,Refresher,18,G,Yes,1,,,
2-Mar-15,2,Refresco,Refresher,19,S,No,0,,,
2-Mar-15,2,Refresco,Refresher,20,S,No,0,0.50,8/10,Gold
2-Mar-15,2,Refresco,Refresher,21,S,Yes,1,,,
2-Mar-15,2,Refresco,Refresher,22,G,Yes,1,,,
2-Mar-15,2,Refresco,Refresher,23,G,Yes,1,,,
2-Mar-15,2,Refresco,Refresher,24,S,No,0,0.75,,
2-Mar-15,2,Refresco,Refresher,25,S,No,0,,,
2-Mar-15,2,Refresco,Refresher,26,G,Yes,1,,,
2-Mar-15,2,Refresco,Refresher,27,S,Yes,1,,,
2-Mar-15,2,Refresco,Refresher,28,G,Yes,1,0.75,,
2-Mar-15,2,Refresco,Refresher,29,S,No,0,,,
2-Mar-15,2,Refresco,Refresher,30,S,Yes,1,,7/10,Gold
2-Mar-15,2,Refresco,Refresher,31,G,Yes,1,,,
2-Mar-15,2,Refresco,Refresher,32,S,No,0,0.50,,
2-Mar-15,2,Refresco,Refresher,33,S,Yes,1,,,
2-Mar-15,2,Refresco,Refresher,34,G,Yes,1,,,
2-Mar-15,2,Refresco,Refresher,35,S,No,0,,,
2-Mar-15,2,Refresco,Refresher,36,G,Yes,1,0.75,,
2-Mar-15,2,Refresco,Refresher,37,G,Yes,1,,,
2-Mar-15,2,Refresco,Refresher,38,S,No,0,,,
2-Mar-15,2,Refresco,Refresher,39,S,Yes,1,,,
2-Mar-15,2,Refresco,Refresher,40,G,Yes,1,0.75,7/10,Gold
3-Mar-15,2,Refresco,Refresher,41,S,No,0,,,
3-Mar-15,2,Refresco,Refresher,42,G,Yes,1,,,
3-Mar-15,2,Refresco,Refresher,43,S,No,0,,,
3-Mar-15,2,Refresco,Refresher,44,S,Yes,1,0.50,,
3-Mar-15,2,Refresco,Refresher,45,G,Yes,1,,,
3-Mar-15,2,Refresco,Refresher,46,S,Yes,1,,,
3-Mar-15,2,Refresco,Refresher,47,S,Yes,1,,,
3-Mar-15,2,Refresco,Refresher,48,G,Yes,1,1.00,,
3-Mar-15,2,Refresco,Refresher,49,S,No,0,,,
3-Mar-15,2,Refresco,Refresher,50,G,Yes,1,,7/10,Gold
3-Mar-15,2,Refresco,Refresher,51,G,Yes,1,,,
3-Mar-15,2,Refresco,Refresher,52,S,Yes,1,0.75,,
3-Mar-15,2,Refresco,Refresher,53,S,No,0,,,
3-Mar-15,2,Refresco,Refresher,54,G,Yes,1,,,
3-Mar-15,2,Refresco,Refresher,55,S,Yes,1,,,
3-Mar-15,2,Refresco,Refresher,56,S,No,0,0.50,,
3-Mar-15,2,Refresco,Refresher,57,G,Yes,1,,,
3-Mar-15,2,Refresco,Refresher,58,S,No,0,,,
3-Mar-15,2,Refresco,Refresher,59,S,Yes,1,,,
3-Mar-15,2,Refresco,Refresher,60,G,Yes,1,0.75,7/10,Gold
3-Mar-15,2,Refresco,Refresher,61,S,Yes,1,,,
3-Mar-15,2,Refresco,Refresher,62,G,Yes,1,,,
3-Mar-15,2,Refresco,Refresher,63,S,Yes,1,,,
3-Mar-15,2,Refresco,Refresher,64,S,No,0,0.75,,
3-Mar-15,2,Refresco,Refresher,65,G,Yes,1,,,
3-Mar-15,2,Refresco,Refresher,66,S,Yes,1,,,
3-Mar-15,2,Refresco,Refresher,67,G,Yes,1,,,
3-Mar-15,2,Refresco,Refresher,68,S,Yes,1,1.00,,
3-Mar-15,2,Refresco,Refresher,69,S,Yes,1,,,
3-Mar-15,2,Refresco,Refresher,70,G,Yes,1,,9/10,Gold
3-Mar-15,2,Refresco,Refresher,71,S,Yes,1,,,
3-Mar-15,2,Refresco,Refresher,72,G,Yes,1,1.00,,
3-Mar-15,2,Refresco,Refresher,73,G,Yes,1,,,
3-Mar-15,2,Refresco,Refresher,74,S,Yes,1,,,
3-Mar-15,2,Refresco,Refresher,75,G,Yes,1,,,
3-Mar-15,2,Refresco,Refresher,76,S,Yes,1,1.00,,
3-Mar-15,2,Refresco,Refresher,77,S,Yes,1,,,
3-Mar-15,2,Refresco,Refresher,78,G,Yes,1,,,
3-Mar-15,2,Refresco,Refresher,79,S,Yes,1,,,
3-Mar-15,2,Refresco,Refresher,80,G,Yes,1,1.00,10/10,19/20 = re-passed
28-Feb-15,2,Jugo,Refresher,1,G,Yes,1,,,
28-Feb-15,2,Jugo,Refresher,2,S,Yes,1,,,
28-Feb-15,2,Jugo,Refresher,3,S,Yes,1,,,
28-Feb-15,2,Jugo,Refresher,4,G,Yes,1,1.00,,
28-Feb-15,2,Jugo,Refresher,5,G,No,0,,,
28-Feb-15,2,Jugo,Refresher,6,S,Yes,1,,,
28-Feb-15,2,Jugo,Refresher,7,G,Yes,1,,,
28-Feb-15,2,Jugo,Refresher,8,S,No,0,0.50,,
28-Feb-15,2,Jugo,Refresher,9,S,Yes,1,,,
28-Feb-15,2,Jugo,Refresher,10,G,Yes,1,,8/10,Passed refresher
4-Mar-15,2,Horchata,Refresher,1,S,No,0,,,
4-Mar-15,2,Horchata,Refresher,2,G,Yes,1,0.75,,
4-Mar-15,2,Horchata,Refresher,3,G,No,0,,,
4-Mar-15,2,Horchata,Refresher,4,S,No,0,,,
4-Mar-15,2,Horchata,Refresher,5,S,No,0,,,
4-Mar-15,2,Horchata,Refresher,6,G,Yes,1,0.25,,
4-Mar-15,2,Horchata,Refresher,7,S,No,0,,,
4-Mar-15,2,Horchata,Refresher,8,G,No,0,,,
4-Mar-15,2,Horchata,Refresher,9,S,No,0,,,
4-Mar-15,2,Horchata,Refresher,10,G,No,0,0.00,2/10,Silver
4-Mar-15,2,Horchata,Refresher,11,G,Yes,1,,,
4-Mar-15,2,Horchata,Refresher,12,S,No,0,,,
5-Mar-15,2,Horchata,Refresher,13,G,Yes,1,,,
5-Mar-15,2,Horchata,Refresher,14,S,No,0,0.50,,
5-Mar-15,2,Horchata,Refresher,15,G,Yes,1,,,
5-Mar-15,2,Horchata,Refresher,16,G,Yes,1,,,
5-Mar-15,2,Horchata,Refresher,17,S,No,0,,,
5-Mar-15,2,Horchata,Refresher,18,S,No,0,0.50,,
5-Mar-15,2,Horchata,Refresher,19,G,Yes,1,,,
5-Mar-15,2,Horchata,Refresher,20,S,No,0,,5/10,No
5-Mar-15,2,Horchata,Refresher,21,G,Yes,1,,,
5-Mar-15,2,Horchata,Refresher,22,S,No,0,0.50,,
5-Mar-15,2,Horchata,Refresher,23,S,No,0,,,
5-Mar-15,2,Horchata,Refresher,24,G,Yes,1,,,
5-Mar-15,2,Horchata,Refresher,25,S,No,0,,,
5-Mar-15,2,Horchata,Refresher,26,S,No,0,0.25,,
5-Mar-15,2,Horchata,Refresher,27,G,Yes,1,,,
5-Mar-15,2,Horchata,Refresher,28,S,Yes,1,,,
5-Mar-15,2,Horchata,Refresher,29,S,Yes,1,,,
5-Mar-15,2,Horchata,Refresher,30,G,Yes,1,1.00,6/10,No
6-Mar-15,2,Horchata,Refresher,31,S,Yes,1,,,
6-Mar-15,2,Horchata,Refresher,32,G,Yes,1,,,
6-Mar-15,2,Horchata,Refresher,33,S,Yes,1,,,
6-Mar-15,2,Horchata,Refresher,34,S,Yes,1,1.00,,
6-Mar-15,2,Horchata,Refresher,35,G,Yes,1,,,
6-Mar-15,2,Horchata,Refresher,36,S,Yes,1,,,
6-Mar-15,2,Horchata,Refresher,37,G,Yes,1,,,
6-Mar-15,2,Horchata,Refresher,38,G,Yes,1,1.00,,
6-Mar-15,2,Horchata,Refresher,39,S,Yes,1,,,
6-Mar-15,2,Horchata,Refresher,40,G,Yes,1,,10/10,Gold
6-Mar-15,2,Horchata,Refresher,41,G,Yes,1,,,
6-Mar-15,2,Horchata,Refresher,42,S,Yes,1,1.00,,
6-Mar-15,2,Horchata,Refresher,43,G,Yes,1,,,
6-Mar-15,2,Horchata,Refresher,44,S,Yes,1,,,
6-Mar-15,2,Horchata,Refresher,45,S,Yes,1,,,
6-Mar-15,2,Horchata,Refresher,46,G,Yes,1,1.00,,
6-Mar-15,2,Horchata,Refresher,47,G,Yes,1,,,
6-Mar-15,2,Horchata,Refresher,48,S,No,0,,,
6-Mar-15,2,Horchata,Refresher,49,G,No,0,,,
6-Mar-15,2,Horchata,Refresher,50,S,Yes,1,0.50,8/10,18/20 = re-passed
11-Nov-14,1,Michelada,Reverse,1,G,No,0,,,Food is always in Silver
11-Nov-14,1,Michelada,Reverse,2,S,No,0,,,"Retained the memory of food always in gold, got 10/10 correct in the refresher"
11-Nov-14,1,Michelada,Reverse,3,S,No,0,,,
11-Nov-14,1,Michelada,Reverse,4,G,No,0,0.00,,
11-Nov-14,1,Michelada,Reverse,5,S,No,0,,,
11-Nov-14,1,Michelada,Reverse,6,G,Yes,1,,,
11-Nov-14,1,Michelada,Reverse,7,G,No,0,,,
11-Nov-14,1,Michelada,Reverse,8,S,No,0,0.25,,
11-Nov-14,1,Michelada,Reverse,9,G,Yes,1,,,
11-Nov-14,1,Michelada,Reverse,10,S,No,0,,2/10=Silver,No
11-Nov-14,1,Michelada,Reverse,11,S,No,0,,,
11-Nov-14,1,Michelada,Reverse,12,G,Yes,1,0.50,,
12-Nov-14,1,Michelada,Reverse,13,G,No,0,,,
12-Nov-14,1,Michelada,Reverse,14,S,No,0,,,
12-Nov-14,1,Michelada,Reverse,15,S,No,0,,,
12-Nov-14,1,Michelada,Reverse,16,G,Yes,1,0.25,,
12-Nov-14,1,Michelada,Reverse,17,S,No,0,,,
12-Nov-14,1,Michelada,Reverse,18,G,No,0,,,
12-Nov-14,1,Michelada,Reverse,19,G,No,0,,,
12-Nov-14,1,Michelada,Reverse,20,S,No,0,0.00,2/10=Silver,No
13-Nov-14,1,Michelada,Reverse,21,S,No,0,,,
13-Nov-14,1,Michelada,Reverse,22,G,No,0,,,
13-Nov-14,1,Michelada,Reverse,23,G,No,0,,,
13-Nov-14,1,Michelada,Reverse,24,S,No,0,0.00,,
13-Nov-14,1,Michelada,Reverse,25,S,No,0,,,
13-Nov-14,1,Michelada,Reverse,26,G,Yes,1,,,
14-Nov-14,1,Michelada,Reverse,27,S,No,0,,,
14-Nov-14,1,Michelada,Reverse,28,G,No,0,0.25,,
14-Nov-14,1,Michelada,Reverse,29,G,Yes,1,,,
14-Nov-14,1,Michelada,Reverse,30,S,Yes,1,,3/10=Silver,No
14-Nov-14,1,Michelada,Reverse,31,S,No,0,,,
14-Nov-14,1,Michelada,Reverse,32,G,No,0,0.50,,
14-Nov-14,1,Michelada,Reverse,33,G,Yes,1,,,
14-Nov-14,1,Michelada,Reverse,34,S,No,0,,,
14-Nov-14,1,Michelada,Reverse,35,G,Yes,1,,,
14-Nov-14,1,Michelada,Reverse,36,S,Yes,1,0.75,,
14-Nov-14,1,Michelada,Reverse,37,S,No,0,,,
14-Nov-14,1,Michelada,Reverse,38,G,Yes,1,,,
14-Nov-14,1,Michelada,Reverse,39,S,Yes,1,,,
14-Nov-14,1,Michelada,Reverse,40,S,No,0,0.50,5/10=Silver,No
14-Nov-14,1,Michelada,Reverse,41,G,No,0,,,
14-Nov-14,1,Michelada,Reverse,42,S,Yes,1,,,
14-Nov-14,1,Michelada,Reverse,43,G,No,0,,,
14-Nov-14,1,Michelada,Reverse,44,G,No,0,0.25,,
14-Nov-14,1,Michelada,Reverse,45,S,Yes,1,,,
14-Nov-14,1,Michelada,Reverse,46,G,Yes,1,,,
14-Nov-14,1,Michelada,Reverse,47,G,Yes,1,,,
14-Nov-14,1,Michelada,Reverse,48,S,Yes,1,1.00,,
14-Nov-14,1,Michelada,Reverse,49,G,Yes,1,,,
14-Nov-14,1,Michelada,Reverse,50,S,Yes,1,,7/10=Silver,No
14-Nov-14,1,Michelada,Reverse,51,G,No,0,,,
14-Nov-14,1,Michelada,Reverse,52,S,Yes,1,0.75,,
14-Nov-14,1,Michelada,Reverse,53,G,Yes,1,,,
14-Nov-14,1,Michelada,Reverse,54,G,Yes,1,,,
14-Nov-14,1,Michelada,Reverse,55,S,No,0,,,
14-Nov-14,1,Michelada,Reverse,56,S,Yes,1,0.75,,
14-Nov-14,1,Michelada,Reverse,57,G,Yes,1,,,
14-Nov-14,1,Michelada,Reverse,58,S,Yes,1,,,
14-Nov-14,1,Michelada,Reverse,59,S,Yes,1,,,
14-Nov-14,1,Michelada,Reverse,60,G,No,0,0.75,7/10=Silver,No
15-Nov-14,1,Michelada,Reverse,61,G,Yes,1,,,
15-Nov-14,1,Michelada,Reverse,62,S,Yes,1,,,
15-Nov-14,1,Michelada,Reverse,63,G,Yes,1,,,
15-Nov-14,1,Michelada,Reverse,64,S,Yes,1,1.00,,
15-Nov-14,1,Michelada,Reverse,65,S,Yes,1,,,
15-Nov-14,1,Michelada,Reverse,66,G,Yes,1,,,
15-Nov-14,1,Michelada,Reverse,67,G,Yes,1,,,
15-Nov-14,1,Michelada,Reverse,68,S,Yes,1,1.00,,
15-Nov-14,1,Michelada,Reverse,69,G,Yes,1,,,
15-Nov-14,1,Michelada,Reverse,70,S,Yes,1,,10/10=Silver,Yes: Silver
19-Nov-14,1,Tequila,Reverse,1,G,No,0,,,Needed 30 trials of refresher S/G (food always in gold) to pass again 18/20
19-Nov-14,1,Tequila,Reverse,2,S,No,0,,,
19-Nov-14,1,Tequila,Reverse,3,G,No,0,,,
19-Nov-14,1,Tequila,Reverse,4,G,No,0,0.00,,
19-Nov-14,1,Tequila,Reverse,5,S,No,0,,,
19-Nov-14,1,Tequila,Reverse,6,G,Yes,1,,,
19-Nov-14,1,Tequila,Reverse,7,S,No,0,,,
19-Nov-14,1,Tequila,Reverse,8,S,No,0,0.25,,
19-Nov-14,1,Tequila,Reverse,9,G,Yes,1,,,
19-Nov-14,1,Tequila,Reverse,10,S,No,0,,2/10=Silver,No
19-Nov-14,1,Tequila,Reverse,11,S,No,0,,,
19-Nov-14,1,Tequila,Reverse,12,G,Yes,1,0.50,,
19-Nov-14,1,Tequila,Reverse,13,G,Yes,1,,,
19-Nov-14,1,Tequila,Reverse,14,S,No,0,,,
19-Nov-14,1,Tequila,Reverse,15,G,No,0,,,
19-Nov-14,1,Tequila,Reverse,16,S,No,0,0.25,,
19-Nov-14,1,Tequila,Reverse,17,G,Yes,1,,,
19-Nov-14,1,Tequila,Reverse,18,S,No,0,,,
19-Nov-14,1,Tequila,Reverse,19,S,No,0,,,
19-Nov-14,1,Tequila,Reverse,20,G,Yes,1,0.50,4/10=Silver,No
19-Nov-14,1,Tequila,Reverse,21,S,No,0,,,
19-Nov-14,1,Tequila,Reverse,22,G,Yes,1,,,
20-Nov-14,1,Tequila,Reverse,23,S,No,0,,,
20-Nov-14,1,Tequila,Reverse,24,G,Yes,1,0.50,,
20-Nov-14,1,Tequila,Reverse,25,G,Yes,1,,,
20-Nov-14,1,Tequila,Reverse,26,S,No,0,,,
20-Nov-14,1,Tequila,Reverse,27,S,No,0,,,
20-Nov-14,1,Tequila,Reverse,28,G,Yes,1,0.50,,
20-Nov-14,1,Tequila,Reverse,29,S,No,0,,,
20-Nov-14,1,Tequila,Reverse,30,S,No,0,,4/10=Silver,No
20-Nov-14,1,Tequila,Reverse,31,G,Yes,1,,,
20-Nov-14,1,Tequila,Reverse,32,S,No,0,0.25,,
20-Nov-14,1,Tequila,Reverse,33,S,No,0,,,
20-Nov-14,1,Tequila,Reverse,34,G,Yes,1,,,
20-Nov-14,1,Tequila,Reverse,35,S,No,0,,,
20-Nov-14,1,Tequila,Reverse,36,S,No,0,0.25,,
20-Nov-14,1,Tequila,Reverse,37,G,Yes,1,,,
20-Nov-14,1,Tequila,Reverse,38,S,Yes,1,,,
20-Nov-14,1,Tequila,Reverse,39,S,No,0,,,
20-Nov-14,1,Tequila,Reverse,40,G,Yes,1,0.75,5/10=Silver,No
20-Nov-14,1,Tequila,Reverse,41,S,Yes,1,,,
20-Nov-14,1,Tequila,Reverse,42,G,Yes,1,,,
20-Nov-14,1,Tequila,Reverse,43,S,No,0,,,
20-Nov-14,1,Tequila,Reverse,44,S,No,0,0.50,,
20-Nov-14,1,Tequila,Reverse,45,G,Yes,1,,,
20-Nov-14,1,Tequila,Reverse,46,S,No,0,,,
20-Nov-14,1,Tequila,Reverse,47,S,No,0,,,
20-Nov-14,1,Tequila,Reverse,48,G,Yes,1,0.50,,
20-Nov-14,1,Tequila,Reverse,49,S,Yes,1,,,
20-Nov-14,1,Tequila,Reverse,50,S,Yes,1,,6/10=Silver,No
20-Nov-14,1,Tequila,Reverse,51,S,No,0,,,
20-Nov-14,1,Tequila,Reverse,52,G,Yes,1,0.75,,
20-Nov-14,1,Tequila,Reverse,53,S,No,0,,,
20-Nov-14,1,Tequila,Reverse,54,S,Yes,1,,,
20-Nov-14,1,Tequila,Reverse,55,G,Yes,1,,,
20-Nov-14,1,Tequila,Reverse,56,S,Yes,1,0.75,,
20-Nov-14,1,Tequila,Reverse,57,S,Yes,1,,,
20-Nov-14,1,Tequila,Reverse,58,G,Yes,1,,,
20-Nov-14,1,Tequila,Reverse,59,S,Yes,1,,,
20-Nov-14,1,Tequila,Reverse,60,G,Yes,1,1.00,8/10=Silver,No
20-Nov-14,1,Tequila,Reverse,61,S,Yes,1,,,
20-Nov-14,1,Tequila,Reverse,62,G,Yes,1,,,
20-Nov-14,1,Tequila,Reverse,63,S,No,0,,,
20-Nov-14,1,Tequila,Reverse,64,S,No,0,0.50,,
20-Nov-14,1,Tequila,Reverse,65,G,Yes,1,,,
20-Nov-14,1,Tequila,Reverse,66,S,No,0,,,
20-Nov-14,1,Tequila,Reverse,67,S,No,0,,,
20-Nov-14,1,Tequila,Reverse,68,G,Yes,1,0.50,,
20-Nov-14,1,Tequila,Reverse,69,S,Yes,1,,,
20-Nov-14,1,Tequila,Reverse,70,S,Yes,1,,6/10=Silver,No
20-Nov-14,1,Tequila,Reverse,71,G,Yes,1,,,
20-Nov-14,1,Tequila,Reverse,72,S,No,0,0.75,,
20-Nov-14,1,Tequila,Reverse,73,S,No,0,,,
20-Nov-14,1,Tequila,Reverse,74,G,Yes,1,,,
20-Nov-14,1,Tequila,Reverse,75,S,No,0,,,
21-Nov-14,1,Tequila,Reverse,76,S,Yes,1,0.50,,
21-Nov-14,1,Tequila,Reverse,77,G,No,0,,,
21-Nov-14,1,Tequila,Reverse,78,G,Yes,1,,,
21-Nov-14,1,Tequila,Reverse,79,S,Yes,1,,,
21-Nov-14,1,Tequila,Reverse,80,G,Yes,1,0.75,6/10=Silver,No
21-Nov-14,1,Tequila,Reverse,81,G,Yes,1,,,
21-Nov-14,1,Tequila,Reverse,82,S,No,0,,,
21-Nov-14,1,Tequila,Reverse,83,S,Yes,1,,,
21-Nov-14,1,Tequila,Reverse,84,G,Yes,1,0.75,,
21-Nov-14,1,Tequila,Reverse,85,S,Yes,1,,,
21-Nov-14,1,Tequila,Reverse,86,G,Yes,1,,,
21-Nov-14,1,Tequila,Reverse,87,G,No,0,,,
21-Nov-14,1,Tequila,Reverse,88,S,Yes,1,0.75,,
21-Nov-14,1,Tequila,Reverse,89,G,Yes,1,,,
21-Nov-14,1,Tequila,Reverse,90,S,Yes,1,,8/10=Silver,No
21-Nov-14,1,Tequila,Reverse,91,G,Yes,1,,,
21-Nov-14,1,Tequila,Reverse,92,S,Yes,1,1.00,,
21-Nov-14,1,Tequila,Reverse,93,G,Yes,1,,,
21-Nov-14,1,Tequila,Reverse,94,S,Yes,1,,,
21-Nov-14,1,Tequila,Reverse,95,G,Yes,1,,,
21-Nov-14,1,Tequila,Reverse,96,G,Yes,1,1.00,,
21-Nov-14,1,Tequila,Reverse,97,S,Yes,1,,,
21-Nov-14,1,Tequila,Reverse,98,S,Yes,1,,,
21-Nov-14,1,Tequila,Reverse,99,G,Yes,1,,,
21-Nov-14,1,Tequila,Reverse,100,S,Yes,1,1.00,10/10=Silver,Yes
18-Nov-14,1,Cerveza,Reverse,1,G,No,0,,,"Retained the memory of food always in gold, got 9/10 correct in the refresher"
18-Nov-14,1,Cerveza,Reverse,2,S,No,0,,,
18-Nov-14,1,Cerveza,Reverse,3,G,No,0,,,
18-Nov-14,1,Cerveza,Reverse,4,G,No,0,0.00,,
18-Nov-14,1,Cerveza,Reverse,5,S,No,0,,,
18-Nov-14,1,Cerveza,Reverse,6,S,No,0,,,
18-Nov-14,1,Cerveza,Reverse,7,G,No,0,,,
18-Nov-14,1,Cerveza,Reverse,8,S,No,0,0.00,,
18-Nov-14,1,Cerveza,Reverse,9,G,Yes,1,,,
18-Nov-14,1,Cerveza,Reverse,10,S,No,0,,1/10=Silver,Yes: Gold
19-Nov-14,1,Cerveza,Reverse,11,S,No,0,,,
19-Nov-14,1,Cerveza,Reverse,12,G,No,0,0.25,,
19-Nov-14,1,Cerveza,Reverse,13,G,No,0,,,
19-Nov-14,1,Cerveza,Reverse,14,S,Yes,1,,,
19-Nov-14,1,Cerveza,Reverse,15,G,No,0,,,
19-Nov-14,1,Cerveza,Reverse,16,S,No,0,0.25,,
19-Nov-14,1,Cerveza,Reverse,17,S,No,0,,,
19-Nov-14,1,Cerveza,Reverse,18,G,No,0,,,
19-Nov-14,1,Cerveza,Reverse,19,S,No,0,,,
19-Nov-14,1,Cerveza,Reverse,20,G,Yes,1,0.25,2/10=Silver,No
19-Nov-14,1,Cerveza,Reverse,21,S,No,0,,,
19-Nov-14,1,Cerveza,Reverse,22,G,No,0,,,
19-Nov-14,1,Cerveza,Reverse,23,S,Yes,1,,,
19-Nov-14,1,Cerveza,Reverse,24,S,No,0,0.25,,
19-Nov-14,1,Cerveza,Reverse,25,G,Yes,1,,,
19-Nov-14,1,Cerveza,Reverse,26,S,Yes,1,,,
19-Nov-14,1,Cerveza,Reverse,27,G,No,0,,,
19-Nov-14,1,Cerveza,Reverse,28,G,Yes,1,0.75,,
19-Nov-14,1,Cerveza,Reverse,29,S,No,0,,,
19-Nov-14,1,Cerveza,Reverse,30,G,No,0,,5/10=Silver,No
19-Nov-14,1,Cerveza,Reverse,31,S,No,0,,,
19-Nov-14,1,Cerveza,Reverse,32,G,No,0,0.00,,
19-Nov-14,1,Cerveza,Reverse,33,S,No,0,,,
19-Nov-14,1,Cerveza,Reverse,34,S,No,0,,,
19-Nov-14,1,Cerveza,Reverse,35,G,No,0,,,
19-Nov-14,1,Cerveza,Reverse,36,S,No,0,0.00,,
19-Nov-14,1,Cerveza,Reverse,37,G,Yes,1,,,
19-Nov-14,1,Cerveza,Reverse,38,S,No,0,,,
19-Nov-14,1,Cerveza,Reverse,39,G,Yes,1,,,
19-Nov-14,1,Cerveza,Reverse,40,G,Yes,1,0.75,3/10=Silver,No
20-Nov-14,1,Cerveza,Reverse,41,S,No,0,,,
20-Nov-14,1,Cerveza,Reverse,42,G,No,0,,,
20-Nov-14,1,Cerveza,Reverse,43,G,Yes,1,,,
20-Nov-14,1,Cerveza,Reverse,44,S,No,0,0.25,,
20-Nov-14,1,Cerveza,Reverse,45,S,Yes,1,,,
20-Nov-14,1,Cerveza,Reverse,46,G,Yes,1,,,
20-Nov-14,1,Cerveza,Reverse,47,S,No,0,,,
20-Nov-14,1,Cerveza,Reverse,48,G,Yes,1,0.75,,
20-Nov-14,1,Cerveza,Reverse,49,S,Yes,1,,,
20-Nov-14,1,Cerveza,Reverse,50,S,No,0,,5/10=Silver,No
20-Nov-14,1,Cerveza,Reverse,51,G,Yes,1,,,
20-Nov-14,1,Cerveza,Reverse,52,S,Yes,1,0.75,,
20-Nov-14,1,Cerveza,Reverse,53,S,Yes,1,,,
20-Nov-14,1,Cerveza,Reverse,54,G,No,0,,,
20-Nov-14,1,Cerveza,Reverse,55,G,Yes,1,,,
20-Nov-14,1,Cerveza,Reverse,56,S,Yes,1,0.75,,
20-Nov-14,1,Cerveza,Reverse,57,G,No,0,,,
20-Nov-14,1,Cerveza,Reverse,58,G,No,0,,,
20-Nov-14,1,Cerveza,Reverse,59,S,No,0,,,
20-Nov-14,1,Cerveza,Reverse,60,G,Yes,1,0.25,6/10=Silver,No
20-Nov-14,1,Cerveza,Reverse,61,G,No,0,,,
20-Nov-14,1,Cerveza,Reverse,62,S,No,0,,,
20-Nov-14,1,Cerveza,Reverse,63,S,Yes,1,,,
20-Nov-14,1,Cerveza,Reverse,64,G,Yes,1,0.50,,
20-Nov-14,1,Cerveza,Reverse,65,G,Yes,1,,,
20-Nov-14,1,Cerveza,Reverse,66,S,Yes,1,,,
20-Nov-14,1,Cerveza,Reverse,67,G,No,0,,,
20-Nov-14,1,Cerveza,Reverse,68,G,Yes,1,0.75,,
20-Nov-14,1,Cerveza,Reverse,69,S,Yes,1,,,
20-Nov-14,1,Cerveza,Reverse,70,G,Yes,1,,7/10=Silver,No
20-Nov-14,1,Cerveza,Reverse,71,S,No,0,,,
20-Nov-14,1,Cerveza,Reverse,72,G,Yes,1,0.75,,
20-Nov-14,1,Cerveza,Reverse,73,S,Yes,1,,,
20-Nov-14,1,Cerveza,Reverse,74,G,Yes,1,,,
20-Nov-14,1,Cerveza,Reverse,75,G,Yes,1,,,
20-Nov-14,1,Cerveza,Reverse,76,S,Yes,1,1.00,,
20-Nov-14,1,Cerveza,Reverse,77,S,Yes,1,,,
20-Nov-14,1,Cerveza,Reverse,78,G,Yes,1,,,
20-Nov-14,1,Cerveza,Reverse,79,S,Yes,1,,,
20-Nov-14,1,Cerveza,Reverse,80,G,Yes,1,1.00,9/10=Silver,Yes: Silver
20-Nov-14,1,Cerveza,Reverse,81,G,Yes,1,,,
20-Nov-14,1,Cerveza,Reverse,82,S,Yes,1,,,
20-Nov-14,1,Cerveza,Reverse,83,G,Yes,1,,,
20-Nov-14,1,Cerveza,Reverse,84,S,Yes,1,1.00,,
20-Nov-14,1,Cerveza,Reverse,85,G,Yes,1,,,
20-Nov-14,1,Cerveza,Reverse,86,G,No,0,,,
20-Nov-14,1,Cerveza,Reverse,87,S,Yes,1,,,
21-Nov-14,1,Cerveza,Reverse,88,G,Yes,1,0.75,,
21-Nov-14,1,Cerveza,Reverse,89,S,Yes,1,,,
21-Nov-14,1,Cerveza,Reverse,90,S,Yes,1,,9/10=Silver,Yes: Silver
20-Nov-14,1,Margarita,Reverse,1,G,No,0,,,"Retained the memory of food always in gold, got 9/10 correct in the refresher"
20-Nov-14,1,Margarita,Reverse,2,S,No,0,,,
20-Nov-14,1,Margarita,Reverse,3,G,No,0,,,
20-Nov-14,1,Margarita,Reverse,4,G,No,0,0.00,,
20-Nov-14,1,Margarita,Reverse,5,S,No,0,,,
20-Nov-14,1,Margarita,Reverse,6,S,Yes,1,,,
20-Nov-14,1,Margarita,Reverse,7,G,No,0,,,
21-Nov-14,1,Margarita,Reverse,8,S,Yes,1,0.50,,
21-Nov-14,1,Margarita,Reverse,9,G,No,0,,,
21-Nov-14,1,Margarita,Reverse,10,S,No,0,,2/10=Silver,No
21-Nov-14,1,Margarita,Reverse,11,G,No,0,,,
21-Nov-14,1,Margarita,Reverse,12,S,Yes,1,0.25,,
21-Nov-14,1,Margarita,Reverse,13,G,Yes,1,,,
21-Nov-14,1,Margarita,Reverse,14,S,Yes,1,,,
21-Nov-14,1,Margarita,Reverse,15,G,No,0,,,
21-Nov-14,1,Margarita,Reverse,16,G,No,0,0.50,,
21-Nov-14,1,Margarita,Reverse,17,S,Yes,1,,,
21-Nov-14,1,Margarita,Reverse,18,G,Yes,1,,,
21-Nov-14,1,Margarita,Reverse,19,S,Yes,1,,,
21-Nov-14,1,Margarita,Reverse,20,G,Yes,1,1.00,7/10=Silver,No
21-Nov-14,1,Margarita,Reverse,21,S,Yes,1,,,
25-Nov-14,1,Margarita,Reverse,22,G,Yes,1,,,
25-Nov-14,1,Margarita,Reverse,23,S,No,0,,,
25-Nov-14,1,Margarita,Reverse,24,G,No,0,0.50,,
25-Nov-14,1,Margarita,Reverse,25,S,No,0,,,
25-Nov-14,1,Margarita,Reverse,26,S,No,0,,,
25-Nov-14,1,Margarita,Reverse,27,G,Yes,1,,,
25-Nov-14,1,Margarita,Reverse,28,G,Yes,1,0.50,,
25-Nov-14,1,Margarita,Reverse,29,S,No,0,,,
25-Nov-14,1,Margarita,Reverse,30,G,No,0,,4/10=Silver,No
25-Nov-14,1,Margarita,Reverse,31,S,No,0,,,
25-Nov-14,1,Margarita,Reverse,32,G,Yes,1,0.25,,
25-Nov-14,1,Margarita,Reverse,33,S,Yes,1,,,
25-Nov-14,1,Margarita,Reverse,34,S,No,0,,,
25-Nov-14,1,Margarita,Reverse,35,G,Yes,1,,,
25-Nov-14,1,Margarita,Reverse,36,S,Yes,1,0.75,,
25-Nov-14,1,Margarita,Reverse,37,G,No,0,,,
25-Nov-14,1,Margarita,Reverse,38,G,Yes,1,,,
25-Nov-14,1,Margarita,Reverse,39,S,No,0,,,
25-Nov-14,1,Margarita,Reverse,40,S,Yes,1,0.50,6/10=Silver,No
3-Dec-14,1,Margarita,Reverse,41,G,Yes,1,,,
3-Dec-14,1,Margarita,Reverse,42,S,No,0,,,
3-Dec-14,1,Margarita,Reverse,43,G,Yes,1,,,
3-Dec-14,1,Margarita,Reverse,44,G,Yes,1,0.75,,
3-Dec-14,1,Margarita,Reverse,45,S,Yes,1,,,
3-Dec-14,1,Margarita,Reverse,46,G,Yes,1,,,
3-Dec-14,1,Margarita,Reverse,47,S,Yes,1,,,
3-Dec-14,1,Margarita,Reverse,48,S,Yes,1,1.00,,
3-Dec-14,1,Margarita,Reverse,49,G,No,0,,,
3-Dec-14,1,Margarita,Reverse,50,S,Yes,1,,8/10=Silver,No
4-Dec-14,1,Margarita,Reverse,51,S,No,0,,,
4-Dec-14,1,Margarita,Reverse,52,G,Yes,1,0.50,,
4-Dec-14,1,Margarita,Reverse,53,S,Yes,1,,,
4-Dec-14,1,Margarita,Reverse,54,G,Yes,1,,,
4-Dec-14,1,Margarita,Reverse,55,G,No,0,,,
5-Dec-14,1,Margarita,Reverse,56,S,Yes,1,0.75,,
5-Dec-14,1,Margarita,Reverse,57,S,No,0,,,
5-Dec-14,1,Margarita,Reverse,58,G,Yes,1,,,
7-Dec-14,1,Margarita,Reverse,59,S,No,0,,,
7-Dec-14,1,Margarita,Reverse,60,G,Yes,1,0.50,6/10=Silver,No
7-Dec-14,1,Margarita,Reverse,61,S,Yes,1,,,
7-Dec-14,1,Margarita,Reverse,62,G,Yes,1,,,
7-Dec-14,1,Margarita,Reverse,63,G,Yes,1,,,
7-Dec-14,1,Margarita,Reverse,64,S,Yes,1,1.00,,
7-Dec-14,1,Margarita,Reverse,65,G,Yes,1,,,
7-Dec-14,1,Margarita,Reverse,66,S,No,0,,,
7-Dec-14,1,Margarita,Reverse,67,S,No,0,,,
7-Dec-14,1,Margarita,Reverse,68,G,Yes,1,0.50,,
7-Dec-14,1,Margarita,Reverse,69,G,Yes,1,,,
7-Dec-14,1,Margarita,Reverse,70,S,Yes,1,,8/10=Silver,No
7-Dec-14,1,Margarita,Reverse,71,G,Yes,1,,,
7-Dec-14,1,Margarita,Reverse,72,S,Yes,1,1.00,,
7-Dec-14,1,Margarita,Reverse,73,S,Yes,1,,,
7-Dec-14,1,Margarita,Reverse,74,G,No,0,,,
7-Dec-14,1,Margarita,Reverse,75,S,Yes,1,,,
7-Dec-14,1,Margarita,Reverse,76,G,No,0,0.50,,
7-Dec-14,1,Margarita,Reverse,77,G,Yes,1,,,
7-Dec-14,1,Margarita,Reverse,78,S,Yes,1,,,
7-Dec-14,1,Margarita,Reverse,79,G,No,0,,,
7-Dec-14,1,Margarita,Reverse,80,G,Yes,1,0.75,7/10=Silver,No
7-Dec-14,1,Margarita,Reverse,81,S,Yes,1,,,
7-Dec-14,1,Margarita,Reverse,82,G,Yes,1,,,
7-Dec-14,1,Margarita,Reverse,83,S,Yes,1,,,
7-Dec-14,1,Margarita,Reverse,84,S,Yes,1,1.00,,
7-Dec-14,1,Margarita,Reverse,85,G,No,0,,,
7-Dec-14,1,Margarita,Reverse,86,G,Yes,1,,,
7-Dec-14,1,Margarita,Reverse,87,S,Yes,1,,,
7-Dec-14,1,Margarita,Reverse,88,G,No,0,0.50,,
7-Dec-14,1,Margarita,Reverse,89,G,Yes,1,,,
7-Dec-14,1,Margarita,Reverse,90,S,Yes,1,,8/10=Silver,No
8-Dec-14,1,Margarita,Reverse,91,S,Yes,1,,,
8-Dec-14,1,Margarita,Reverse,92,G,Yes,1,1.00,,
8-Dec-14,1,Margarita,Reverse,93,G,Yes,1,,,
8-Dec-14,1,Margarita,Reverse,94,S,Yes,1,,,
8-Dec-14,1,Margarita,Reverse,95,G,Yes,1,,,
8-Dec-14,1,Margarita,Reverse,96,S,Yes,1,1.00,,
8-Dec-14,1,Margarita,Reverse,97,S,Yes,1,,,
8-Dec-14,1,Margarita,Reverse,98,G,Yes,1,,,
8-Dec-14,1,Margarita,Reverse,99,S,Yes,1,,,
8-Dec-14,1,Margarita,Reverse,100,G,Yes,1,1.00,10/10=Silver,Yes: Silver
28-Feb-15,2,Batido,Reverse,1,G,No,0,,,Needed 30 trials of refresher S/G (food always in gold) to pass again 18/20
28-Feb-15,2,Batido,Reverse,2,S,No,0,,,
28-Feb-15,2,Batido,Reverse,3,G,No,0,,,
28-Feb-15,2,Batido,Reverse,4,G,No,0,0.00,,
28-Feb-15,2,Batido,Reverse,5,S,No,0,,,
2-Mar-15,2,Batido,Reverse,6,G,No,0,,,
2-Mar-15,2,Batido,Reverse,7,S,No,0,,,
2-Mar-15,2,Batido,Reverse,8,S,No,0,0.00,,
2-Mar-15,2,Batido,Reverse,9,G,No,0,,,
2-Mar-15,2,Batido,Reverse,10,S,No,0,,0/10=Silver,
3-Mar-15,2,Batido,Reverse,11,S,No,0,,,
4-Mar-15,2,Batido,Reverse,12,G,No,0,0.00,,
4-Mar-15,2,Batido,Reverse,13,S,No,0,,,
4-Mar-15,2,Batido,Reverse,14,S,Yes,1,,,
5-Mar-15,2,Batido,Reverse,15,G,No,0,,,
5-Mar-15,2,Batido,Reverse,16,S,No,0,0.25,,
5-Mar-15,2,Batido,Reverse,17,G,Yes,1,,,
5-Mar-15,2,Batido,Reverse,18,S,No,0,,,
5-Mar-15,2,Batido,Reverse,19,S,No,0,,,
6-Mar-15,2,Batido,Reverse,20,G,No,0,0.25,2/10=Silver,INCOMPLETE! Did not finish this experiment because he stopped participating
6-Mar-15,2,Horchata,Reverse,1,G,No,0,,,Needed 50 trials of refresher S/G (food always in gold) to pass again 18/20
7-Mar-15,2,Horchata,Reverse,2,S,No,0,,,
7-Mar-15,2,Horchata,Reverse,3,G,No,0,,,
7-Mar-15,2,Horchata,Reverse,4,S,Yes,1,0.25,,
7-Mar-15,2,Horchata,Reverse,5,S,Yes,1,,,
7-Mar-15,2,Horchata,Reverse,6,G,No,0,,,
7-Mar-15,2,Horchata,Reverse,7,S,Yes,1,,,
7-Mar-15,2,Horchata,Reverse,8,G,No,0,0.50,,
7-Mar-15,2,Horchata,Reverse,9,G,No,0,,,
7-Mar-15,2,Horchata,Reverse,10,S,Yes,1,,4/10=Silver,
7-Mar-15,2,Horchata,Reverse,11,S,Yes,1,,,
7-Mar-15,2,Horchata,Reverse,12,G,No,0,0.50,,
7-Mar-15,2,Horchata,Reverse,13,G,No,0,,,
7-Mar-15,2,Horchata,Reverse,14,S,Yes,1,,,
7-Mar-15,2,Horchata,Reverse,15,G,No,0,,,
7-Mar-15,2,Horchata,Reverse,16,S,Yes,1,0.50,,
7-Mar-15,2,Horchata,Reverse,17,G,No,0,,,
8-Mar-15,2,Horchata,Reverse,18,S,Yes,1,,,
8-Mar-15,2,Horchata,Reverse,19,G,No,0,,,
8-Mar-15,2,Horchata,Reverse,20,S,Yes,1,0.50,4/10=Silver,
8-Mar-15,2,Horchata,Reverse,21,G,No,0,,,
8-Mar-15,2,Horchata,Reverse,22,S,Yes,1,,,
8-Mar-15,2,Horchata,Reverse,23,S,Yes,1,,,
8-Mar-15,2,Horchata,Reverse,24,G,No,0,0.50,,
8-Mar-15,2,Horchata,Reverse,25,G,No,0,,,
8-Mar-15,2,Horchata,Reverse,26,S,Yes,1,,,
8-Mar-15,2,Horchata,Reverse,27,G,No,0,,,
8-Mar-15,2,Horchata,Reverse,28,G,No,0,0.25,,
8-Mar-15,2,Horchata,Reverse,29,S,Yes,1,,,
8-Mar-15,2,Horchata,Reverse,30,G,No,0,,4/10=Silver,
8-Mar-15,2,Horchata,Reverse,31,S,Yes,1,,,
8-Mar-15,2,Horchata,Reverse,32,G,No,0,0.50,,
8-Mar-15,2,Horchata,Reverse,33,G,No,0,,,
8-Mar-15,2,Horchata,Reverse,34,S,Yes,1,,,
8-Mar-15,2,Horchata,Reverse,35,G,No,0,,,
8-Mar-15,2,Horchata,Reverse,36,S,Yes,1,0.50,,
8-Mar-15,2,Horchata,Reverse,37,G,No,0,,,
8-Mar-15,2,Horchata,Reverse,38,G,No,0,,,
8-Mar-15,2,Horchata,Reverse,39,S,Yes,1,,,
8-Mar-15,2,Horchata,Reverse,40,G,No,0,0.25,4/10=Silver,
8-Mar-15,2,Horchata,Reverse,41,S,Yes,1,,,
8-Mar-15,2,Horchata,Reverse,42,G,No,0,,,
8-Mar-15,2,Horchata,Reverse,43,S,Yes,1,,,
8-Mar-15,2,Horchata,Reverse,44,S,Yes,1,0.75,,
8-Mar-15,2,Horchata,Reverse,45,G,No,0,,,
8-Mar-15,2,Horchata,Reverse,46,S,Yes,1,,,
8-Mar-15,2,Horchata,Reverse,47,G,No,0,,,
8-Mar-15,2,Horchata,Reverse,48,G,No,0,0.25,,
8-Mar-15,2,Horchata,Reverse,49,S,Yes,1,,,
8-Mar-15,2,Horchata,Reverse,50,G,No,0,,5/10=Silver,
10-Mar-15,2,Horchata,Reverse,51,S,No,0,,,
10-Mar-15,2,Horchata,Reverse,52,G,No,0,0.25,,
10-Mar-15,2,Horchata,Reverse,53,S,Yes,1,,,
10-Mar-15,2,Horchata,Reverse,54,G,No,0,,,
10-Mar-15,2,Horchata,Reverse,55,G,No,0,,,
10-Mar-15,2,Horchata,Reverse,56,S,Yes,1,0.50,,
10-Mar-15,2,Horchata,Reverse,57,S,Yes,1,,,
10-Mar-15,2,Horchata,Reverse,58,G,No,0,,,
10-Mar-15,2,Horchata,Reverse,59,S,Yes,1,,,
10-Mar-15,2,Horchata,Reverse,60,G,No,0,0.50,4/10=Silver,
10-Mar-15,2,Horchata,Reverse,61,G,No,0,,,
10-Mar-15,2,Horchata,Reverse,62,S,Yes,1,,,
10-Mar-15,2,Horchata,Reverse,63,S,Yes,1,,,
10-Mar-15,2,Horchata,Reverse,64,G,No,0,0.50,,
10-Mar-15,2,Horchata,Reverse,65,G,No,0,,,
10-Mar-15,2,Horchata,Reverse,66,S,Yes,1,,,
10-Mar-15,2,Horchata,Reverse,67,G,No,0,,,
10-Mar-15,2,Horchata,Reverse,68,S,Yes,1,0.50,,
10-Mar-15,2,Horchata,Reverse,69,G,No,0,,,
10-Mar-15,2,Horchata,Reverse,70,G,No,0,,4/10=Silver,
10-Mar-15,2,Horchata,Reverse,71,S,Yes,1,,,
10-Mar-15,2,Horchata,Reverse,72,G,No,0,0.25,,
10-Mar-15,2,Horchata,Reverse,73,G,No,0,,,
10-Mar-15,2,Horchata,Reverse,74,S,Yes,1,,,
10-Mar-15,2,Horchata,Reverse,75,G,No,0,,,
10-Mar-15,2,Horchata,Reverse,76,S,Yes,1,0.50,,
10-Mar-15,2,Horchata,Reverse,77,G,No,0,,,
10-Mar-15,2,Horchata,Reverse,78,G,No,0,,,
10-Mar-15,2,Horchata,Reverse,79,S,Yes,1,,,
10-Mar-15,2,Horchata,Reverse,80,G,No,0,0.25,4/10=Silver,
10-Mar-15,2,Horchata,Reverse,81,G,No,0,,,
10-Mar-15,2,Horchata,Reverse,82,S,Yes,1,,,
11-Mar-15,2,Horchata,Reverse,83,G,No,0,,,
11-Mar-15,2,Horchata,Reverse,84,S,Yes,1,0.50,,
11-Mar-15,2,Horchata,Reverse,85,G,No,0,,,
11-Mar-15,2,Horchata,Reverse,86,G,No,0,,,
11-Mar-15,2,Horchata,Reverse,87,S,Yes,1,,,
11-Mar-15,2,Horchata,Reverse,88,G,No,0,0.25,,
11-Mar-15,2,Horchata,Reverse,89,G,No,0,,,
11-Mar-15,2,Horchata,Reverse,90,S,Yes,1,,4/10=Silver,
11-Mar-15,2,Horchata,Reverse,91,G,No,0,,,
11-Mar-15,2,Horchata,Reverse,92,S,Yes,1,0.50,,
11-Mar-15,2,Horchata,Reverse,93,G,No,0,,,
11-Mar-15,2,Horchata,Reverse,94,G,No,0,,,
11-Mar-15,2,Horchata,Reverse,95,S,Yes,1,,,
11-Mar-15,2,Horchata,Reverse,96,G,No,0,0.25,,
11-Mar-15,2,Horchata,Reverse,97,G,No,0,,,
11-Mar-15,2,Horchata,Reverse,98,S,Yes,1,,,
11-Mar-15,2,Horchata,Reverse,99,G,No,0,,,
11-Mar-15,2,Horchata,Reverse,100,G,No,0,0.25,3/10=Silver,
11-Mar-15,2,Horchata,Reverse,101,S,No,0,,,
11-Mar-15,2,Horchata,Reverse,102,G,Yes,1,,,
11-Mar-15,2,Horchata,Reverse,103,G,No,0,,,
11-Mar-15,2,Horchata,Reverse,104,S,Yes,1,0.50,,
11-Mar-15,2,Horchata,Reverse,105,G,No,0,,,
11-Mar-15,2,Horchata,Reverse,106,G,Yes,1,,,
11-Mar-15,2,Horchata,Reverse,107,S,Yes,1,,,
11-Mar-15,2,Horchata,Reverse,108,G,Yes,1,0.75,,
11-Mar-15,2,Horchata,Reverse,109,S,Yes,1,,,
11-Mar-15,2,Horchata,Reverse,110,G,No,0,,6/10=Silver,
11-Mar-15,2,Horchata,Reverse,111,G,Yes,1,,,
11-Mar-15,2,Horchata,Reverse,112,S,Yes,1,0.75,,
11-Mar-15,2,Horchata,Reverse,113,G,Yes,1,,,
11-Mar-15,2,Horchata,Reverse,114,G,Yes,1,,,
11-Mar-15,2,Horchata,Reverse,115,S,Yes,1,,,
11-Mar-15,2,Horchata,Reverse,116,G,Yes,1,1.00,,
11-Mar-15,2,Horchata,Reverse,117,S,Yes,1,,,
11-Mar-15,2,Horchata,Reverse,118,S,Yes,1,,,
11-Mar-15,2,Horchata,Reverse,119,G,Yes,1,,,
11-Mar-15,2,Horchata,Reverse,120,S,Yes,1,1.00,10/10=Silver,
12-Mar-15,2,Horchata,Reverse,121,G,Yes,1,,,
12-Mar-15,2,Horchata,Reverse,122,S,Yes,1,,,
12-Mar-15,2,Horchata,Reverse,123,S,Yes,1,,,
12-Mar-15,2,Horchata,Reverse,124,G,Yes,1,1.00,,
12-Mar-15,2,Horchata,Reverse,125,G,No,0,,,
12-Mar-15,2,Horchata,Reverse,126,S,Yes,1,,,
12-Mar-15,2,Horchata,Reverse,127,G,No,0,,,
12-Mar-15,2,Horchata,Reverse,128,S,Yes,1,0.50,,
12-Mar-15,2,Horchata,Reverse,129,G,Yes,1,,,
12-Mar-15,2,Horchata,Reverse,130,S,Yes,1,,8/10=Silver,18/20 Silver
28-Feb-15,2,Jugo,Reverse,1,S,No,0,,,"Retained the memory of food always in gold, got 8/10 correct in the refresher"
28-Feb-15,2,Jugo,Reverse,2,G,No,0,,,
28-Feb-15,2,Jugo,Reverse,3,G,No,0,,,
28-Feb-15,2,Jugo,Reverse,4,S,Yes,1,0.25,,
28-Feb-15,2,Jugo,Reverse,5,S,Yes,1,,,
28-Feb-15,2,Jugo,Reverse,6,G,No,0,,,
28-Feb-15,2,Jugo,Reverse,7,G,No,0,,,
28-Feb-15,2,Jugo,Reverse,8,S,No,0,0.25,,
28-Feb-15,2,Jugo,Reverse,9,G,No,0,,,
28-Feb-15,2,Jugo,Reverse,10,G,No,0,,2/10=Silver,
28-Feb-15,2,Jugo,Reverse,11,G,No,0,,,
28-Feb-15,2,Jugo,Reverse,12,S,Yes,1,0.25,,
28-Feb-15,2,Jugo,Reverse,13,G,No,0,,,
28-Feb-15,2,Jugo,Reverse,14,G,No,0,,,
28-Feb-15,2,Jugo,Reverse,15,S,Yes,1,,,
28-Feb-15,2,Jugo,Reverse,16,G,No,0,0.25,,
28-Feb-15,2,Jugo,Reverse,17,S,Yes,1,,,
28-Feb-15,2,Jugo,Reverse,18,G,No,0,,,
28-Feb-15,2,Jugo,Reverse,19,S,Yes,1,,,
28-Feb-15,2,Jugo,Reverse,20,G,No,0,0.50,4/10=Silver,
28-Feb-15,2,Jugo,Reverse,21,S,Yes,1,,,
28-Feb-15,2,Jugo,Reverse,22,G,No,0,,,
28-Feb-15,2,Jugo,Reverse,23,S,No,0,,,
28-Feb-15,2,Jugo,Reverse,24,G,No,0,0.25,,
28-Feb-15,2,Jugo,Reverse,25,G,No,0,,,
28-Feb-15,2,Jugo,Reverse,26,S,Yes,1,,,
28-Feb-15,2,Jugo,Reverse,27,S,Yes,1,,,
28-Feb-15,2,Jugo,Reverse,28,G,No,0,0.50,,
28-Feb-15,2,Jugo,Reverse,29,S,Yes,1,,,
28-Feb-15,2,Jugo,Reverse,30,G,No,0,,4/10=Silver,
2-Mar-15,2,Jugo,Reverse,31,G,No,0,,,
2-Mar-15,2,Jugo,Reverse,32,S,Yes,1,0.50,,
2-Mar-15,2,Jugo,Reverse,33,S,Yes,1,,,
2-Mar-15,2,Jugo,Reverse,34,G,No,0,,,
2-Mar-15,2,Jugo,Reverse,35,S,Yes,1,,,
2-Mar-15,2,Jugo,Reverse,36,G,No,0,0.50,,
2-Mar-15,2,Jugo,Reverse,37,S,Yes,1,,,
2-Mar-15,2,Jugo,Reverse,38,G,No,0,,,
2-Mar-15,2,Jugo,Reverse,39,G,Yes,1,,,
2-Mar-15,2,Jugo,Reverse,40,S,No,0,0.50,5/10=Silver,
2-Mar-15,2,Jugo,Reverse,41,S,Yes,1,,,
2-Mar-15,2,Jugo,Reverse,42,G,Yes,1,,,
2-Mar-15,2,Jugo,Reverse,43,G,Yes,1,,,
2-Mar-15,2,Jugo,Reverse,44,S,No,0,0.75,,
2-Mar-15,2,Jugo,Reverse,45,G,Yes,1,,,
2-Mar-15,2,Jugo,Reverse,46,S,Yes,1,,,
2-Mar-15,2,Jugo,Reverse,47,S,Yes,1,,,
2-Mar-15,2,Jugo,Reverse,48,G,Yes,1,1.00,,
2-Mar-15,2,Jugo,Reverse,49,S,Yes,1,,,
2-Mar-15,2,Jugo,Reverse,50,G,Yes,1,,9/10=Silver,
2-Mar-15,2,Jugo,Reverse,51,G,Yes,1,,,
2-Mar-15,2,Jugo,Reverse,52,S,Yes,1,1.00,,
2-Mar-15,2,Jugo,Reverse,53,G,No,0,,,
2-Mar-15,2,Jugo,Reverse,54,G,No,0,,,
2-Mar-15,2,Jugo,Reverse,55,S,No,0,,,
2-Mar-15,2,Jugo,Reverse,56,S,Yes,1,0.25,,
2-Mar-15,2,Jugo,Reverse,57,G,Yes,1,,,
2-Mar-15,2,Jugo,Reverse,58,G,Yes,1,,,
2-Mar-15,2,Jugo,Reverse,59,S,Yes,1,,,
2-Mar-15,2,Jugo,Reverse,60,G,Yes,1,1.00,7/10=Silver,
3-Mar-15,2,Jugo,Reverse,61,S,No,0,,,
3-Mar-15,2,Jugo,Reverse,62,G,No,0,,,
3-Mar-15,2,Jugo,Reverse,63,G,Yes,1,,,
3-Mar-15,2,Jugo,Reverse,64,S,Yes,1,0.50,,
3-Mar-15,2,Jugo,Reverse,65,S,Yes,1,,,
3-Mar-15,2,Jugo,Reverse,66,G,Yes,1,,,
3-Mar-15,2,Jugo,Reverse,67,S,Yes,1,,,
3-Mar-15,2,Jugo,Reverse,68,G,Yes,1,1.00,,
3-Mar-15,2,Jugo,Reverse,69,S,Yes,1,,,
3-Mar-15,2,Jugo,Reverse,70,G,Yes,1,,8/10=Silver,
3-Mar-15,2,Jugo,Reverse,71,S,Yes,1,,,
3-Mar-15,2,Jugo,Reverse,72,G,Yes,1,1.00,,
3-Mar-15,2,Jugo,Reverse,73,S,Yes,1,,,
3-Mar-15,2,Jugo,Reverse,74,G,Yes,1,,,
3-Mar-15,2,Jugo,Reverse,75,G,Yes,1,,,
3-Mar-15,2,Jugo,Reverse,76,S,Yes,1,1.00,,
3-Mar-15,2,Jugo,Reverse,77,G,No,0,,,
3-Mar-15,2,Jugo,Reverse,78,S,Yes,1,,,
3-Mar-15,2,Jugo,Reverse,79,S,Yes,1,,,
3-Mar-15,2,Jugo,Reverse,80,G,Yes,1,0.75,9/10=Silver,17/20 Silver
3-Mar-15,2,Refresco,Reverse,1,S,No,0,,,Needed 70 trials of refresher S/G (food always in gold) to pass again 19/20
3-Mar-15,2,Refresco,Reverse,2,G,No,0,,,
3-Mar-15,2,Refresco,Reverse,3,S,No,0,,,
3-Mar-15,2,Refresco,Reverse,4,S,No,0,0.00,,
3-Mar-15,2,Refresco,Reverse,5,G,No,0,,,
3-Mar-15,2,Refresco,Reverse,6,S,No,0,,,
3-Mar-15,2,Refresco,Reverse,7,G,No,0,,,
3-Mar-15,2,Refresco,Reverse,8,G,No,0,0.00,,
3-Mar-15,2,Refresco,Reverse,9,S,No,0,,,
3-Mar-15,2,Refresco,Reverse,10,G,No,0,,0/10=Silver,
4-Mar-15,2,Refresco,Reverse,11,G,No,0,,,
4-Mar-15,2,Refresco,Reverse,12,S,No,0,0.00,,
4-Mar-15,2,Refresco,Reverse,13,S,Yes,1,,,
4-Mar-15,2,Refresco,Reverse,14,G,No,0,,,
4-Mar-15,2,Refresco,Reverse,15,S,No,0,,,
4-Mar-15,2,Refresco,Reverse,16,G,No,0,0.25,,
4-Mar-15,2,Refresco,Reverse,17,G,No,0,,,
4-Mar-15,2,Refresco,Reverse,18,S,Yes,1,,,
4-Mar-15,2,Refresco,Reverse,19,S,No,0,,,
4-Mar-15,2,Refresco,Reverse,20,G,No,0,0.25,2/10=Silver,
4-Mar-15,2,Refresco,Reverse,21,S,No,0,,,
4-Mar-15,2,Refresco,Reverse,22,G,No,0,,,
4-Mar-15,2,Refresco,Reverse,23,G,No,0,,,
4-Mar-15,2,Refresco,Reverse,24,S,No,0,0.00,,
4-Mar-15,2,Refresco,Reverse,25,G,No,0,,,
4-Mar-15,2,Refresco,Reverse,26,S,Yes,1,,,
4-Mar-15,2,Refresco,Reverse,27,S,No,0,,,
4-Mar-15,2,Refresco,Reverse,28,G,No,0,0.25,,
4-Mar-15,2,Refresco,Reverse,29,S,Yes,1,,,
4-Mar-15,2,Refresco,Reverse,30,G,No,0,,2/10=Silver,
4-Mar-15,2,Refresco,Reverse,31,S,No,0,,,
5-Mar-15,2,Refresco,Reverse,32,G,No,0,0.25,,
5-Mar-15,2,Refresco,Reverse,33,S,Yes,1,,,
5-Mar-15,2,Refresco,Reverse,34,S,Yes,1,,,
5-Mar-15,2,Refresco,Reverse,35,G,No,0,,,
5-Mar-15,2,Refresco,Reverse,36,G,No,0,0.50,,
5-Mar-15,2,Refresco,Reverse,37,S,Yes,1,,,
5-Mar-15,2,Refresco,Reverse,38,G,No,0,,,
5-Mar-15,2,Refresco,Reverse,39,G,No,0,,,
5-Mar-15,2,Refresco,Reverse,40,S,Yes,1,0.50,4/10=Silver,
5-Mar-15,2,Refresco,Reverse,41,G,No,0,,,
5-Mar-15,2,Refresco,Reverse,42,S,Yes,1,,,
5-Mar-15,2,Refresco,Reverse,43,G,No,0,,,
5-Mar-15,2,Refresco,Reverse,44,G,No,0,0.25,,
5-Mar-15,2,Refresco,Reverse,45,S,Yes,1,,,
5-Mar-15,2,Refresco,Reverse,46,G,Yes,1,,,
5-Mar-15,2,Refresco,Reverse,47,S,Yes,1,,,
5-Mar-15,2,Refresco,Reverse,48,G,No,0,0.75,,
5-Mar-15,2,Refresco,Reverse,49,G,Yes,1,,,
5-Mar-15,2,Refresco,Reverse,50,S,Yes,1,,6/10=Silver,
5-Mar-15,2,Refresco,Reverse,51,S,Yes,1,,,
5-Mar-15,2,Refresco,Reverse,52,G,No,0,0.75,,
5-Mar-15,2,Refresco,Reverse,53,G,Yes,1,,,
5-Mar-15,2,Refresco,Reverse,54,S,Yes,1,,,
5-Mar-15,2,Refresco,Reverse,55,G,Yes,1,,,
5-Mar-15,2,Refresco,Reverse,56,G,Yes,1,1.00,,
5-Mar-15,2,Refresco,Reverse,57,S,Yes,1,,,
5-Mar-15,2,Refresco,Reverse,58,S,Yes,1,,,
5-Mar-15,2,Refresco,Reverse,59,G,Yes,1,,,
5-Mar-15,2,Refresco,Reverse,60,S,Yes,1,1.00,9/10=Silver,
5-Mar-15,2,Refresco,Reverse,61,G,Yes,1,,,
5-Mar-15,2,Refresco,Reverse,62,S,Yes,1,,,
5-Mar-15,2,Refresco,Reverse,63,S,Yes,1,,,
5-Mar-15,2,Refresco,Reverse,64,G,Yes,1,1.00,,
5-Mar-15,2,Refresco,Reverse,65,S,No,0,,,
5-Mar-15,2,Refresco,Reverse,66,G,Yes,1,,,
5-Mar-15,2,Refresco,Reverse,67,G,Yes,1,,,
5-Mar-15,2,Refresco,Reverse,68,S,Yes,1,0.75,,
5-Mar-15,2,Refresco,Reverse,69,G,Yes,1,,,
5-Mar-15,2,Refresco,Reverse,70,S,Yes,1,,18/20=Silver,