CodingDate,VideoCoder,VideoFileName,TrialDate,Experimenter,BirdID,Test,AviaryOrWild,Condition,Time,IndicatedTrial,LatencyFirstLandingOnFloor,LatencyFirstTimeWithin20cmOfObject,LatencyFirstTouchToFood,LatencyFirstTouchToApparatus,ApproachedFirst,TotalDurationNear<20cm,TotalDurationFar>20cm,TotalDurationOutOfView,ClosestDistanceToApparatus,TrialDuration,TotalTouchesToApparatus,MotorActionsUsed,TotalNumberMotorActionsUsedForThisBirdInThisExperiment,Notes
2/15/20,AJB,A007-S 2020-04-08 Boldness Time1 C1 T1,4/8/20,MM,A007-S,Boldness,Aviary,C1,1,1,0.8,n/a,1.8,n/a,n/a,n/a,n/a,n/a,n/a,306.2,n/a,n/a,n/a,No Solomon output excel file because not trial 2
2/15/20,AJB,A007-S 2020-04-08 Boldness Time1 C1 T2,4/8/20,MM,A007-S,Boldness,Aviary,C1,1,2,n/a,n/a,n/a,n/a,n/a,n/a,n/a,934.8,OutOfView,934.8,n/a,n/a,n/a,
2/15/20,AJB,A007-S 2020-04-08 Boldness Time1 C1 T3,4/8/20,MM,A007-S,Boldness,Aviary,C1,1,3,0.8,n/a,1.2,n/a,n/a,n/a,n/a,n/a,n/a,339,n/a,n/a,n/a,No Solomon output excel file because not trial 2
2/15/20,AJB,A007-S 2020-04-06 Boldness Time1 C2 T1,4/6/20,MM,A007-S,Boldness,Aviary,C2,1,1,0,n/a,9,n/a,n/a,n/a,n/a,n/a,n/a,311.6,n/a,n/a,n/a,No Solomon output excel file because not trial 2
2/15/20,AJB,A007-S 2020-04-06 Boldness Time1 C2 T2,4/6/20,MM,A007-S,Boldness,Aviary,C2,1,2,n/a,n/a,n/a,n/a,n/a,n/a,n/a,905.6,OutOfView,905.6,n/a,n/a,n/a,
2/15/20,AJB,A007-S 2020-04-06 Boldness Time1 C2 T3,4/6/20,MM,A007-S,Boldness,Aviary,C2,1,3,8.4,n/a,11,n/a,n/a,n/a,n/a,n/a,n/a,408.6,n/a,n/a,n/a,No Solomon output excel file because not trial 2
2/15/20,AJB,A007-S 2020-04-07 Boldness Time1 C3 T1,4/7/20,MM,A007-S,Boldness,Aviary,C3,1,1,10.2,n/a,14,n/a,n/a,n/a,n/a,n/a,n/a,345.2,n/a,n/a,n/a,No Solomon output excel file because not trial 2
2/15/20,AJB,A007-S 2020-04-07 Boldness Time1 C3 T2,4/7/20,MM,A007-S,Boldness,Aviary,C3,1,2,n/a,n/a,n/a,n/a,n/a,n/a,n/a,907.4,OutOfView,907.4,n/a,n/a,n/a,
2/15/20,AJB,A007-S 2020-04-07 Boldness Time1 C3 T3,4/7/20,MM,A007-S,Boldness,Aviary,C3,1,3,8.2,n/a,11.2,n/a,n/a,n/a,n/a,n/a,n/a,312.6,n/a,n/a,n/a,No Solomon output excel file because not trial 2
2/15/20,AJB,A007-S 2020-04-22 Boldness Time2 C1 T1,4/22/20,MM,A007-S,Boldness,Aviary,C1,2,1,2,n/a,3,n/a,n/a,n/a,n/a,n/a,n/a,316.6,n/a,n/a,n/a,No Solomon output excel file because not trial 2
2/15/20,AJB,A007-S 2020-04-22 Boldness Time2 C1 T2,4/22/20,MM,A007-S,Boldness,Aviary,C1,2,2,n/a,n/a,n/a,n/a,n/a,n/a,n/a,912.2,OutOfView,912.2,n/a,n/a,n/a,
2/15/20,AJB,A007-S 2020-04-22 Boldness Time2 C1 T3,4/22/20,MM,A007-S,Boldness,Aviary,C1,2,3,1.4,n/a,3,n/a,n/a,n/a,n/a,n/a,n/a,319.2,n/a,n/a,n/a,No Solomon output excel file because not trial 2
2/15/20,AJB,A007-S 2020-04-20 Boldness Time2 C2 T1,4/20/20,MM,A007-S,Boldness,Aviary,C2,2,1,3.2,n/a,5.4,n/a,n/a,n/a,n/a,n/a,n/a,312.2,n/a,n/a,n/a,No Solomon output excel file because not trial 2
2/15/20,AJB,A007-S 2020-04-20 Boldness Time2 C2 T2,4/20/20,MM,A007-S,Boldness,Aviary,C2,2,2,n/a,n/a,n/a,n/a,n/a,n/a,n/a,913.2,OutOfView,913.2,n/a,n/a,n/a,
2/15/20,AJB,A007-S 2020-04-20 Boldness Time2 C2 T3,4/20/20,MM,A007-S,Boldness,Aviary,C2,2,3,1.4,n/a,4,n/a,n/a,n/a,n/a,n/a,n/a,309.6,n/a,n/a,n/a,No Solomon output excel file because not trial 2
2/15/20,AJB,A007-S 2020-04-21 Boldness Time2 C3 T1,4/21/20,MM,A007-S,Boldness,Aviary,C3,2,1,2,n/a,3.6,n/a,n/a,n/a,n/a,n/a,n/a,325.2,n/a,n/a,n/a,No Solomon output excel file because not trial 2
2/15/20,AJB,A007-S 2020-04-21 Boldness Time2 C3 T2,4/21/20,MM,A007-S,Boldness,Aviary,C3,2,2,n/a,n/a,n/a,n/a,n/a,n/a,n/a,924.4,OutOfView,924.4,n/a,n/a,n/a,
2/15/20,AJB,A007-S 2020-04-21 Boldness Time2 C3 T3,4/21/20,MM,A007-S,Boldness,Aviary,C3,2,3,5.8,n/a,7,n/a,n/a,n/a,n/a,n/a,n/a,318.8,n/a,n/a,0,No Solomon output excel file because not trial 2
2/15/20,AJB,A022-N 2018-12-22 Boldness Time 1 C1 T1,12/22/18,CL,A022-N,Boldness,Aviary,C1,1,1,6.6,n/a,18.6,n/a,n/a,n/a,n/a,n/a,n/a,300.8,n/a,n/a,n/a,No Solomon output excel file because not trial 2
2/15/20,AJB,A022-N 2018-12-22 Boldness Time 1 C1 T2,12/22/18,CL,A022-N,Boldness,Aviary,C1,1,2,n/a,n/a,n/a,n/a,n/a,n/a,n/a,1687.6,OutOfView,1687.6,n/a,n/a,n/a,
2/15/20,AJB,A022-N 2018-12-22 Boldness Time 1 C1 T3,12/22/18,CL,A022-N,Boldness,Aviary,C1,1,3,1.6,n/a,6.8,n/a,n/a,n/a,n/a,n/a,n/a,305.8,n/a,n/a,n/a,No Solomon output excel file because not trial 2
2/15/20,AJB,A022-N 2018-12-24 Boldness Time 1 C2 T1,12/24/18,CL,A022-N,Boldness,Aviary,C2,1,1,4.6,n/a,13,n/a,n/a,n/a,n/a,n/a,n/a,304.8,n/a,n/a,n/a,No Solomon output excel file because not trial 2
2/15/20,AJB,A022-N 2018-12-24 Boldness Time 1 C2 T2,12/24/18,CL,A022-N,Boldness,Aviary,C2,1,2,n/a,n/a,n/a,n/a,n/a,n/a,n/a,909,OutOfView,909,n/a,n/a,n/a,
2/15/20,AJB,A022-N 2018-12-24 Boldness Time 1 C2 T3,12/24/18,CL,A022-N,Boldness,Aviary,C2,1,3,2.4,n/a,5.6,n/a,n/a,n/a,n/a,n/a,n/a,312.2,n/a,n/a,n/a,No Solomon output excel file because not trial 2
2/15/20,AJB,A022-N 2018-12-25 Boldness Time1 C3 T1,12/25/18,CL,A022-N,Boldness,Aviary,C3,1,1,0,n/a,0,n/a,n/a,n/a,n/a,n/a,n/a,24.8,n/a,n/a,n/a,No Solomon output excel file because not trial 2
2/15/20,AJB,A022-N 2018-12-25 Boldness Time1 C3 T2,12/25/18,CL,A022-N,Boldness,Aviary,C3,1,2,n/a,n/a,n/a,n/a,n/a,n/a,n/a,909.2,OutOfView,909.2,n/a,n/a,n/a,
2/15/20,AJB,A022-N 2018-12-25 Boldness Time1 C3 T3,12/25/18,CL,A022-N,Boldness,Aviary,C3,1,3,25.8,n/a,39.2,n/a,n/a,n/a,n/a,n/a,n/a,318,n/a,n/a,n/a,No Solomon output excel file because not trial 2
2/16/20,AJB,A022-N 2019-01-14 Boldness Time2 C1 T1,1/14/19,CL,A022-N,Boldness,Aviary,C1,2,1,0,n/a,0,n/a,n/a,n/a,n/a,n/a,n/a,19,n/a,n/a,n/a,No Solomon output excel file because not trial 2
2/16/20,AJB,A022-N 2019-01-14 Boldness Time2 C1 T2,1/14/19,CL,A022-N,Boldness,Aviary,C1,2,2,n/a,n/a,n/a,n/a,n/a,n/a,n/a,903,OutOfView,903,n/a,n/a,n/a,
2/16/20,AJB,A022-N 2019-01-14 Boldness Time2 C1 T3,1/14/19,CL,A022-N,Boldness,Aviary,C1,2,3,14.6,n/a,19.8,n/a,n/a,n/a,n/a,n/a,n/a,316.4,n/a,n/a,n/a,No Solomon output excel file because not trial 2
2/16/20,AJB,A022-N 2019-01-15 Boldness Time2 C2 T1,1/15/19,CL,A022-N,Boldness,Aviary,C2,2,1,0,n/a,0,n/a,n/a,n/a,n/a,n/a,n/a,24.4,n/a,n/a,n/a,No Solomon output excel file because not trial 2
2/16/20,AJB,A022-N 2019-01-15 Boldness Time2 C2 T2,1/15/19,CL,A022-N,Boldness,Aviary,C2,2,2,62,95.4,95.8,n/a,Food,5.2,539.2,365.6,Near,909.8,n/a,n/a,n/a,
2/16/20,AJB,A022-N 2019-01-15 Boldness Time2 C2 T3,1/15/19,CL,A022-N,Boldness,Aviary,C2,2,3,0,n/a,0,n/a,n/a,n/a,n/a,n/a,n/a,25,n/a,n/a,n/a,No Solomon output excel file because not trial 2
2/16/20,AJB,A022-N 2019-01-16 Boldness Time2 C3 T1,1/16/19,CL,A022-N,Boldness,Aviary,C3,2,1,0,n/a,0,n/a,n/a,n/a,n/a,n/a,n/a,20,n/a,n/a,n/a,No Solomon output excel file because not trial 2
2/16/20,AJB,A022-N 2019-01-16 Boldness Time2 C3 T2,1/16/19,CL,A022-N,Boldness,Aviary,C3,2,2,721.8,866.4,866.6,n/a,Food,n/a,145.2,764,Far,909,n/a,n/a,n/a,
2/16/20,AJB,A022-N 2019-01-16 Boldness Time2 C3 T3,1/16/19,CL,A022-N,Boldness,Aviary,C3,2,3,0,n/a,0,n/a,n/a,n/a,n/a,n/a,n/a,18,n/a,n/a,0,No Solomon output excel file because not trial 2
2/18/20,AJB,A025GO 2018-12-22 Boldness C1 T1,12/22/18,CL,A025GO,Boldness,Aviary,C1,1,1,66.8,n/a,68.6,n/a,n/a,n/a,n/a,n/a,n/a,308.2,n/a,n/a,n/a,No Solomon output excel file because not trial 2
2/18/20,AJB,A025GO 2018-12-22 Boldness C1 T2,12/22/18,CL,A025GO,Boldness,Aviary,C1,1,2,n/a,n/a,n/a,n/a,n/a,n/a,n/a,902.4,OutOfView,902.4,n/a,n/a,n/a,
2/18/20,AJB,A025GO 2018-12-22 Boldness C1 T3,12/22/18,CL,A025GO,Boldness,Aviary,C1,1,3,47.4,n/a,49.8,n/a,n/a,n/a,n/a,n/a,n/a,308.8,n/a,n/a,n/a,No Solomon output excel file because not trial 2
2/18/20,AJB,A025GO 2018-12-25 Boldness C2 T1,12/25/18,CL,A025GO,Boldness,Aviary,C2,1,1,36.2,n/a,38.2,n/a,n/a,n/a,n/a,n/a,n/a,319.8,n/a,n/a,n/a,No Solomon output excel file because not trial 2
2/18/20,AJB,A025GO 2018-12-25 Boldness Time1 C2 T2,12/25/18,CL,A025GO,Boldness,Aviary,C2,1,2,n/a,n/a,n/a,n/a,n/a,n/a,n/a,904.4,OutOfView,904.4,n/a,n/a,n/a,
2/18/20,AJB,A025GO 2018-12-25 Boldness Time1 C2 T3,12/25/18,CL,A025GO,Boldness,Aviary,C2,1,3,59,n/a,61.4,n/a,n/a,n/a,n/a,n/a,n/a,304.8,n/a,n/a,n/a,No Solomon output excel file because not trial 2
2/18/20,AJB,A025GO 2018-12-24 Boldness C3 T1,12/24/18,CL,A025GO,Boldness,Aviary,C3,1,1,23.8,n/a,25.8,n/a,n/a,n/a,n/a,n/a,n/a,307.8,n/a,n/a,n/a,No Solomon output excel file because not trial 2
2/18/20,AJB,A025GO 2018-12-24 Boldness C3 T2,12/24/18,CL,A025GO,Boldness,Aviary,C3,1,2,n/a,n/a,n/a,n/a,n/a,n/a,n/a,904.6,OutOfView,904.6,n/a,n/a,n/a,
2/18/20,AJB,A025GO 2018-12-24 Boldness C3 T3,12/24/18,CL,A025GO,Boldness,Aviary,C3,1,3,45.4,n/a,47.6,n/a,n/a,n/a,n/a,n/a,n/a,305.4,n/a,n/a,n/a,No Solomon output excel file because not trial 2
2/18/20,AJB,A025GO 2019-01-14 Boldness Time2 C1 T1,1/14/19,CL,A025GO,Boldness,Aviary,C1,2,1,34.8,n/a,40,n/a,n/a,n/a,n/a,n/a,n/a,326.6,n/a,n/a,n/a,No Solomon output excel file because not trial 2
2/18/20,AJB,A025GO 2019-01-14 Boldness Time2 C1 T2,1/14/19,CL,A025GO,Boldness,Aviary,C1,2,2,n/a,n/a,n/a,n/a,n/a,n/a,n/a,916.8,OutOfView,916.8,n/a,n/a,n/a,
2/18/20,AJB,A025GO 2019-01-14 Boldness Time2 C1 T3,1/14/19,CL,A025GO,Boldness,Aviary,C1,2,3,53.4,n/a,55.2,n/a,n/a,n/a,n/a,n/a,n/a,343.4,n/a,n/a,n/a,No Solomon output excel file because not trial 2
2/18/20,AJB,A025GO 2019-01-15 Boldness Time2 C2 T1,1/15/19,CL,A025GO,Boldness,Aviary,C2,2,1,29.6,n/a,30.8,n/a,n/a,n/a,n/a,n/a,n/a,318.8,n/a,n/a,n/a,No Solomon output excel file because not trial 2
2/18/20,AJB,A025GO 2019-01-15 Boldness Time2 C2 T2,1/15/19,CL,A025GO,Boldness,Aviary,C2,2,2,n/a,n/a,n/a,n/a,n/a,n/a,n/a,907.2,OutOfView,907.2,n/a,n/a,n/a,
2/18/20,AJB,A025GO 2019-01-15 Boldness Time2 C2 T3,1/15/19,CL,A025GO,Boldness,Aviary,C2,2,3,22.2,n/a,25.8,n/a,n/a,n/a,n/a,n/a,n/a,329.8,n/a,n/a,n/a,No Solomon output excel file because not trial 2
2/18/20,AJB,A025GO 2019-01-16 Boldness Time2 C3 T1,1/16/19,CL,A025GO,Boldness,Aviary,C3,2,1,24.8,n/a,26.8,n/a,n/a,n/a,n/a,n/a,n/a,314.4,n/a,n/a,n/a,No Solomon output excel file because not trial 2
2/18/20,AJB,A025GO 2019-01-16 Boldness Time2 C3 T2,1/16/19,CL,A025GO,Boldness,Aviary,C3,2,2,n/a,n/a,n/a,n/a,n/a,n/a,n/a,912,OutOfView,912,n/a,n/a,n/a,
2/18/20,AJB,A025GO 2019-01-16 Boldness Time2 C3 T3,1/16/19,CL,A025GO,Boldness,Aviary,C3,2,3,26.6,n/a,29.4,n/a,n/a,n/a,n/a,n/a,n/a,314.4,n/a,n/a,0,No Solomon output excel file because not trial 2
2/19/20,AJB,A031-Y 2018-12-25 Boldness C1 T1,12/25/18,CL,A031-Y,Boldness,Aviary,C1,1,1,16.2,n/a,18,n/a,n/a,n/a,n/a,n/a,n/a,303.8,n/a,n/a,n/a,No Solomon output excel file because not trial 2
2/19/20,AJB,A031-Y 2018-12-25 Boldness C1 T2,12/25/18,CL,A031-Y,Boldness,Aviary,C1,1,2,319.8,630,633,n/a,Food,n/a,346.6,566,Far,912.4,n/a,n/a,n/a,
2/19/20,AJB,A031-Y 2018-12-25 Boldness C1 T3,12/25/18,CL,A031-Y,Boldness,Aviary,C1,1,3,37.4,n/a,38.6,n/a,n/a,n/a,n/a,n/a,n/a,301.2,n/a,n/a,n/a,No Solomon output excel file because not trial 2
2/19/20,AJB,A031-Y 2018-12-24 Boldness C2 T1,12/24/18,CL,A031-Y,Boldness,Aviary,C2,1,1,12.8,n/a,14.2,n/a,n/a,n/a,n/a,n/a,n/a,308.4,n/a,n/a,n/a,No Solomon output excel file because not trial 2
2/19/20,AJB,A031-Y 2018-12-24 Boldness C2 T2,12/24/18,CL,A031-Y,Boldness,Aviary,C2,1,2,636.4,679.8,680.2,n/a,Food,n/a,127.6,778.8,Far,906.2,n/a,n/a,n/a,
2/19/20,AJB,A031-Y 2018-12-24 Boldness C2 T3,12/24/18,CL,A031-Y,Boldness,Aviary,C2,1,3,18.6,n/a,19.8,n/a,n/a,n/a,n/a,n/a,n/a,301.2,n/a,n/a,n/a,No Solomon output excel file because not trial 2
2/19/20,AJB,A031-Y 2018-12-26 Boldness Time1 C3 T1,12/26/18,CL,A031-Y,Boldness,Aviary,C3,1,1,12.2,n/a,13,n/a,n/a,n/a,n/a,n/a,n/a,303.2,n/a,n/a,n/a,No Solomon output excel file because not trial 2
2/19/20,AJB,A031-Y 2018-12-26 Boldness Time1 C3 T2,12/26/18,CL,A031-Y,Boldness,Aviary,C3,1,2,n/a,n/a,n/a,n/a,n/a,n/a,n/a,911.8,OutOfView,911.8,n/a,n/a,n/a,
2/19/20,AJB,A031-Y 2018-12-26 Boldness Time1 C3 T3,12/26/18,CL,A031-Y,Boldness,Aviary,C3,1,3,13.4,n/a,14.4,n/a,n/a,n/a,n/a,n/a,n/a,306.6,n/a,n/a,n/a,No Solomon output excel file because not trial 2
2/19/20,AJB,A031-Y 2019-02-03 Boldness Time2 C1 T1,2/3/19,LB,A031-Y,Boldness,Aviary,C1,2,1,19.8,n/a,21,n/a,n/a,n/a,n/a,n/a,n/a,458.2,n/a,n/a,n/a,No Solomon output excel file because not trial 2
2/19/20,AJB,A031-Y 2019-02-03 Boldness Time2 C1 T2,2/3/19,LB,A031-Y,Boldness,Aviary,C1,2,2,234.8,n/a,n/a,n/a,Food,n/a,11.2,892.8,Far,903.8,n/a,n/a,n/a,
2/19/20,AJB,A031-Y 2019-02-03 Boldness Time2 C1 T3,2/3/19,LB,A031-Y,Boldness,Aviary,C1,2,3,38.8,n/a,40,n/a,n/a,n/a,n/a,n/a,n/a,307.6,n/a,n/a,n/a,No Solomon output excel file because not trial 2
2/19/20,AJB,A031-Y 2019-2-1 Boldness Time2 C2 T1,2/1/19,KM,A031-Y,Boldness,Aviary,C2,2,1,12.8,n/a,13.8,n/a,n/a,n/a,n/a,n/a,n/a,313.4,n/a,n/a,n/a,No Solomon output excel file because not trial 2
2/19/20,AJB,A031-Y 2019-2-1 Boldness Time2 C2 T2,2/1/19,KM,A031-Y,Boldness,Aviary,C2,2,2,n/a,n/a,n/a,n/a,n/a,n/a,n/a,623.6,OutOfView,623.6,n/a,n/a,n/a,
2/19/20,AJB,A031-Y 2019-2-1 Boldness Time2 C2 T3,2/1/19,KM,A031-Y,Boldness,Aviary,C2,2,3,23.2,n/a,24.6,n/a,n/a,n/a,n/a,n/a,n/a,369,n/a,n/a,n/a,No Solomon output excel file because not trial 2
2/19/20,AJB,A031-Y 2019-01-31 Boldness Time2 C3 T1,1/31/19,LB,A031-Y,Boldness,Aviary,C3,2,1,14.6,n/a,15.6,n/a,n/a,n/a,n/a,n/a,n/a,314,n/a,n/a,n/a,No Solomon output excel file because not trial 2
2/19/20,AJB,A031-Y 2019-01-31 Boldness Time2 C3 T2,1/31/19,LB,A031-Y,Boldness,Aviary,C3,2,2,n/a,n/a,n/a,n/a,n/a,n/a,n/a,989.4,OutOfView,989.4,n/a,n/a,n/a,
2/19/20,AJB,A031-Y 2019-01-31 Boldness Time2 C3 T3,1/31/19,LB,A031-Y,Boldness,Aviary,C3,2,3,14.2,n/a,15.2,n/a,n/a,n/a,n/a,n/a,n/a,320.4,n/a,n/a,0,No Solomon output excel file because not trial 2
2/22/20,AJB,A035P-2018-12-25 Boldness Time1 C1 T1,12/25/18,CL,A035P-,Boldness,Aviary,C1,1,1,0,n/a,0,n/a,n/a,n/a,n/a,n/a,n/a,21,n/a,n/a,n/a,No Solomon output excel file because not trial 2
2/22/20,AJB,A035P-2018-12-25 Boldness Time1 C1 T2,12/25/18,CL,A035P-,Boldness,Aviary,C1,1,2,659.2,n/a,n/a,n/a,Object,n/a,94.8,659.8,Far,754.4,n/a,n/a,n/a,
2/22/20,AJB,A035P-2018-12-25 Boldness Time1 C1 T3,12/25/18,CL,A035P-,Boldness,Aviary,C1,1,3,0,n/a,0,n/a,n/a,n/a,n/a,n/a,n/a,18.4,n/a,n/a,n/a,No Solomon output excel file because not trial 2
2/22/20,AJB,A035P-2018-12-24 Boldness C2 T1,12/24/18,CL,A035P-,Boldness,Aviary,C2,1,1,2,n/a,6.2,n/a,n/a,n/a,n/a,n/a,n/a,309.4,n/a,n/a,n/a,No Solomon output excel file because not trial 2
2/22/20,AJB,A035P-2018-12-24 Boldness C2 T2,12/24/18,CL,A035P-,Boldness,Aviary,C2,1,2,532.2,n/a,n/a,n/a,Object,n/a,249.2,661,Far,910,n/a,n/a,n/a,
2/22/20,AJB,A035P-2018-12-24 Boldness C2 T3,12/24/18,CL,A035P-,Boldness,Aviary,C2,1,3,1,n/a,2.4,n/a,n/a,n/a,n/a,n/a,n/a,304.6,n/a,n/a,n/a,No Solomon output excel file because not trial 2
2/22/20,AJB,A035P-2018-12-22 Boldness C3 T1,12/22/18,CL,A035P-,Boldness,Aviary,C3,1,1,3.4,n/a,7.8,n/a,n/a,n/a,n/a,n/a,n/a,303.6,n/a,n/a,n/a,No Solomon output excel file because not trial 2
2/22/20,AJB,A035P-2018-12-22 Boldness C3 T2,12/22/18,CL,A035P-,Boldness,Aviary,C3,1,2,n/a,n/a,n/a,n/a,n/a,n/a,n/a,903,OutOfView,903,n/a,n/a,n/a,
2/22/20,AJB,A035P-2018-12-22 Boldness C3 T3,12/22/18,CL,A035P-,Boldness,Aviary,C3,1,3,7.2,n/a,8.8,n/a,n/a,n/a,n/a,n/a,n/a,307.6,n/a,n/a,n/a,No Solomon output excel file because not trial 2
2/22/20,AJB,A035P- 2019-2-8 Boldness Time2 C1 T1,2/8/19,KM,A035P-,Boldness,Aviary,C1,2,1,2.4,n/a,3.8,n/a,n/a,n/a,n/a,n/a,n/a,223.2,n/a,n/a,n/a,No Solomon output excel file because not trial 2
2/22/20,AJB,A035P- 2019-2-8 Boldness Time2 C1 T2,2/8/19,KM,A035P-,Boldness,Aviary,C1,2,2,n/a,n/a,n/a,n/a,n/a,n/a,n/a,639.8,OutOfView,639.8,n/a,n/a,n/a,
2/22/20,AJB,A035P- 2019-2-8 Boldness Time2 C1 T3,2/8/19,KM,A035P-,Boldness,Aviary,C1,2,3,1,n/a,2.6,n/a,n/a,n/a,n/a,n/a,n/a,216.2,n/a,n/a,n/a,No Solomon output excel file because not trial 2
2/22/20,AJB,A035P- 2019-02-10 Boldness Time2 C2 T1,2/10/19,LB,A035P-,Boldness,Aviary,C2,2,1,9.2,n/a,11,n/a,n/a,n/a,n/a,n/a,n/a,305.8,n/a,n/a,n/a,No Solomon output excel file because not trial 2
2/22/20,AJB,A035P- 2019-02-10 Boldness Time2 C2 T2,2/10/19,LB,A035P-,Boldness,Aviary,C2,2,2,28.6,85,85.2,436.4,Food,379.6,258.2,278.2,Touch,915.8,51,"PeckHorz, StandOnTop, GrabHorz, PeckVert, PullVert, PeckUpDown",n/a,"Hard to tell what's going on because 1) the Pigeon is mostly obscured by the metal door frame of the aviary; 2) when the bird stands on the wood platform of the Pigeon, the platform/Pigeon rocks back and forth; and 3) when the bird does touch the Pigeon with his bill, the Pigeon's feathers obscure, at times, what the bird does - motor-actions-wise - with his bill "
2/22/20,AJB,A035P- 2019-02-10 Boldness Time2 C2 T3,2/10/19,LB,A035P-,Boldness,Aviary,C2,2,3,2.6,n/a,4.8,n/a,n/a,n/a,n/a,n/a,n/a,334.4,n/a,n/a,n/a,No Solomon output excel file because not trial 2
2/22/20,AJB,A035P- 2019-2-11 Boldness Time2 C3 T1,2/11/19,KM,A035P-,Boldness,Aviary,C3,2,1,1,n/a,2.6,n/a,n/a,n/a,n/a,n/a,n/a,168.6,n/a,n/a,n/a,No Solomon output excel file because not trial 2
2/22/20,AJB,A035P- 2019-2-11 Boldness Time2 C3 T2,2/11/19,KM,A035P-,Boldness,Aviary,C3,2,2,11,69.2,106.8,69.2,Object,255.2,247.4,205.8,Touch,708.2,n/a,PeckOnTop,n/a,
2/22/20,AJB,A035P- 2019-2-11 Boldness Time2 C3 T3,2/11/19,KM,A035P-,Boldness,Aviary,C3,2,3,1.2,n/a,2,n/a,n/a,n/a,n/a,n/a,n/a,303.6,n/a,n/a,7,No Solomon output excel file because not trial 2
2/23/20,AJB,A036R-2018-12-22 Boldness C1 T1,12/22/18,CL,A036R-,Boldness,Aviary,C1,1,1,5.8,n/a,7.4,n/a,n/a,n/a,n/a,n/a,n/a,297.2,n/a,n/a,n/a,No Solomon output excel file because not trial 2
2/23/20,AJB,A036R-2018-12-22 Boldness C1 T2,12/22/18,CL,A036R-,Boldness,Aviary,C1,1,2,n/a,n/a,n/a,n/a,n/a,n/a,n/a,904.8,OutOfView,904.8,n/a,n/a,n/a,
2/23/20,AJB,A036R-2018-12-22 Boldness C1 T3,12/22/18,CL,A036R-,Boldness,Aviary,C1,1,3,1.8,n/a,7.2,n/a,n/a,n/a,n/a,n/a,n/a,308.6,n/a,n/a,n/a,No Solomon output excel file because not trial 2
2/23/20,AJB,A036R-2018-12-25 Boldness C2 T1,12/25/18,CL,A036R-,Boldness,Aviary,C2,1,1,6.6,n/a,9.2,n/a,n/a,n/a,n/a,n/a,n/a,306.6,n/a,n/a,n/a,No Solomon output excel file because not trial 2
2/23/20,AJB,A036R-2018-12-25 Boldness C2 T2,12/25/18,CL,A036R-,Boldness,Aviary,C2,1,2,695.2,n/a,n/a,n/a,Food,n/a,211,695.2,Far,906,n/a,n/a,n/a,
2/23/20,AJB,A036R-2018-12-25 Boldness C2 T3,12/25/18,CL,A036R-,Boldness,Aviary,C2,1,3,3,n/a,5,n/a,n/a,n/a,n/a,n/a,n/a,304.8,n/a,n/a,n/a,No Solomon output excel file because not trial 2
2/23/20,AJB,A036R-2018-12-24 Boldness C3 T1,12/24/18,CL,A036R-,Boldness,Aviary,C3,1,1,1.4,n/a,3,n/a,n/a,n/a,n/a,n/a,n/a,304.2,n/a,n/a,n/a,No Solomon output excel file because not trial 2
2/23/20,AJB,A036R-2018-12-24 Boldness C3 T2,12/24/18,CL,A036R-,Boldness,Aviary,C3,1,2,n/a,n/a,n/a,n/a,n/a,n/a,n/a,905.6,OutOfView,905.6,n/a,n/a,n/a,
2/23/20,AJB,A036R-2018-12-24 Boldness C3 T3,12/24/18,CL,A036R-,Boldness,Aviary,C3,1,3,6.6,n/a,10,n/a,n/a,n/a,n/a,n/a,n/a,312.2,n/a,n/a,n/a,No Solomon output excel file because not trial 2
2/23/20,AJB,A036R- 2019-2-11 Boldness Time2 C1 T1,2/11/19,KM,A036R-,Boldness,Aviary,C1,2,1,16.2,n/a,17.8,n/a,n/a,n/a,n/a,n/a,n/a,139.2,n/a,n/a,n/a,No Solomon output excel file because not trial 2
2/23/20,AJB,A036R- 2019-2-11 Boldness Time2 C1 T2,2/11/19,KM,A036R-,Boldness,Aviary,C1,2,2,n/a,n/a,n/a,n/a,n/a,n/a,n/a,663.2,OutOfView,663.2,n/a,n/a,n/a,
2/23/20,AJB,A036R- 2019-2-11 Boldness Time2 C1 T3,2/11/19,KM,A036R-,Boldness,Aviary,C1,2,3,17.4,n/a,18.8,n/a,n/a,n/a,n/a,n/a,n/a,277.8,n/a,n/a,n/a,No Solomon output excel file because not trial 2
2/23/20,AJB,A036R- 2019-02-10 Boldness Time2 C2 T1,2/10/19,LB,A036R-,Boldness,Aviary,C2,2,1,4,n/a,5,n/a,n/a,n/a,n/a,n/a,n/a,364.8,n/a,n/a,n/a,No Solomon output excel file because not trial 2
2/23/20,AJB,A036R- 2019-02-10 Boldness Time2 C2 T2,2/10/19,LB,A036R-,Boldness,Aviary,C2,2,2,n/a,n/a,n/a,n/a,n/a,n/a,n/a,947.2,OutOfView,947.2,n/a,n/a,n/a,
2/23/20,AJB,A036R- 2019-02-10 Boldness Time2 C2 T3,2/10/19,LB,A036R-,Boldness,Aviary,C2,2,3,36,n/a,38.6,n/a,n/a,n/a,n/a,n/a,n/a,303,n/a,n/a,n/a,No Solomon output excel file because not trial 2
2/23/20,AJB,A036R- 2019-2-8 Boldness Time2 C3 T1,2/8/19,KM,A036R-,Boldness,Aviary,C3,2,1,2.2,n/a,3.6,n/a,n/a,n/a,n/a,n/a,n/a,151.8,n/a,n/a,n/a,No Solomon output excel file because not trial 2
2/23/20,AJB,A036R- 2019-2-8 Boldness Time2 C3 T2,2/8/19,KM,A036R-,Boldness,Aviary,C3,2,2,n/a,n/a,n/a,n/a,n/a,n/a,n/a,608.6,OutOfView,608.6,n/a,n/a,n/a,
2/23/20,AJB,A036R- 2019-2-8 Boldness Time2 C3 T3,2/8/19,KM,A036R-,Boldness,Aviary,C3,2,3,2,n/a,8.4,n/a,n/a,n/a,n/a,n/a,n/a,185.2,n/a,n/a,0,No Solomon output excel file because not trial 2
2/24/20,AJB,A042GY 2019-1-25 Boldness Time1 C1 T1-3,1/25/19,KM,A042GY,Boldness,Aviary,C1,1,1,12,n/a,14,n/a,n/a,n/a,n/a,n/a,n/a,326.2,n/a,n/a,n/a,No Solomon output excel file because not trial 2
2/24/20,AJB,A042GY 2019-1-25 Boldness Time1 C1 T1-3,1/25/19,KM,A042GY,Boldness,Aviary,C1,1,2,n/a,n/a,n/a,n/a,n/a,n/a,n/a,n/a,OutOfView,981.2,n/a,n/a,n/a,
2/24/20,AJB,A042GY 2019-1-25 Boldness Time1 C1 T1-3,1/25/19,KM,A042GY,Boldness,Aviary,C1,1,3,50,n/a,52.6,n/a,n/a,n/a,n/a,n/a,n/a,324.6,n/a,n/a,n/a,No Solomon output excel file because not trial 2
2/24/20,AJB,A042GY 2019-01-27 Boldness Time1 C2 T1-3,1/27/19,LB,A042GY,Boldness,Aviary,C2,1,1,13.6,n/a,15.4,n/a,n/a,n/a,n/a,n/a,n/a,531.2,n/a,n/a,n/a,Note: no data collected for C2 T2 or C2 T3 because the video recording for this trial stops shortly after Trial 2 begins
2/24/20,AJB,A042GY 2019-01-28 Boldness Time1 C3 T1,1/28/19,LB,A042GY,Boldness,Aviary,C3,1,1,8,n/a,9.6,n/a,n/a,n/a,n/a,n/a,n/a,308.4,n/a,n/a,n/a,No Solomon output excel file because not trial 2
2/24/20,AJB,A042GY 2019-01-28 Boldness Time1 C3 T2,1/28/19,LB,A042GY,Boldness,Aviary,C3,1,2,n/a,n/a,n/a,n/a,n/a,n/a,n/a,923.2,OutOfView,923.2,n/a,n/a,n/a,
2/24/20,AJB,A042GY 2019-01-28 Boldness Time1 C3 T3,1/28/19,LB,A042GY,Boldness,Aviary,C3,1,3,91.6,n/a,96,n/a,n/a,n/a,n/a,n/a,n/a,346,n/a,n/a,n/a,No Solomon output excel file because not trial 2
2/24/20,AJB,A042GY 2019-3-11 Boldness Time2 C1 T1,3/11/19,KM,A042GY,Boldness,Aviary,C1,2,1,1.2,n/a,3.6,n/a,n/a,n/a,n/a,n/a,n/a,303.4,n/a,n/a,n/a,No Solomon output excel file because not trial 2
2/24/20,AJB,A042GY 2019-3-11 Boldness Time2 C1 T2,3/11/19,KM,A042GY,Boldness,Aviary,C1,2,2,n/a,n/a,n/a,n/a,n/a,n/a,n/a,612.6,OutOfView,612.6,n/a,n/a,n/a,
2/24/20,AJB,A042GY 2019-3-11 Boldness Time2 C1 T3,3/11/19,KM,A042GY,Boldness,Aviary,C1,2,3,136.4,n/a,139.8,n/a,n/a,n/a,n/a,n/a,n/a,313.2,n/a,n/a,n/a,No Solomon output excel file because not trial 2
2/24/20,AJB,A042GY 2019-3-10 Boldness Time2 C2 T1 ,3/10/19,KM,A042GY,Boldness,Aviary,C2,2,1,4.4,n/a,11.8,n/a,n/a,n/a,n/a,n/a,n/a,320.8,n/a,n/a,n/a,No Solomon output excel file because not trial 2
2/24/20,AJB,A042GY 2019-3-10 Boldness Time2 C2 T2,3/10/19,KM,A042GY,Boldness,Aviary,C2,2,2,n/a,n/a,n/a,n/a,n/a,n/a,n/a,611.4,OutOfView,611.4,n/a,n/a,n/a,
2/24/20,AJB,A042GY 2019-3-10 Boldness Time2 C2 T3,3/10/19,KM,A042GY,Boldness,Aviary,C2,2,3,31.6,n/a,36.4,n/a,n/a,n/a,n/a,n/a,n/a,306.2,n/a,n/a,n/a,No Solomon output excel file because not trial 2
2/24/20,AJB,A042GY 2019-03-08 Boldness Time2 C3 T1,3/8/19,LB,A042GY,Boldness,Aviary,C3,2,1,21.8,n/a,24.6,n/a,n/a,n/a,n/a,n/a,n/a,314.2,n/a,n/a,n/a,No Solomon output excel file because not trial 2
2/24/20,AJB,A042GY 2019-03-08 Boldness Time2 C3 T2,3/8/19,LB,A042GY,Boldness,Aviary,C3,2,2,n/a,n/a,n/a,n/a,n/a,n/a,n/a,908.4,OutOfView,908.4,n/a,n/a,n/a,
2/24/20,AJB,A042GY 2019-03-08 Boldness Time2 C3 T3,3/8/19,LB,A042GY,Boldness,Aviary,C3,2,3,42.4,n/a,45.6,n/a,n/a,n/a,n/a,n/a,n/a,304.2,n/a,n/a,0,No Solomon output excel file because not trial 2
2/24/20,AJB,A044KS 2019-4-11 Boldness Time1 C1 T1,4/11/19,KM,A044KS,Boldness,Aviary,C1,1,1,29.6,n/a,30.8,n/a,n/a,n/a,n/a,n/a,n/a,463,n/a,n/a,n/a,No Solomon output excel file because not trial 2
2/24/20,AJB,A044KS 2019-4-11 Boldness Time1 C1 T2,4/11/19,KM,A044KS,Boldness,Aviary,C1,1,2,431.8,481.6,486.2,n/a,Food,5.4,173.8,736,Near,915,n/a,n/a,n/a,
2/24/20,AJB,A044KS 2019-4-11 Boldness Time1 C1 T3,4/11/19,KM,A044KS,Boldness,Aviary,C1,1,3,67.8,n/a,68.8,n/a,n/a,n/a,n/a,n/a,n/a,273.8,n/a,n/a,n/a,No Solomon output excel file because not trial 2
2/24/20,AJB,A044KS 2019-04-12 Boldness Time1 C2 S1 T1,4/12/19,LB,A044KS,Boldness,Aviary,C2,1,1,30.8,n/a,34.8,n/a,n/a,n/a,n/a,n/a,n/a,310.6,n/a,n/a,n/a,No Solomon output excel file because not trial 2
2/24/20,AJB,A044KS 2019-04-12 Boldness Time1 C2 S1 T2,4/12/19,LB,A044KS,Boldness,Aviary,C2,1,2,171,182.8,182.8,n/a,Food,n/a,741.4,170.6,Far,911.8,n/a,n/a,n/a,
2/24/20,AJB,A044KS 2019-04-12 Boldness Time1 C2 S1 T3,4/12/19,LB,A044KS,Boldness,Aviary,C2,1,3,222.2,n/a,222.8,n/a,n/a,n/a,n/a,n/a,n/a,309.6,n/a,n/a,n/a,No Solomon output excel file because not trial 2
2/24/20,AJB,A044KS 2019-4-10 Boldness Time1 C3 T1,4/10/19,KM,A044KS,Boldness,Aviary,C3,1,1,111.8,n/a,114,n/a,n/a,n/a,n/a,n/a,n/a,320.8,n/a,n/a,n/a,No Solomon output excel file because not trial 2
2/24/20,AJB,A044KS 2019-4-10 Boldness Time1 C3 T2,4/10/19,KM,A044KS,Boldness,Aviary,C3,1,2,n/a,n/a,n/a,n/a,n/a,n/a,n/a,871.8,OutOfView,871.8,n/a,n/a,n/a,Note: no video fo C3 T3 so no data were able to be collected
4/13/21,AJB,A044KS 2019-4-11 Boldness Time1 C1 T3,4/11/19,KM,A044KS,Boldness,Aviary,C3,1,3,67.8,n/a,68.8,n/a,Object,n/a,n/a,n/a,n/a,273.8,n/a,n/a,n/a,"No video for this trial on Keeper, and no note on this trial in data_individual_differences sheet"
2/24/20,AJB,A044KS 2019-5-23 Boldness Time2 C1 T1,5/23/19,KM,A044KS,Boldness,Aviary,C1,2,1,45.2,n/a,49.2,n/a,n/a,n/a,n/a,n/a,n/a,334,n/a,n/a,n/a,No Solomon output excel file because not trial 2
2/24/20,AJB,A044KS 2019-5-23 Boldness Time2 C1 T2,5/23/19,KM,A044KS,Boldness,Aviary,C1,2,2,548.4,562.4,562.4,n/a,Object,n/a,73.2,828.8,Far,901.8,n/a,n/a,n/a,
2/24/20,AJB,A044KS 2019-5-23 Boldness Time2 C1 T3,5/23/19,KM,A044KS,Boldness,Aviary,C1,2,3,56.6,n/a,63.4,n/a,n/a,n/a,n/a,n/a,n/a,300.8,n/a,n/a,n/a,No Solomon output excel file because not trial 2
2/24/20,AJB,A044KS 2019-5-22 Boldness Time2 C2 T1,5/22/19,KM,A044KS,Boldness,Aviary,C2,2,1,51.4,n/a,67.8,n/a,n/a,n/a,n/a,n/a,n/a,235.8,n/a,n/a,n/a,There is a plastic box in the center of the run; No Solomon output excel file because not trial 2
2/25/20,AJB,A044KS 2019-5-22 Boldness Time2 C2 T2,5/22/19,KM,A044KS,Boldness,Aviary,C2,2,2,n/a,n/a,n/a,n/a,n/a,n/a,n/a,1042.6,OutOfView,1042.6,n/a,n/a,n/a,
2/25/20,AJB,A044KS 2019-5-22 Boldness Time2 C2 T3,5/22/19,KM,A044KS,Boldness,Aviary,C2,2,3,398.4,n/a,411,n/a,n/a,n/a,n/a,n/a,n/a,421.4,n/a,n/a,n/a,There is a plastic box in the center of the run; No Solomon output excel file because not trial 2
2/25/20,AJB,A044KS 2019-05-24 Boldness Time2 C3 T1,5/24/19,LB,A044KS,Boldness,Aviary,C3,2,1,31.8,n/a,33.4,n/a,n/a,n/a,n/a,n/a,n/a,308.6,n/a,n/a,n/a,No Solomon output excel file because not trial 2
2/25/20,AJB,A044KS 2019-05-24 Boldness Time2 C3 T2,5/24/19,LB,A044KS,Boldness,Aviary,C3,2,2,662.2,717.4,717.6,n/a,Food,n/a,183,731.4,Far,914.2,n/a,n/a,n/a,
2/25/20,AJB,A044KS 2019-05-24 Boldness Time2 C3 T3,5/24/19,LB,A044KS,Boldness,Aviary,C3,2,3,69.4,n/a,71.2,n/a,n/a,n/a,n/a,n/a,n/a,309.6,n/a,n/a,0,No Solomon output excel file because not trial 2
3/1/20,AJB,A046NG 2019-5-14 Boldness Time1 C1 T1,5/14/19,KM,A046NG,Boldness,Aviary,C1,1,1,13.6,n/a,17.8,n/a,n/a,n/a,n/a,n/a,n/a,342.6,n/a,n/a,n/a,No Solomon output excel file because not trial 2
3/1/20,AJB,A046NG 2019-5-14 Boldness Time1 C1 T2,5/14/19,KM,A046NG,Boldness,Aviary,C1,1,2,n/a,n/a,n/a,n/a,n/a,n/a,n/a,926.4,OutOfView,926.4,n/a,n/a,n/a,
3/1/20,AJB,A046NG 2019-5-14 Boldness Time1 C1 T3,5/14/19,KM,A046NG,Boldness,Aviary,C1,1,3,291.8,n/a,297.6,n/a,n/a,n/a,n/a,n/a,n/a,343,n/a,n/a,n/a,No Solomon output excel file because not trial 2
3/1/20,AJB,A046NG 2019-5-16 Boldness Time1 C2 T1,5/16/19,KM,A046NG,Boldness,Aviary,C2,1,1,78.4,n/a,94.8,n/a,n/a,n/a,n/a,n/a,n/a,458,n/a,n/a,n/a,There is a box in the middle of the run in this trial; No Solomon output excel file because not trial 2
3/1/20,AJB,A046NG 2019-5-16 Boldness Time1 C2 T2,5/16/19,KM,A046NG,Boldness,Aviary,C2,1,2,99,177.2,178.2,n/a,Food,n/a,350,605.6,Far,955.4,n/a,n/a,n/a,
3/1/20,AJB,A046NG 2019-5-16 Boldness Time1 C2 T3,5/16/19,KM,A046NG,Boldness,Aviary,C2,1,3,21.6,n/a,30.6,n/a,n/a,n/a,n/a,n/a,n/a,306.2,n/a,n/a,n/a,There is a box in the middle of the run in this trial; No Solomon output excel file because not trial 2
3/1/20,AJB,A046NG 2019-5-15 Boldness Time1 C3 T1,5/15/19,KM,A046NG,Boldness,Aviary,C3,1,1,15.4,n/a,22,n/a,n/a,n/a,n/a,n/a,n/a,325.4,n/a,n/a,n/a,No Solomon output excel file because not trial 2
3/1/20,AJB,A046NG 2019-5-15 Boldness Time1 C3 T2,5/15/19,KM,A046NG,Boldness,Aviary,C3,1,2,n/a,n/a,n/a,n/a,n/a,n/a,n/a,903,OutOfView,903,n/a,n/a,n/a,
3/1/20,AJB,A046NG 2019-5-15 Boldness Time1 C3 T3,5/15/19,KM,A046NG,Boldness,Aviary,C3,1,3,36.6,n/a,43.4,n/a,n/a,n/a,n/a,n/a,n/a,325.2,n/a,n/a,n/a,No Solomon output excel file because not trial 2
3/1/20,AJB,A046NG 2019-5-27 Boldness Time2 C1 T1,5/27/19,KM,A046NG,Boldness,Aviary,C1,2,1,14.6,n/a,17.2,n/a,n/a,n/a,n/a,n/a,n/a,267.8,n/a,n/a,n/a,No Solomon output excel file because not trial 2
3/1/20,AJB,A046NG 2019-5-27 Boldness Time2 C1 T2,5/27/19,KM,A046NG,Boldness,Aviary,C1,2,2,n/a,n/a,n/a,n/a,n/a,n/a,n/a,922.8,OutOfView,922.8,n/a,n/a,n/a,
3/1/20,AJB,A046NG 2019-5-27 Boldness Time2 C1 T3,5/27/19,KM,A046NG,Boldness,Aviary,C1,2,3,10.6,n/a,12.6,n/a,n/a,n/a,n/a,n/a,n/a,345,n/a,n/a,n/a,No Solomon output excel file because not trial 2
3/1/20,AJB,A046NG 2019-5-28 Boldness Time2 C2 T1,5/28/19,KM,A046NG,Boldness,Aviary,C2,2,1,15.2,n/a,23.2,n/a,n/a,n/a,n/a,n/a,n/a,290.6,n/a,n/a,n/a,There is a box in the middle of the run in this trial; No Solomon output excel file because not trial 2
3/1/20,AJB,A046NG 2019-5-28 Boldness Time2 C2 T2,5/28/19,KM,A046NG,Boldness,Aviary,C2,2,2,29.6,63.2,63.2,n/a,Food,n/a,114.6,790.8,Far,905.2,n/a,n/a,n/a,
3/1/20,AJB,A046NG 2019-5-28 Boldness Time2 C2 T3,5/28/19,KM,A046NG,Boldness,Aviary,C2,2,3,20.4,n/a,27.4,n/a,n/a,n/a,n/a,n/a,n/a,339.6,n/a,n/a,n/a,There is a box in the middle of the run in this trial; No Solomon output excel file because not trial 2
3/1/20,AJB,A046NG 2019-5-26 Boldness Time2 C3 T1,5/26/19,KM,A046NG,Boldness,Aviary,C3,2,1,24.2,n/a,32.8,n/a,n/a,n/a,n/a,n/a,n/a,170.8,n/a,n/a,n/a,No Solomon output excel file because not trial 2
3/1/20,AJB,A046NG 2019-5-26 Boldness Time2 C3 T2,5/26/19,KM,A046NG,Boldness,Aviary,C3,2,2,n/a,n/a,n/a,n/a,n/a,n/a,n/a,908.6,OutOfView,908.6,n/a,n/a,n/a,
3/1/20,AJB,A046NG 2019-5-26 Boldness Time2 C3 T3,5/26/19,KM,A046NG,Boldness,Aviary,C3,2,3,27.4,n/a,44.2,n/a,n/a,n/a,n/a,n/a,n/a,344.2,n/a,n/a,0,No Solomon output excel file because not trial 2
3/2/20,AJB,A064LR 2019-10-27 Boldness Time1 C1 T1,10/27/19,KM,A064LR,Boldness,Aviary,C1,1,1,2.8,n/a,4.4,n/a,n/a,n/a,n/a,n/a,n/a,313.8,n/a,n/a,n/a,No Solomon output excel file because not trial 2
3/2/20,AJB,A064LR 2019-10-27 Boldness Time1 C1 T2,10/27/19,KM,A064LR,Boldness,Aviary,C1,1,2,668.6,n/a,n/a,n/a,Food,n/a,2.4,901.6,Far,903.8,n/a,n/a,n/a,
3/2/20,AJB,A064LR 2019-10-27 Boldness Time1 C1 T3,10/27/19,KM,A064LR,Boldness,Aviary,C1,1,3,2.8,n/a,4.8,n/a,n/a,n/a,n/a,n/a,n/a,307.6,n/a,n/a,n/a,No Solomon output excel file because not trial 2
3/2/20,AJB,A064LR 2019-10-29 Boldness Time1 C2 T1-T3,10/29/19,MM,A064LR,Boldness,Aviary,C2,1,1,0,n/a,1.2,n/a,n/a,n/a,n/a,n/a,n/a,405.2,n/a,n/a,n/a,No Solomon output excel file because not trial 2
3/2/20,AJB,A064LR 2019-10-29 Boldness Time1 C2 T1-T3,10/29/19,MM,A064LR,Boldness,Aviary,C2,1,2,264.8,n/a,n/a,n/a,Food,n/a,93.4,827.8,Far,921,n/a,n/a,n/a,
3/2/20,AJB,A064LR 2019-10-29 Boldness Time1 C2 T1-T3,10/29/19,MM,A064LR,Boldness,Aviary,C2,1,3,1.4,n/a,6.2,n/a,n/a,n/a,n/a,n/a,n/a,305.8,n/a,n/a,n/a,No Solomon output excel file because not trial 2
3/2/20,AJB,A064LR 2019-10-28 Boldness Time1 C3 T1-T3,10/28/19,MM,A064LR,Boldness,Aviary,C3,1,1,0,n/a,2.8,n/a,n/a,n/a,n/a,n/a,n/a,409.4,n/a,n/a,n/a,No Solomon output excel file because not trial 2
3/2/20,AJB,A064LR 2019-10-28 Boldness Time1 C3 T1-T3,10/28/19,MM,A064LR,Boldness,Aviary,C3,1,2,n/a,n/a,n/a,n/a,n/a,n/a,n/a,928.2,Far,928.2,n/a,n/a,n/a,
3/2/20,AJB,A064LR 2019-10-28 Boldness Time1 C3 T1-T3,10/28/19,MM,A064LR,Boldness,Aviary,C3,1,3,1.8,n/a,4.2,n/a,n/a,n/a,n/a,n/a,n/a,303,n/a,n/a,n/a,No Solomon output excel file because not trial 2
3/2/20,AJB,A064LR 2019-12-10 Boldness Time2 C1 T1,12/10/19,MM,A064LR,Boldness,Aviary,C1,2,1,2.2,n/a,5.4,n/a,n/a,n/a,n/a,n/a,n/a,312.6,n/a,n/a,n/a,No Solomon output excel file because not trial 2
3/2/20,AJB,A064LR 2019-12-10 Boldness Time2 C1 T2,12/10/19,MM,A064LR,Boldness,Aviary,C1,2,2,n/a,n/a,n/a,n/a,n/a,n/a,n/a,1016,OutOfView,1016,n/a,n/a,n/a,
3/2/20,AJB,A064LR 2019-12-10 Boldness Time2 C1 T3,12/10/19,MM,A064LR,Boldness,Aviary,C1,2,3,2.2,n/a,5.4,n/a,n/a,n/a,n/a,n/a,n/a,357.4,n/a,n/a,n/a,No Solomon output excel file because not trial 2
3/2/20,AJB,A064LR 2019-12-9 Boldness Time2 C2 T1,12/9/19,KM,A064LR,Boldness,Aviary,C2,2,1,29,n/a,31.6,n/a,n/a,n/a,n/a,n/a,n/a,306.2,n/a,n/a,n/a,No Solomon output excel file because not trial 2
3/2/20,AJB,A064LR 2019-12-9 Boldness Time2 C2 T2,12/9/19,KM,A064LR,Boldness,Aviary,C2,2,2,n/a,n/a,n/a,n/a,n/a,n/a,n/a,672.8,OutOfView,672.8,n/a,n/a,n/a,
3/2/20,AJB,A064LR 2019-12-9 Boldness Time2 C2 T3,12/9/19,KM,A064LR,Boldness,Aviary,C2,2,3,16.2,n/a,22.2,n/a,n/a,n/a,n/a,n/a,n/a,305.4,n/a,n/a,n/a,No Solomon output excel file because not trial 2
3/2/20,AJB,A064LR 2019-12-11 Boldness Time2 C3 T1,12/11/19,MM,A064LR,Boldness,Aviary,C3,2,1,0.2,n/a,3.2,n/a,n/a,n/a,n/a,n/a,n/a,318.2,n/a,n/a,n/a,No Solomon output excel file because not trial 2
3/2/20,AJB,A064LR 2019-12-11 Boldness Time2 C3 T2,12/11/19,MM,A064LR,Boldness,Aviary,C3,2,2,n/a,n/a,n/a,n/a,n/a,n/a,n/a,918,OutOfView,918,n/a,n/a,n/a,
3/2/20,AJB,A064LR 2019-12-11 Boldness Time2 C3 T3,12/11/19,MM,A064LR,Boldness,Aviary,C3,2,3,0.4,n/a,4,n/a,n/a,n/a,n/a,n/a,n/a,305.8,n/a,n/a,0,No Solomon output excel file because not trial 2
3/3/20,AJB,A068YS 2019-11-21 Boldness Time1 C1 T1,11/21/19,MM,A068YS,Boldness,Aviary,C1,1,1,0.4,n/a,0.6,n/a,n/a,n/a,n/a,n/a,n/a,316.8,n/a,n/a,n/a,No Solomon output excel file because not trial 2
3/3/20,AJB,A068YS 2019-11-21 Boldness Time1 C1 T2,11/21/19,MM,A068YS,Boldness,Aviary,C1,1,2,n/a,n/a,n/a,n/a,n/a,n/a,n/a,903,OutOfView,903,n/a,n/a,n/a,
3/3/20,AJB,A068YS 2019-11-21 Boldness Time1 C1 T3,11/21/19,MM,A068YS,Boldness,Aviary,C1,1,3,0.6,n/a,1.2,n/a,n/a,n/a,n/a,n/a,n/a,403.4,n/a,n/a,n/a,No Solomon output excel file because not trial 2
3/3/20,AJB,A068YS 2019-11-22 Boldness Time1 C2 T1,11/22/19,MM,A068YS,Boldness,Aviary,C2,1,1,25.6,n/a,27.4,n/a,n/a,n/a,n/a,n/a,n/a,373.4,n/a,n/a,n/a,No Solomon output excel file because not trial 2
3/3/20,AJB,A068YS 2019-11-22 Boldness Time1 C2 T2,11/22/19,MM,A068YS,Boldness,Aviary,C2,1,2,n/a,n/a,n/a,n/a,n/a,n/a,n/a,n/a,n/a,934.8,n/a,n/a,n/a,
3/3/20,AJB,A068YS 2019-11-22 Boldness Time1 C2 T3,11/22/19,MM,A068YS,Boldness,Aviary,C2,1,3,0,n/a,0,n/a,n/a,n/a,n/a,n/a,n/a,333.8,n/a,n/a,n/a,No Solomon output excel file because not trial 2
3/3/20,AJB,A068YS 2019-11-24 Boldness Time1 C3 T1,11/24/19,MM,A068YS,Boldness,Aviary,C3,1,1,1.2,n/a,1.8,n/a,n/a,n/a,n/a,n/a,n/a,405,n/a,n/a,n/a,No Solomon output excel file because not trial 2
3/3/20,AJB,A068YS 2019-11-24 Boldness Time1 C3 T2,11/24/19,MM,A068YS,Boldness,Aviary,C3,1,2,836.2,n/a,n/a,n/a,Food,n/a,80.8,942.4,Far,1023,n/a,n/a,n/a,
3/3/20,AJB,A068YS 2019-11-24 Boldness Time1 C3 T3,11/24/19,MM,A068YS,Boldness,Aviary,C3,1,3,0.6,n/a,1,n/a,n/a,n/a,n/a,n/a,n/a,310.2,n/a,n/a,n/a,No Solomon output excel file because not trial 2
3/3/20,AJB,A068YS 2019-12-20 Boldness Time2 C1 T1,12/20/19,MM,A068YS,Boldness,Aviary,C1,2,1,0.4,n/a,2.2,n/a,n/a,n/a,n/a,n/a,n/a,307.4,n/a,n/a,n/a,No Solomon output excel file because not trial 2
3/3/20,AJB,A068YS 2019-12-20 Boldness Time2 C1 T2,12/20/19,MM,A068YS,Boldness,Aviary,C1,2,2,16,n/a,n/a,n/a,n/a,n/a,414.2,502.2,Far,916.2,n/a,n/a,n/a,
3/3/20,AJB,A068YS 2019-12-20 Boldness Time2 C1 T3,12/20/19,MM,A068YS,Boldness,Aviary,C1,2,3,0.4,n/a,1.6,n/a,n/a,n/a,n/a,n/a,n/a,310.4,n/a,n/a,n/a,No Solomon output excel file because not trial 2
3/3/20,AJB,A068YS 2019-12-19 Boldness Time2 C2 T1,12/19/19,MM,A068YS,Boldness,Aviary,C2,2,1,1,n/a,2.2,n/a,n/a,n/a,n/a,n/a,n/a,321.2,n/a,n/a,n/a,No Solomon output excel file because not trial 2
3/3/20,AJB,A068YS 2019-12-19 Boldness Time2 C2 T2,12/19/19,MM,A068YS,Boldness,Aviary,C2,2,2,17.2,214.2,n/a,n/a,Food,10.2,701.6,207.6,Near,919.2,n/a,n/a,n/a,
3/3/20,AJB,A068YS 2019-12-19 Boldness Time2 C2 T3,12/19/19,MM,A068YS,Boldness,Aviary,C2,2,3,0.2,n/a,1,n/a,n/a,n/a,n/a,n/a,n/a,308,n/a,n/a,n/a,No Solomon output excel file because not trial 2
3/3/20,AJB,A068YS 2019-12-18 Boldness Time2 C3 T1,12/18/19,MM,A068YS,Boldness,Aviary,C3,2,1,0.2,n/a,1,n/a,n/a,n/a,n/a,n/a,n/a,319.2,n/a,n/a,n/a,No Solomon output excel file because not trial 2
3/3/20,AJB,A068YS 2019-12-18 Boldness Time2 C3 T2,12/18/19,MM,A068YS,Boldness,Aviary,C3,2,2,27.2,n/a,n/a,n/a,Food,n/a,14.8,899.4,,914,n/a,n/a,n/a,
3/3/20,AJB,A068YS 2019-12-18 Boldness Time2 C3 T3,12/18/19,MM,A068YS,Boldness,Aviary,C3,2,3,2.8,n/a,3.6,n/a,n/a,n/a,n/a,n/a,n/a,305.4,n/a,n/a,0,No Solomon output excel file because not trial 2
3/4/20,AJB,A070KP 2019-10-13 Boldness Time1 C1 T1,10/13/19,KM,A070KP,Boldness,Aviary,C1,1,1,2,n/a,6.8,n/a,n/a,n/a,n/a,n/a,n/a,309.2,n/a,n/a,n/a,No Solomon output excel file because not trial 2
3/4/20,AJB,A070KP 2019-10-13 Boldness Time1 C1 T2,10/13/19,KM,A070KP,Boldness,Aviary,C1,1,2,n/a,n/a,n/a,n/a,n/a,n/a,n/a,900.8,OutOfView,900.8,n/a,n/a,n/a,
3/4/20,AJB,A070KP 2019-10-13 Boldness Time1 C1 T3,10/13/19,KM,A070KP,Boldness,Aviary,C1,1,3,0,n/a,2.4,n/a,n/a,n/a,n/a,n/a,n/a,300.4,n/a,n/a,n/a,No Solomon output excel file because not trial 2
3/4/20,AJB,A070KP 2019-10-11 Boldness Time1 C2 T1-T3,10/11/19,MM,A070KP,Boldness,Aviary,C2,1,1,0,n/a,0,n/a,n/a,n/a,n/a,n/a,n/a,312.2,n/a,n/a,n/a,No Solomon output excel file because not trial 2
3/4/20,AJB,A070KP 2019-10-11 Boldness Time1 C2 T1-T3,10/11/19,MM,A070KP,Boldness,Aviary,C2,1,2,n/a,n/a,n/a,n/a,n/a,n/a,1,911.2,Far,912,n/a,n/a,n/a,
3/4/20,AJB,A070KP 2019-10-11 Boldness Time1 C2 T1-T3,10/11/19,MM,A070KP,Boldness,Aviary,C2,1,3,12.8,n/a,15.4,n/a,n/a,n/a,n/a,n/a,n/a,311,n/a,n/a,n/a,No Solomon output excel file because not trial 2
3/4/20,AJB,A070KP 2019-10-14 Boldness Time1 C3 T1-T3,10/14/19,MM,A070KP,Boldness,Aviary,C3,1,1,0.8,n/a,4.2,n/a,n/a,n/a,n/a,n/a,n/a,329.8,n/a,n/a,n/a,No Solomon output excel file because not trial 2
3/4/20,AJB,A070KP 2019-10-14 Boldness Time1 C3 T1-T3,10/14/19,MM,A070KP,Boldness,Aviary,C3,1,2,n/a,n/a,n/a,n/a,n/a,n/a,n/a,923.2,OutOfView,923.2,n/a,n/a,n/a,
3/4/20,AJB,A070KP 2019-10-14 Boldness Time1 C3 T1-T3,10/14/19,MM,A070KP,Boldness,Aviary,C3,1,3,77.8,n/a,81.4,n/a,n/a,n/a,n/a,n/a,n/a,333.8,n/a,n/a,n/a,No Solomon output excel file because not trial 2
3/4/20,AJB,A070KP 2019-11-19 Boldness Time2 C1 T1,11/19/19,MM,A070KP,Boldness,Aviary,C1,2,1,0,n/a,0,n/a,n/a,n/a,n/a,n/a,n/a,354.6,n/a,n/a,n/a,No Solomon output excel file because not trial 2
3/4/20,AJB,A070KP 2019-11-19 Boldness Time2 C1 T2,11/19/19,MM,A070KP,Boldness,Aviary,C1,2,2,n/a,n/a,n/a,n/a,n/a,n/a,n/a,916.2,OutOfView,916.2,n/a,n/a,n/a,
3/4/20,AJB,A070KP 2019-11-19 Boldness Time2 C1 T3,11/19/19,MM,A070KP,Boldness,Aviary,C1,2,3,15,n/a,18.6,n/a,n/a,n/a,n/a,n/a,n/a,311.2,n/a,n/a,n/a,No Solomon output excel file because not trial 2
3/4/20,AJB,A070KP 2019-11-18 Boldness Time2 C2 T1,11/18/19,MM,A070KP,Boldness,Aviary,C2,2,1,8.6,n/a,10.6,n/a,n/a,n/a,n/a,n/a,n/a,319.4,n/a,n/a,n/a,No Solomon output excel file because not trial 2
3/4/20,AJB,A070KP 2019-11-18 Boldness Time2 C2 T2,11/18/19,MM,A070KP,Boldness,Aviary,C2,2,2,n/a,n/a,n/a,n/a,n/a,n/a,n/a,913,OutOfView,913,n/a,n/a,n/a,
3/4/20,AJB,A070KP 2019-11-18 Boldness Time2 C2 T3,11/18/19,MM,A070KP,Boldness,Aviary,C2,2,3,84,n/a,87.2,n/a,n/a,n/a,n/a,n/a,n/a,310.8,n/a,n/a,n/a,No Solomon output excel file because not trial 2
3/4/20,AJB,A070KP 2019-11-20 Boldness Time2 C3 T1,11/20/19,MM,A070KP,Boldness,Aviary,C3,2,1,6.8,n/a,8.6,n/a,n/a,n/a,n/a,n/a,n/a,330.2,n/a,n/a,n/a,No Solomon output excel file because not trial 2
3/4/20,AJB,A070KP 2019-11-20 Boldness Time2 C3 T2,11/20/19,MM,A070KP,Boldness,Aviary,C3,2,2,n/a,n/a,n/a,n/a,n/a,n/a,n/a,927,OutOfView,927,n/a,n/a,n/a,
3/4/20,AJB,A070KP 2019-11-20 Boldness Time2 C3 T3,11/20/19,MM,A070KP,Boldness,Aviary,C3,2,3,7.4,n/a,9.8,n/a,n/a,n/a,n/a,n/a,n/a,314,n/a,n/a,0,No Solomon output excel file because not trial 2
3/8/20,AJB,A073OL 2019-10-28 Boldness Time1 C1 T1-T3,10/28/19,MM,A073OL,Boldness,Aviary,C1,1,1,0,n/a,0,n/a,n/a,n/a,n/a,n/a,n/a,421.4,n/a,n/a,n/a,No Solomon output excel file because not trial 2
3/8/20,AJB,A073OL 2019-10-28 Boldness Time1 C1 T1-T3,10/28/19,MM,A073OL,Boldness,Aviary,C1,1,2,n/a,n/a,n/a,n/a,n/a,n/a,n/a,935.2,OutOfView,935.2,n/a,n/a,n/a,
3/8/20,AJB,A073OL 2019-10-28 Boldness Time1 C1 T1-T3,10/28/19,MM,A073OL,Boldness,Aviary,C1,1,3,2.8,n/a,7.4,n/a,n/a,n/a,n/a,n/a,n/a,315.8,n/a,n/a,n/a,No Solomon output excel file because not trial 2
3/8/20,AJB,A073OL 2019-10-29 Boldness Time1 C2 T1-T3,10/29/19,MM,A073OL,Boldness,Aviary,C2,1,1,1.4,n/a,2.8,n/a,n/a,n/a,n/a,n/a,n/a,408.2,n/a,n/a,n/a,No Solomon output excel file because not trial 2
3/8/20,AJB,A073OL 2019-10-29 Boldness Time1 C2 T1-T3,10/29/19,MM,A073OL,Boldness,Aviary,C2,1,2,n/a,n/a,n/a,n/a,n/a,n/a,n/a,917.8,OutOfView,917.8,n/a,n/a,n/a,
3/8/20,AJB,A073OL 2019-10-29 Boldness Time1 C2 T1-T3,10/29/19,MM,A073OL,Boldness,Aviary,C2,1,3,3.4,n/a,10.6,n/a,n/a,n/a,n/a,n/a,n/a,307.2,n/a,n/a,n/a,No Solomon output excel file because not trial 2
3/8/20,AJB,A073OL 2019-10-30 Boldness Time1 C3 T1-T3,10/30/19,MM,A073OL,Boldness,Aviary,C3,1,1,0,n/a,0.8,n/a,n/a,n/a,n/a,n/a,n/a,398,n/a,n/a,n/a,No Solomon output excel file because not trial 2
3/8/20,AJB,A073OL 2019-10-30 Boldness Time1 C3 T1-T3,10/30/19,MM,A073OL,Boldness,Aviary,C3,1,2,n/a,n/a,n/a,n/a,n/a,n/a,n/a,921.2,OutOfView,921.2,n/a,n/a,n/a,
3/8/20,AJB,A073OL 2019-10-30 Boldness Time1 C3 T1-T3,10/30/19,MM,A073OL,Boldness,Aviary,C3,1,3,0,n/a,0,n/a,n/a,n/a,n/a,n/a,n/a,1794.8,n/a,n/a,n/a,No Solomon output excel file because not trial 2
3/8/20,AJB,A073OL 2019-12-03 Boldness Time2 C1 T1,12/3/19,MM,A073OL,Boldness,Aviary,C1,2,1,0.01,n/a,0.01,n/a,n/a,n/a,n/a,n/a,n/a,357.8,n/a,n/a,n/a,No Solomon output excel file because not trial 2
3/8/20,AJB,A073OL 2019-12-03 Boldness Time2 C1 T2,12/3/19,MM,A073OL,Boldness,Aviary,C1,2,2,8.6,n/a,n/a,n/a,n/a,n/a,67.2,839.4,Far,906.4,n/a,n/a,n/a,
3/8/20,AJB,A073OL 2019-12-03 Boldness Time2 C1 T3,12/3/19,MM,A073OL,Boldness,Aviary,C1,2,3,0,n/a,0,n/a,n/a,n/a,n/a,n/a,n/a,329,n/a,n/a,n/a,No Solomon output excel file because not trial 2
3/8/20,AJB,A073OL 2019-12-02 Boldness Time2 C2 T1,12/2/19,MM,A073OL,Boldness,Aviary,C2,2,1,0,n/a,0,n/a,n/a,n/a,n/a,n/a,n/a,351.8,n/a,n/a,n/a,No Solomon output excel file because not trial 2
3/8/20,AJB,A073OL 2019-12-02 Boldness Time2 C2 T2,12/2/19,MM,A073OL,Boldness,Aviary,C2,2,2,0.2,78,191.2,106.4,Object,64.2,716.4,141,Touch,921.6,6,"PeckHorz, PeckVert",n/a,
3/8/20,AJB,A073OL 2019-12-02 Boldness Time2 C2 T3,12/2/19,MM,A073OL,Boldness,Aviary,C2,2,3,0.4,n/a,1.2,n/a,n/a,n/a,n/a,n/a,n/a,346.8,n/a,n/a,n/a,No Solomon output excel file because not trial 2
3/8/20,AJB,A073OL 2019-12-1 Boldness Time2 C3 T1,12/1/19,KM,A073OL,Boldness,Aviary,C3,2,1,0,n/a,0.2,n/a,n/a,n/a,n/a,n/a,n/a,301.4,n/a,n/a,n/a,No Solomon output excel file because not trial 2
3/8/20,AJB,A073OL 2019-12-1 Boldness Time2 C3 T2,12/1/19,KM,A073OL,Boldness,Aviary,C3,2,2,19,37,37,352.8,Object,152.6,409.4,37.8,Touch,599.4,9,"PullHorz, GrabHorz, PushHorz, PullVert",n/a,
3/8/20,AJB,A073OL 2019-12-1 Boldness Time2 C3 T3,12/1/19,KM,A073OL,Boldness,Aviary,C3,2,3,0,n/a,0,n/a,n/a,n/a,n/a,n/a,n/a,324.8,n/a,n/a,6,No Solomon output excel file because not trial 2
3/10/21,AJB,A075Y- 2019-11-26 Boldness Time1 C1 T1 (C listed wrong on whiteboard),11/26/19,MM,A075Y-,Boldness,Aviary,C1,1,1,1.2,n/a,1.4,n/a,n/a,n/a,n/a,n/a,n/a,333.4,n/a,n/a,n/a,No Solomon output excel file because not trial 2
3/10/21,AJB,A075Y- 2019-11-26 Boldness Time1 C1 T2,11/26/19,MM,A075Y-,Boldness,Aviary,C1,1,2,n/a,n/a,n/a,n/a,n/a,n/a,n/a,917.8,OutOfView,917.8,n/a,n/a,n/a,
3/10/21,AJB,A075Y- 2019-11-26 Boldness Time1 C1 T3,11/26/19,MM,A075Y-,Boldness,Aviary,C1,1,3,3.6,n/a,4.4,n/a,n/a,n/a,n/a,n/a,n/a,303.8,n/a,n/a,n/a,No Solomon output excel file because not trial 2
3/10/21,AJB,A075Y- 2019-11-24 Boldness Time1 C2 T1,11/24/19,MM,A075Y-,Boldness,Aviary,C2,1,1,0,n/a,0,n/a,n/a,n/a,n/a,n/a,n/a,352.4,n/a,n/a,n/a,No Solomon output excel file because not trial 2
3/10/21,AJB,A075Y- 2019-11-24 Boldness Time1 C2 T2,11/24/19,MM,A075Y-,Boldness,Aviary,C2,1,2,41.4,313.14,313.8,360.2,Object,10.2,604,296.2,Touch,910.2,5,PeckHorz,n/a,
3/10/21,AJB,A075Y- 2019-11-24 Boldness Time1 C2 T3,11/24/19,MM,A075Y-,Boldness,Aviary,C2,1,3,1,n/a,1.2,n/a,n/a,n/a,n/a,n/a,n/a,475.4,n/a,n/a,n/a,No Solomon output excel file because not trial 2
3/10/21,AJB,A075Y- 2019-11-25 Boldness Time1 C3 T1,11/25/19,MM,A075Y-,Boldness,Aviary,C3,1,1,0,n/a,0,n/a,n/a,n/a,n/a,n/a,n/a,379.8,n/a,n/a,n/a,No Solomon output excel file because not trial 2
3/10/21,AJB,A075Y- 2019-22-25 Boldness Time1 C3 T2,11/25/19,MM,A075Y-,Boldness,Aviary,C3,1,2,346,n/a,n/a,n/a,Food,n/a,152.8,762.4,Far,915,n/a,n/a,n/a,
3/10/21,AJB,A075Y- 2019-11-25 Boldness Time1 C3 T3,11/25/19,MM,A075Y-,Boldness,Aviary,C3,1,3,1,n/a,1.2,n/a,n/a,n/a,n/a,n/a,n/a,310,n/a,n/a,n/a,No Solomon output excel file because not trial 2
3/10/21,AJB,A075Y- 2020-1-5 Boldness Time2 C1 T1,1/5/20,KM,A075Y-,Boldness,Aviary,C1,2,1,59.6,n/a,62.4,n/a,n/a,n/a,n/a,n/a,n/a,309.8,n/a,n/a,n/a,No Solomon output excel file because not trial 2
3/10/21,AJB,A075Y- 2020-1-5 Boldness Time2 C1 T2,1/5/20,KM,A075Y-,Boldness,Aviary,C1,2,2,n/a,n/a,n/a,n/a,n/a,n/a,n/a,943.8,OutOfView,943.8,n/a,n/a,n/a,
3/10/21,AJB,A075Y- 2020-1-5 Boldness Time2 C1 T3,1/5/20,KM,A075Y-,Boldness,Aviary,C1,2,3,130.4,n/a,131.8,n/a,n/a,n/a,n/a,n/a,n/a,336.2,n/a,n/a,n/a,No Solomon output excel file because not trial 2
3/10/21,AJB,A075Y- 2020-01-06 Boldness Time2 C2 T1,1/6/20,MM,A075Y-,Boldness,Aviary,C2,2,1,105,n/a,107.6,n/a,n/a,n/a,n/a,n/a,n/a,339.2,n/a,n/a,n/a,No Solomon output excel file because not trial 2
3/10/21,AJB,A075Y- 2020-01-06 Boldness TIme2 C2 T2,1/6/20,MM,A075Y-,Boldness,Aviary,C2,2,2,n/a,n/a,n/a,n/a,n/a,n/a,n/a,914.4,OutOfView,914.4,n/a,n/a,n/a,
3/10/21,AJB,A075Y- 2020-01-06 Boldness Time2 C2 T3,1/6/20,MM,A075Y-,Boldness,Aviary,C2,2,3,168.4,n/a,176.4,n/a,n/a,n/a,n/a,n/a,n/a,303.8,n/a,n/a,n/a,No Solomon output excel file because not trial 2
3/10/21,AJB,A075Y- 2020-01-07 Boldness Time2 C3 T1,1/7/20,MM,A075Y-,Boldness,Aviary,C3,2,1,4.6,n/a,11.6,n/a,n/a,n/a,n/a,n/a,n/a,324.4,n/a,n/a,n/a,No Solomon output excel file because not trial 2
3/10/21,AJB,A075Y- 2020-01-07 Boldness Time2 C3 T2,1/7/20,MM,A075Y-,Boldness,Aviary,C3,2,2,n/a,n/a,n/a,n/a,n/a,n/a,n/a,916.6,OutOfView,916.6,n/a,n/a,n/a,
3/10/21,AJB,A075Y- 2020-01-07 Boldness Time2 C3 T3,1/7/20,MM,A075Y-,Boldness,Aviary,C3,2,3,40.2,n/a,41.2,n/a,n/a,n/a,n/a,n/a,n/a,322.6,n/a,n/a,1,No Solomon output excel file because not trial 2
3/11/21,AJB,A086GB 2019-12-06 Boldness Time1 C1 T1,12/6/19,MM,A086GB,Boldness,Aviary,C1,1,1,0,n/a,0,n/a,n/a,n/a,n/a,n/a,n/a,334.4,n/a,n/a,n/a,No Solomon output excel file because not trial 2
3/11/21,AJB,A086GB 2019-12-06 Boldness Time1 C1 T2,12/6/19,MM,A086GB,Boldness,Aviary,C1,1,2,n/a,n/a,n/a,n/a,n/a,n/a,n/a,912,OutOfView,912,n/a,n/a,n/a,
3/11/21,AJB,A086GB 2019-12-06 Boldness Time1 C1 T3,12/6/19,MM,A086GB,Boldness,Aviary,C1,1,3,9.4,n/a,12.4,n/a,n/a,n/a,n/a,n/a,n/a,335.8,n/a,n/a,n/a,No Solomon output excel file because not trial 2
3/11/21,AJB,A086GB 2019-12-04 Boldness Time1 C2 T1,12/4/19,MM,A086GB,Boldness,Aviary,C2,1,1,0,n/a,0,n/a,n/a,n/a,n/a,n/a,n/a,341.8,n/a,n/a,n/a,No Solomon output excel file because not trial 2
3/11/21,AJB,A086GB 2019-12-04 Boldness Time1 C2 T2,12/4/19,MM,A086GB,Boldness,Aviary,C2,1,2,n/a,n/a,n/a,n/a,n/a,n/a,n/a,917,OutOfView,917,n/a,n/a,n/a,
3/11/21,AJB,A086GB 2019-12-04 Boldness Time1 C2 T3,12/4/19,MM,A086GB,Boldness,Aviary,C2,1,3,0,n/a,0,n/a,n/a,n/a,n/a,n/a,n/a,331.2,n/a,n/a,n/a,No Solomon output excel file because not trial 2
3/11/21,AJB,A086GB 2019-12-05 Boldness Time1 C3 T1,12/5/19,MM,A086GB,Boldness,Aviary,C3,1,1,0,n/a,0,n/a,n/a,n/a,n/a,n/a,n/a,347.8,n/a,n/a,n/a,No Solomon output excel file because not trial 2
3/11/21,AJB,A086GB 2019-12-05 Boldness Time1 C3 T2,12/5/19,MM,A086GB,Boldness,Aviary,C3,1,2,722.2,n/a,n/a,n/a,Object,n/a,22.8,903.6,Far,926.2,n/a,n/a,n/a,
3/11/21,AJB,A086GB 2019-12-05 Boldness Time1 C3 T3,12/5/19,MM,A086GB,Boldness,Aviary,C3,1,3,0,n/a,0,n/a,n/a,n/a,n/a,n/a,n/a,357.8,n/a,n/a,n/a,No Solomon output excel file because not trial 2
3/11/21,AJB,A086GB 2019-12-31 Boldness Time2 C1 T1,12/31/19,MM,A086GB,Boldness,Aviary,C1,2,1,1.2,n/a,2.2,n/a,n/a,n/a,n/a,n/a,n/a,316.6,n/a,n/a,n/a,No Solomon output excel file because not trial 2
3/11/21,AJB,A086GB 2019-12-31 Boldness Time2 C1 T2,12/31/19,MM,A086GB,Boldness,Aviary,C1,2,2,n/a,n/a,n/a,n/a,n/a,n/a,n/a,917.4,OutOfView,917.4,n/a,n/a,n/a,
3/11/21,AJB,A086GB 2019-12-31 Boldness Time 2 C1 T3,12/31/19,MM,A086GB,Boldness,Aviary,C1,2,3,5.4,n/a,7,n/a,n/a,n/a,n/a,n/a,n/a,317.2,n/a,n/a,n/a,No Solomon output excel file because not trial 2
3/11/21,AJB,A086GB 2019-12-30 Boldness Time2 C2 T1,12/30/19,MM,A086GB,Boldness,Aviary,C2,2,1,0,n/a,0.4,n/a,n/a,n/a,n/a,n/a,n/a,317.8,n/a,n/a,n/a,No Solomon output excel file because not trial 2
3/11/21,AJB,A086GB 2019-12-30 Boldness Time2 C2 T2,12/30/19,MM,A086GB,Boldness,Aviary,C2,2,2,n/a,n/a,n/a,n/a,n/a,n/a,n/a,929,OutOfView,929,n/a,n/a,n/a,
3/11/21,AJB,A086GB 2019-12-30 Boldness Time2 C2 T3,12/30/19,MM,A086GB,Boldness,Aviary,C2,2,3,0,n/a,0,n/a,n/a,n/a,n/a,n/a,n/a,324.2,n/a,n/a,n/a,No Solomon output excel file because not trial 2
3/11/21,AJB,A086GB 2019-12-29 Boldness Time2 C3 T1,12/29/19,MM,A086GB,Boldness,Aviary,C3,2,1,1,n/a,2.8,n/a,n/a,n/a,n/a,n/a,n/a,333.8,n/a,n/a,n/a,No Solomon output excel file because not trial 2
3/11/21,AJB,A086GB 2019-12-29 Boldness Time2 C3 T2,12/29/19,MM,A086GB,Boldness,Aviary,C3,2,2,249.4,n/a,n/a,n/a,Object,n/a,33.6,873.2,Far,906.6,n/a,n/a,n/a,
3/11/21,AJB,A086GB 2019-12-29 Boldness Time2 C3 T3,12/29/19,MM,A086GB,Boldness,Aviary,C3,2,3,1.2,n/a,2.8,n/a,n/a,n/a,n/a,n/a,n/a,310.8,n/a,n/a,0,No Solomon output excel file because not trial 2
3/12/21,AJB,A087AG 2019-12-17 Boldness Time1 C1 T1,12/17/19,MM,A087AG,Boldness,Aviary,C1,1,1,1.2,n/a,3,n/a,n/a,n/a,n/a,n/a,n/a,327.8,n/a,n/a,n/a,No Solomon output excel file because not trial 2
3/12/21,AJB,A087AG 2019-12-17 Boldness Time1 C1 T2,12/17/19,MM,A087AG,Boldness,Aviary,C1,1,2,739.8,n/a,n/a,n/a,Object,n/a,66.4,847.2,Far,913.4,n/a,n/a,n/a,
3/12/21,AJB,A087AG 2019-12-17 Boldness Time1 C1 T3,12/17/19,MM,A087AG,Boldness,Aviary,C1,1,3,0.8,n/a,2.8,n/a,n/a,n/a,n/a,n/a,n/a,307.8,n/a,n/a,n/a,No Solomon output excel file because not trial 2
3/12/21,AJB,A087AG 2019-12-15 Boldness Time1 C2 T1,12/15/19,KM,A087AG,Boldness,Aviary,C2,1,1,2.4,n/a,4.8,n/a,n/a,n/a,n/a,n/a,n/a,302.8,n/a,n/a,n/a,No Solomon output excel file because not trial 2
3/12/21,AJB,A087AG 2019-12-15 Boldness Time1 C2 T2,12/15/19,KM,A087AG,Boldness,Aviary,C2,1,2,n/a,n/a,n/a,n/a,n/a,n/a,n/a,912.6,OutOfView,912.6,n/a,n/a,n/a,
3/12/21,AJB,A087AG 2019-12-15 Boldness Time1 C2 T3,12/15/19,KM,A087AG,Boldness,Aviary,C2,1,3,12,n/a,13.8,n/a,n/a,n/a,n/a,n/a,n/a,326.2,n/a,n/a,n/a,No Solomon output excel file because not trial 2
3/12/21,AJB,A087AG 2019-12-16 Boldness Time1 C3 T1,12/16/19,MM,A087AG,Boldness,Aviary,C3,1,1,0,n/a,1,n/a,n/a,n/a,n/a,n/a,n/a,349.2,n/a,n/a,n/a,No Solomon output excel file because not trial 2
3/12/21,AJB,A087AG 2019-12-16 Boldness Time1 C3 T2,12/16/19,MM,A087AG,Boldness,Aviary,C3,1,2,n/a,n/a,n/a,n/a,n/a,n/a,n/a,1072,OutOfView,1072,n/a,n/a,n/a,
3/12/21,AJB,A087AG 2019-12-16 Boldness Time1 C3 T3,12/16/19,MM,A087AG,Boldness,Aviary,C3,1,3,1.6,n/a,3,n/a,n/a,n/a,n/a,n/a,n/a,459,n/a,n/a,n/a,No Solomon output excel file because not trial 2
3/12/21,AJB,A087AG 2020-1-19 Boldness Time2 C1 T1,1/19/20,KM,A087AG,Boldness,Aviary,C1,2,1,1,n/a,4,n/a,n/a,n/a,n/a,n/a,n/a,300,n/a,n/a,n/a,No Solomon output excel file because not trial 2
3/12/21,AJB,A087AG 2020-1-19 Boldness Time2 C1 T2,1/19/20,KM,A087AG,Boldness,Aviary,C1,2,2,227.8,632.2,632.2,n/a,Food,n/a,307,593.2,Far,900,n/a,n/a,n/a,
3/12/21,AJB,A087AG 2020-1-19 Boldness Time2 C1 T3,1/19/20,KM,A087AG,Boldness,Aviary,C1,2,3,1,n/a,4,n/a,n/a,n/a,n/a,n/a,n/a,306.8,n/a,n/a,n/a,No Solomon output excel file because not trial 2
3/12/21,AJB,A087AG 2020-01-20 Boldness Time2 C2 T1,1/20/20,MM,A087AG,Boldness,Aviary,C2,2,1,17.2,n/a,19.8,n/a,n/a,n/a,n/a,n/a,n/a,327,n/a,n/a,n/a,No Solomon output excel file because not trial 2
3/12/21,AJB,A087AG 2020-01-20 Boldness Time2 C2 T2,1/20/20,MM,A087AG,Boldness,Aviary,C2,2,2,n/a,n/a,n/a,n/a,n/a,n/a,n/a,915,OutOfView,915,n/a,n/a,n/a,
3/12/21,AJB,A087AG 2020-01-20 Boldness Time2 C2 T3,1/20/20,MM,A087AG,Boldness,Aviary,C2,2,3,7.4,n/a,10.4,n/a,n/a,n/a,n/a,n/a,n/a,331.8,n/a,n/a,n/a,No Solomon output excel file because not trial 2
3/12/21,AJB,A087AG 2020-01-17 Boldness Time2 C3 T1,1/27/20,MM,A087AG,Boldness,Aviary,C3,2,1,0,n/a,1.6,n/a,n/a,n/a,n/a,n/a,n/a,352.6,n/a,n/a,n/a,No Solomon output excel file because not trial 2
3/12/21,AJB,A087AG 2020-01-17 Boldness Time2 C3 T2,1/27/20,MM,A087AG,Boldness,Aviary,C3,2,2,n/a,n/a,n/a,n/a,n/a,n/a,n/a,920.6,OutOfView,920.6,n/a,n/a,n/a,
3/12/21,AJB,A087AG 2020-01-17 Boldness Time2 C3 T3,1/27/20,MM,A087AG,Boldness,Aviary,C3,2,3,98.4,n/a,101.2,n/a,n/a,n/a,n/a,n/a,n/a,333.8,n/a,n/a,0,No Solomon output excel file because not trial 2
3/15/21,AJB,A088YR 2020-03-04 Boldness Time1 C1 T1,3/4/20,MM,A088YR,Boldness,Aviary,C1,1,1,57.6,n/a,59.2,n/a,n/a,n/a,n/a,n/a,n/a,328,n/a,n/a,n/a,No Solomon output excel file because not trial 2
3/15/21,AJB,A088YR 2020-03-04 Boldness Time1 C1 T2,3/4/20,MM,A088YR,Boldness,Aviary,C1,1,2,143.4,n/a,n/a,n/a,n/a,n/a,418.4,496.8,Far,915,n/a,n/a,n/a,
3/15/21,AJB,A088YR 2020-03-04 Boldness Time1 C1 T3,3/4/20,MM,A088YR,Boldness,Aviary,C1,1,3,3.4,n/a,4.4,n/a,n/a,n/a,n/a,n/a,n/a,307,n/a,n/a,n/a,No Solomon output excel file because not trial 2
3/15/21,AJB,A088YR 2020-03-03 Boldness Time1 C2 T1,3/3/20,MM,A088YR,Boldness,Aviary,C2,1,1,44.2,n/a,45,n/a,n/a,n/a,n/a,n/a,n/a,379,n/a,n/a,n/a,No Solomon output excel file because not trial 2
3/15/21,AJB,A088YR 2020-03-03 Boldness Time1 C2 T2,3/3/20,MM,A088YR,Boldness,Aviary,C2,1,2,n/a,n/a,n/a,n/a,n/a,n/a,n/a,924,OutOfView,924,n/a,n/a,n/a,
3/15/21,AJB,A088YR 2020-03-03 Boldness Time1 C2 T3,3/3/20,MM,A088YR,Boldness,Aviary,C2,1,3,89,n/a,91.2,n/a,n/a,n/a,n/a,n/a,n/a,314.2,n/a,n/a,n/a,No Solomon output excel file because not trial 2
3/15/21,AJB,A088YR 2020-03-05 Boldness Time1 C3 T1,3/5/20,MM,A088YR,Boldness,Aviary,C3,1,1,62.2,n/a,63.2,n/a,n/a,n/a,n/a,n/a,n/a,316.8,n/a,n/a,n/a,No Solomon output excel file because not trial 2
3/15/21,AJB,A088YR 2020-03-05 Boldness Time1 C3 T2,3/5/20,MM,A088YR,Boldness,Aviary,C3,1,2,n/a,n/a,n/a,n/a,n/a,n/a,n/a,917,OutOfView,917,n/a,n/a,n/a,
3/15/21,AJB,A088YR 2020-03-05 Boldness Time1 C3 T3,3/5/20,MM,A088YR,Boldness,Aviary,C3,1,3,50,n/a,51,n/a,n/a,n/a,n/a,n/a,n/a,315.4,n/a,n/a,n/a,No Solomon output excel file because not trial 2
3/15/21,AJB,A088YR 2020-04-20 Boldness Time2 C1 T1,4/20/20,MM,A088YR,Boldness,Aviary,C1,2,1,13,n/a,13.8,n/a,n/a,n/a,n/a,n/a,n/a,311.6,n/a,n/a,n/a,No Solomon output excel file because not trial 2
3/15/21,AJB,A088YR 2020-04-20 Boldness Time2 C1 T2,4/20/20,MM,A088YR,Boldness,Aviary,C1,2,2,n/a,n/a,n/a,n/a,n/a,n/a,n/a,910.2,OutOfView,910.2,n/a,n/a,n/a,
3/15/21,AJB,A088YR 2020-04-20 Boldness Time2 C1 T3,4/20/20,MM,A088YR,Boldness,Aviary,C1,2,3,4.6,n/a,5.6,n/a,n/a,n/a,n/a,n/a,n/a,312.2,n/a,n/a,n/a,No Solomon output excel file because not trial 2
3/15/21,AJB,A088YR 2020-04-17 Boldness Time2 C2 T1,4/17/20,MM,A088YR,Boldness,Aviary,C2,2,1,96.2,n/a,98.2,n/a,n/a,n/a,n/a,n/a,n/a,322.4,n/a,n/a,n/a,No Solomon output excel file because not trial 2
3/15/21,AJB,A088YR 2020-04-17 Boldness Time2 C2 T2,4/17/20,MM,A088YR,Boldness,Aviary,C2,2,2,n/a,n/a,n/a,n/a,n/a,n/a,n/a,916.4,OutOfView,916.4,n/a,n/a,n/a,
3/15/21,AJB,A088YR 2020-04-17 Boldness Time2 C2 T3,4/17/20,MM,A088YR,Boldness,Aviary,C2,2,3,69.8,n/a,73.4,n/a,n/a,n/a,n/a,n/a,n/a,317,n/a,n/a,n/a,No Solomon output excel file because not trial 2
3/15/21,AJB,A088YR 2020-04-19 Boldness Time2 C3 T1,4/19/20,KM,A088YR,Boldness,Aviary,C3,2,1,31.2,n/a,32.6,n/a,n/a,n/a,n/a,n/a,n/a,299.6,n/a,n/a,n/a,No Solomon output excel file because not trial 2
3/15/21,AJB,A088YR 2020-04-19 Boldness Time2 C3 T2,4/19/20,KM,A088YR,Boldness,Aviary,C3,2,2,n/a,n/a,n/a,n/a,n/a,n/a,n/a,899,OutOfView,899,n/a,n/a,n/a,
3/15/21,AJB,A088YR 2020-04-19 Boldness Time2 C3 T3,4/19/20,KM,A088YR,Boldness,Aviary,C3,2,3,10.4,n/a,12.4,n/a,n/a,n/a,n/a,n/a,n/a,310.2,n/a,n/a,0,No Solomon output excel file because not trial 2
3/16/21,AJB,A090SB 2020-04-24 Boldness Time1 C1 T1,4/24/20,MM,A090SB,Boldness,Aviary,C1,1,1,144.8,n/a,148.8,n/a,n/a,n/a,n/a,n/a,n/a,320,n/a,n/a,n/a,No Solomon output excel file because not trial 2
3/16/21,AJB,A090SB 2020-04-24 Boldness Time1 C1 T2,4/24/20,MM,A090SB,Boldness,Aviary,C1,1,2,n/a,n/a,n/a,n/a,n/a,n/a,n/a,1011,OutOfView,1011,n/a,n/a,n/a,
3/16/21,AJB,A090SB 2020-04-24 Boldness Time1 C1 T3,4/24/20,MM,A090SB,Boldness,Aviary,C1,1,3,34.8,n/a,38.6,n/a,n/a,n/a,n/a,n/a,n/a,306.8,n/a,n/a,n/a,No Solomon output excel file because not trial 2
3/16/21,AJB,A090SB 2020-04-26 Boldness Time1 C2 T1,4/26/20,KM,A090SB,Boldness,Aviary,C2,1,1,47.8,n/a,51.2,n/a,n/a,n/a,n/a,n/a,n/a,302.8,n/a,n/a,n/a,No Solomon output excel file because not trial 2
3/16/21,AJB,A090SB 2020-04-26 Boldness Time1 C2 T2,4/26/20,KM,A090SB,Boldness,Aviary,C2,1,2,n/a,n/a,n/a,n/a,n/a,n/a,n/a,913,OutOfView,913,n/a,n/a,n/a,
3/16/21,AJB,A090SB 2020-04-26 Boldness Time1 C2 T3,4/26/20,KM,A090SB,Boldness,Aviary,C2,1,3,1.6,n/a,3.8,n/a,n/a,n/a,n/a,n/a,n/a,280.6,n/a,n/a,n/a,No Solomon output excel file because not trial 2
3/16/21,AJB,A090SB 2020-04-23 Boldness Time1 C3 T1,4/23/20,MM,A090SB,Boldness,Aviary,C3,1,1,41.4,n/a,43.4,n/a,n/a,n/a,n/a,n/a,n/a,320.4,n/a,n/a,n/a,No Solomon output excel file because not trial 2
3/16/21,AJB,A090SB 2020-04-23 Boldness Time1 C3 T2,4/23/20,MM,A090SB,Boldness,Aviary,C3,1,2,n/a,n/a,n/a,n/a,n/a,n/a,n/a,905.6,OutOfView,905.6,n/a,n/a,n/a,
3/16/21,AJB,A090SB 2020-04-23 Boldness Time1 C3 T3,4/23/20,MM,A090SB,Boldness,Aviary,C3,1,3,81.6,n/a,88.6,n/a,n/a,n/a,n/a,n/a,n/a,515.8,n/a,n/a,n/a,No Solomon output excel file because not trial 2
3/17/21,AJB,A090SB 2020-05-10 Boldness Time2 C1 T1,5/10/20,KM,A090SB,Boldness,Aviary,C1,2,1,9.4,n/a,12.2,n/a,n/a,n/a,n/a,n/a,n/a,300,n/a,n/a,n/a,No Solomon output excel file because not trial 2
3/17/21,AJB,A090SB 2020-05-10 Boldness Time2 C1 T2,5/10/20,KM,A090SB,Boldness,Aviary,C1,2,2,n/a,n/a,n/a,n/a,n/a,n/a,n/a,901.8,OutOfView,901.8,n/a,n/a,n/a,
3/17/21,AJB,A090SB 2020-05-10 Boldness Time2 C1 T3,5/10/20,KM,A090SB,Boldness,Aviary,C1,2,3,1.6,n/a,3,n/a,n/a,n/a,n/a,n/a,n/a,299.4,n/a,n/a,n/a,No Solomon output excel file because not trial 2
3/17/21,AJB,A090SB 2020-05-09 Boldness Time2 C2 T1,5/9/20,MM,A090SB,Boldness,Aviary,C2,2,1,14.2,n/a,21,n/a,n/a,n/a,n/a,n/a,n/a,318.4,n/a,n/a,n/a,No Solomon output excel file because not trial 2
3/17/21,AJB,A090SB 2020-05-09 Boldness Time2 C2 T2,5/9/20,MM,A090SB,Boldness,Aviary,C2,2,2,583.2,n/a,n/a,n/a,Object,n/a,22,888.6,Far,910.4,n/a,n/a,n/a,
3/17/21,AJB,A090SB 2020-05-09 Boldness Time2 C2 T3,5/9/20,MM,A090SB,Boldness,Aviary,C2,2,3,0,n/a,1.4,n/a,n/a,n/a,n/a,n/a,n/a,306.2,n/a,n/a,n/a,No Solomon output excel file because not trial 2
3/17/21,AJB,A090SB 2020-05-11 Boldness Time2 C3 T1,5/11/20,MM,A090SB,Boldness,Aviary,C3,2,1,24.4,n/a,27,n/a,n/a,n/a,n/a,n/a,n/a,310.2,n/a,n/a,n/a,No Solomon output excel file because not trial 2
3/17/21,AJB,A090SB 2020-05-11 Boldness Time2 C3 T2,5/11/20,MM,A090SB,Boldness,Aviary,C3,2,2,n/a,n/a,n/a,n/a,n/a,n/a,n/a,915.8,OutOfView,915.8,n/a,n/a,n/a,
3/17/21,AJB,A090SB 2020-05-11 Boldness Time2 C3 T3,5/11/20,MM,A090SB,Boldness,Aviary,C3,2,3,39.6,n/a,42.8,n/a,n/a,n/a,n/a,n/a,n/a,311.2,n/a,n/a,0,No Solomon output excel file because not trial 2
3/18/21,AJB,A096NS 2020-05-03 Boldness Time1 C1 T1,5/3/20,KM,A096NS,Boldness,Aviary,C1,1,1,0.8,n/a,1.4,n/a,n/a,n/a,n/a,n/a,n/a,304.2,n/a,n/a,n/a,No Solomon output excel file because not trial 2
3/18/21,AJB,A096NS 2020-05-03 Boldness Time1 C1 T2,5/3/20,KM,A096NS,Boldness,Aviary,C1,1,2,45.4,n/a,n/a,n/a,Food,n/a,858.2,48.4,Far,906.4,n/a,n/a,n/a,
3/18/21,AJB,A096NS 2020-05-03 Boldness Time1 C1 T3,5/3/20,KM,A096NS,Boldness,Aviary,C1,1,3,1.6,n/a,2.2,n/a,n/a,n/a,n/a,n/a,n/a,306.2,n/a,n/a,n/a,No Solomon output excel file because not trial 2
3/18/21,AJB,A096NS 2020-05-01 Boldness Time1 C2 T1,5/1/20,MM,A096NS,Boldness,Aviary,C2,1,1,0.8,n/a,1.4,n/a,n/a,n/a,n/a,n/a,n/a,316,n/a,n/a,n/a,No Solomon output excel file because not trial 2
3/18/21,AJB,A096NS 2020-05-01 Boldness Time1 C2 T2,5/1/20,MM,A096NS,Boldness,Aviary,C2,1,2,n/a,n/a,n/a,n/a,n/a,n/a,n/a,915,OutOfView,915,n/a,n/a,n/a,
3/18/21,AJB,A096NS 2020-05-01 Boldness Time1 C2 T3,5/1/20,MM,A096NS,Boldness,Aviary,C2,1,3,2.6,n/a,3.6,n/a,n/a,n/a,n/a,n/a,n/a,309.8,n/a,n/a,n/a,No Solomon output excel file because not trial 2
3/18/21,AJB,A096NS 2020-04-30 Boldness Time1 C3 T1,4/30/20,MM,A096NS,Boldness,Aviary,C3,1,1,0,n/a,0,n/a,n/a,n/a,n/a,n/a,n/a,339.2,n/a,n/a,n/a,No Solomon output excel file because not trial 2
3/18/21,AJB,A096NS 2020-04-30 Boldness Time1 C3 T2,4/30/20,MM,A096NS,Boldness,Aviary,C3,1,2,n/a,n/a,n/a,n/a,n/a,n/a,n/a,914.4,OutOfView,914.4,n/a,n/a,n/a,
3/18/21,AJB,A096NS 2020-04-30 Boldness Time1 C3 T3,4/30/20,MM,A096NS,Boldness,Aviary,C3,1,3,7.2,n/a,9,n/a,n/a,n/a,n/a,n/a,n/a,317,n/a,n/a,n/a,No Solomon output excel file because not trial 2
3/19/21,AJB,A096NS 2020-05-13 Boldness Time2 C1 T1,5/13/20,MM,A096NS,Boldness,Aviary,C1,2,1,1,n/a,1.8,n/a,n/a,n/a,n/a,n/a,n/a,312,n/a,n/a,n/a,No Solomon output excel file because not trial 2
3/19/21,AJB,A096NS 2020-05-13 Boldness Time2 C1 T2,5/13/20,MM,A096NS,Boldness,Aviary,C1,2,2,n/a,n/a,n/a,n/a,n/a,n/a,n/a,910.2,OutOfView,910.2,n/a,n/a,n/a,
3/19/21,AJB,A096NS 2020-05-13 Boldness Time2 C1 T3,5/13/20,MM,A096NS,Boldness,Aviary,C1,2,3,1.2,n/a,1.8,n/a,n/a,n/a,n/a,n/a,n/a,305.4,n/a,n/a,n/a,No Solomon output excel file because not trial 2
3/19/21,AJB,A096NS 2020-05-12 Boldness Time2 C2 T1,5/12/20,MM,A096NS,Boldness,Aviary,C2,2,1,0.4,n/a,1.6,n/a,n/a,n/a,n/a,n/a,n/a,313.2,n/a,n/a,n/a,No Solomon output excel file because not trial 2
3/19/21,AJB,A096NS 2020-05-12 Boldness Time2 C2 T2,5/12/20,MM,A096NS,Boldness,Aviary,C2,2,2,n/a,n/a,n/a,n/a,n/a,n/a,n/a,912.8,OutOfView,912.8,n/a,n/a,n/a,
3/19/21,AJB,A096NS 2020-05-12 Boldness Time2 C2 T3,5/12/20,MM,A096NS,Boldness,Aviary,C2,2,3,4.4,n/a,6.2,n/a,n/a,n/a,n/a,n/a,n/a,312.4,n/a,n/a,n/a,No Solomon output excel file because not trial 2
3/19/21,AJB,A096NS 2020-05-11 Boldness Time2 C3 T1,5/11/20,MM,A096NS,Boldness,Aviary,C3,2,1,0.6,n/a,2.4,n/a,n/a,n/a,n/a,n/a,n/a,317,n/a,n/a,n/a,No Solomon output excel file because not trial 2
3/19/21,AJB,A096NS 2020-05-11 Boldness Time2 C3 T2,5/11/20,MM,A096NS,Boldness,Aviary,C3,2,2,n/a,n/a,n/a,n/a,n/a,n/a,n/a,910.4,OutOfView,910.4,n/a,n/a,n/a,
3/19/21,AJB,A096NS 2020-05-11 Boldness Time2 C3 T3,5/11/20,MM,A096NS,Boldness,Aviary,C3,2,3,6.4,n/a,7,n/a,n/a,n/a,n/a,n/a,n/a,310.2,n/a,n/a,0,No Solomon output excel file because not trial 2
3/11/21,KM,"A007-S, A043KR, A044KS, A062AP, A066KY, A071OK 2020-1-6 Boldness Time1 and Time3 C1 T1-T3",1/6/20,KM,A007-S,Boldness,Wild,C1,1,1,1680,n/a,n/a,n/a,n/a,n/a,80,1810,n/a,1890,n/a,n/a,n/a,scrounged other grackle's food
3/11/21,KM,"A007-S, A043KR, A044KS, A062AP, A066KY, A071OK 2020-1-6 Boldness Time1 and Time3 C1 T1-T3",1/6/20,KM,A043KR,Boldness,Wild,C1,1,1,1590,1620,1628,n/a,n/a,18,33,1857,n/a,1890,n/a,n/a,n/a,
3/11/21,KM,"A007-S, A043KR, A044KS, A062AP, A066KY, A071OK 2020-1-6 Boldness Time1 and Time3 C1 T1-T3",1/6/20,KM,A044KS,Boldness,Wild,C1,1,1,n/a,n/a,n/a,n/a,n/a,n/a,n/a,1890,n/a,1890,n/a,n/a,n/a,Not around for Trial 1
3/11/21,KM,"A007-S, A043KR, A044KS, A062AP, A066KY, A071OK 2020-1-6 Boldness Time1 and Time3 C1 T1-T3",1/6/20,KM,A062AP,Boldness,Wild,C1,1,1,n/a,n/a,n/a,n/a,n/a,n/a,n/a,1890,n/a,1890,n/a,n/a,n/a,Not around for Trial 1
3/11/21,KM,"A007-S, A043KR, A044KS, A062AP, A066KY, A071OK 2020-1-6 Boldness Time1 and Time3 C1 T1-T3",1/6/20,KM,A066KY,Boldness,Wild,C1,1,1,1600,n/a,n/a,n/a,n/a,n/a,50,1840,n/a,1890,n/a,n/a,n/a,scrounged other grackle's food
3/11/21,KM,"A007-S, A043KR, A044KS, A062AP, A066KY, A071OK 2020-1-6 Boldness Time1 and Time3 C1 T1-T3",1/6/20,KM,A071OK,Boldness,Wild,C1,1,1,n/a,n/a,n/a,n/a,n/a,n/a,n/a,1890,n/a,1890,n/a,n/a,n/a,Not around for Trial 1
3/11/21,KM,"A007-S, A043KR, A044KS, A062AP, A066KY, A071OK 2020-1-6 Boldness Time1 and Time3 C1 T1-T3",1/6/20,KM,A007-S,Boldness,Wild,C1,1,2,840,n/a,n/a,n/a,n/a,n/a,120,1080,Far,1200,n/a,n/a,n/a,12m away
3/11/21,KM,"A007-S, A043KR, A044KS, A062AP, A066KY, A071OK 2020-1-6 Boldness Time1 and Time3 C1 T1-T3",1/6/20,KM,A043KR,Boldness,Wild,C1,1,2,120,n/a,n/a,n/a,n/a,n/a,360,840,Far,1200,n/a,n/a,n/a,3m away
3/11/21,KM,"A007-S, A043KR, A044KS, A062AP, A066KY, A071OK 2020-1-6 Boldness Time1 and Time3 C1 T1-T3",1/6/20,KM,A044KS,Boldness,Wild,C1,1,2,120,n/a,n/a,n/a,n/a,n/a,120,1080,Far,1200,n/a,n/a,n/a,2m away
3/11/21,KM,"A007-S, A043KR, A044KS, A062AP, A066KY, A071OK 2020-1-6 Boldness Time1 and Time3 C1 T1-T3",1/6/20,KM,A062AP,Boldness,Wild,C1,1,2,120,n/a,n/a,n/a,n/a,n/a,120,1080,Far,1200,n/a,n/a,n/a,4m away
3/11/21,KM,"A007-S, A043KR, A044KS, A062AP, A066KY, A071OK 2020-1-6 Boldness Time1 and Time3 C1 T1-T3",1/6/20,KM,A066KY,Boldness,Wild,C1,1,2,180,n/a,n/a,n/a,n/a,n/a,23,1177,Far,1200,n/a,n/a,n/a,1m away
3/11/21,KM,"A007-S, A043KR, A044KS, A062AP, A066KY, A071OK 2020-1-6 Boldness Time1 and Time3 C1 T1-T3",1/6/20,KM,A071OK,Boldness,Wild,C1,1,2,660,n/a,n/a,n/a,n/a,n/a,300,900,Far,1200,n/a,n/a,n/a,3m away
3/11/21,KM,"A007-S, A043KR, A044KS, A062AP, A066KY, A071OK 2020-1-6 Boldness Time1 and Time3 C1 T1-T3",1/6/20,KM,A007-S,Boldness,Wild,C1,1,3,420,n/a,n/a,n/a,n/a,n/a,60,840,n/a,900,n/a,n/a,n/a,3m away
3/11/21,KM,"A007-S, A043KR, A044KS, A062AP, A066KY, A071OK 2020-1-6 Boldness Time1 and Time3 C1 T1-T3",1/6/20,KM,A043KR,Boldness,Wild,C1,1,3,360,n/a,n/a,n/a,n/a,n/a,120,780,n/a,900,n/a,n/a,n/a,1m away
3/11/21,KM,"A007-S, A043KR, A044KS, A062AP, A066KY, A071OK 2020-1-6 Boldness Time1 and Time3 C1 T1-T3",1/6/20,KM,A044KS,Boldness,Wild,C1,1,3,540,n/a,n/a,n/a,n/a,n/a,60,840,n/a,900,n/a,n/a,n/a,1m away
3/11/21,KM,"A007-S, A043KR, A044KS, A062AP, A066KY, A071OK 2020-1-6 Boldness Time1 and Time3 C1 T1-T3",1/6/20,KM,A062AP,Boldness,Wild,C1,1,3,360,n/a,n/a,n/a,n/a,n/a,60,840,n/a,900,n/a,n/a,n/a,2m away
3/11/21,KM,"A007-S, A043KR, A044KS, A062AP, A066KY, A071OK 2020-1-6 Boldness Time1 and Time3 C1 T1-T3",1/6/20,KM,A066KY,Boldness,Wild,C1,1,3,n/a,n/a,n/a,n/a,n/a,n/a,n/a,n/a,n/a,900,n/a,n/a,n/a,Not around for Trial 3
3/11/21,KM,"A007-S, A043KR, A044KS, A062AP, A066KY, A071OK 2020-1-6 Boldness Time1 and Time3 C1 T1-T3",1/6/20,KM,A071OK,Boldness,Wild,C1,1,3,180,n/a,n/a,n/a,n/a,n/a,60,840,n/a,900,n/a,n/a,n/a,5m away
3/15/21,KM,"A018BB, A031-Y, A047AY 2019-12-11 Boldness Time1 C2 T1-T3",12/11/19,KM,A018BB,Boldness,Wild,C2,1,2,n/a,n/a,n/a,n/a,n/a,n/a,180,720,Far,900,n/a,n/a,n/a,10m away
3/15/21,KM,"A018BB, A031-Y, A047AY 2019-12-11 Boldness Time1 C2 T1-T3",12/11/19,KM,A031-Y,Boldness,Wild,C2,1,2,n/a,n/a,n/a,n/a,n/a,n/a,240,660,Far,900,n/a,n/a,n/a,"6m away; Despite file name, it appears I did not do a Trial 1"
3/15/21,KM,"A018BB, A031-Y, A047AY 2019-12-11 Boldness Time1 C2 T1-T3",12/11/19,KM,A047AY,Boldness,Wild,C2,1,2,n/a,n/a,n/a,n/a,n/a,n/a,120,780,Far,900,n/a,n/a,n/a,4m away
3/15/21,KM,"A018BB, A031-Y, A047AY 2019-12-11 Boldness Time1 C2 T1-T3",12/11/19,KM,A018BB,Boldness,Wild,C2,1,3,n/a,n/a,n/a,n/a,n/a,n/a,n/a,n/a,n/a,300,n/a,n/a,n/a,Not around for Trial 3
3/15/21,KM,"A018BB, A031-Y, A047AY 2019-12-11 Boldness Time1 C2 T1-T3",12/11/19,KM,A031-Y,Boldness,Wild,C2,1,3,210,n/a,n/a,n/a,n/a,n/a,n/a,n/a,n/a,300,n/a,n/a,n/a,Not around for Trial 3
3/15/21,KM,"A018BB, A031-Y, A047AY 2019-12-11 Boldness Time1 C2 T1-T3",12/11/19,KM,A047AY,Boldness,Wild,C2,1,3,n/a,n/a,n/a,n/a,n/a,n/a,300,0,n/a,300,n/a,n/a,n/a,0.3m away
3/15/21,KM,A021-K & A026PP & A023OY 2019-1-29 Boldness Time1 C1,1/29/19,KM,A021-K,Boldness,Wild,C1,1,1,510,n/a,n/a,n/a,n/a,5,135,700,n/a,840,n/a,n/a,n/a,scrounged other grackle's food
3/15/21,KM,A021-K & A026PP & A023OY 2019-1-29 Boldness Time1 C1,1/29/19,KM,A026PP,Boldness,Wild,C1,1,1,210,n/a,n/a,n/a,n/a,n/a,40,800,n/a,840,n/a,n/a,n/a,Did not take cracker
3/15/21,KM,A021-K & A026PP & A023OY 2019-1-29 Boldness Time1 C1,1/29/19,KM,A023OY,Boldness,Wild,C1,1,1,330,n/a,n/a,n/a,n/a,3,6,831,n/a,840,n/a,n/a,n/a,
3/15/21,KM,A021-K & A026PP & A023OY 2019-1-29 Boldness Time1 C1,1/29/19,KM,A021-K,Boldness,Wild,C1,1,2,n/a,n/a,n/a,n/a,n/a,n/a,60,n/a,Far,1200,n/a,n/a,n/a,"30m away, in view for 1min"
3/15/21,KM,A021-K & A026PP & A023OY 2019-1-29 Boldness Time1 C1,1/29/19,KM,A026PP,Boldness,Wild,C1,1,2,n/a,n/a,n/a,n/a,n/a,n/a,60,n/a,Far,1200,n/a,n/a,n/a,"30m away, in view for 1min"
3/15/21,KM,A021-K & A026PP & A023OY 2019-1-29 Boldness Time1 C1,1/29/19,KM,A023OY,Boldness,Wild,C1,1,2,n/a,n/a,n/a,n/a,n/a,n/a,60,n/a,Far,1200,n/a,n/a,n/a,"30m away, in view for 1min"
3/15/21,KM,A021-K & A026PP & A023OY 2019-1-29 Boldness Time1 C1,1/29/19,KM,A021-K,Boldness,Wild,C1,1,3,n/a,n/a,n/a,n/a,n/a,n/a,n/a,n/a,n/a,600,n/a,n/a,n/a,Not around for Trial 3
3/15/21,KM,A021-K & A026PP & A023OY 2019-1-29 Boldness Time1 C1,1/29/19,KM,A026PP,Boldness,Wild,C1,1,3,n/a,n/a,n/a,n/a,n/a,n/a,n/a,n/a,n/a,600,n/a,n/a,n/a,Not around for Trial 3
3/15/21,KM,A021-K & A026PP & A023OY 2019-1-29 Boldness Time1 C1,1/29/19,KM,A023OY,Boldness,Wild,C1,1,3,n/a,n/a,n/a,n/a,n/a,n/a,n/a,n/a,n/a,600,n/a,n/a,n/a,Not around for Trial 3
3/8/21,KM,"A051KG, A058BS 2019-12-11 Boldness Time1 C2 T1-T3",12/11/19,KM,A051KG,Boldness,Wild,C2,1,2,720,n/a,n/a,n/a,n/a,n/a,240,1020,Far,1260,n/a,n/a,n/a,Approached to 4m from pigeon
3/8/21,KM,"A051KG, A058BS 2019-12-11 Boldness Time1 C2 T1-T3",12/11/19,KM,A058BS,Boldness,Wild,C2,1,2,480,n/a,n/a,n/a,n/a,n/a,660,600,Far,1260,n/a,n/a,n/a,Approached to 4m from pigeon
3/8/21,KM,"A051KG, A058BS 2019-12-11 Boldness Time1 C1 T1-T3",12/19/19,KM,A051KG,Boldness,Wild,C1,1,1,600,n/a,600,n/a,n/a,n/a,n/a,n/a,n/a,900,n/a,n/a,n/a,
3/8/21,KM,"A051KG, A058BS 2019-12-11 Boldness Time1 C1 T1-T3",12/19/19,KM,A058BS,Boldness,Wild,C1,1,1,600,n/a,840,n/a,n/a,n/a,n/a,n/a,n/a,900,n/a,n/a,n/a,
3/8/21,KM,"A051KG, A058BS 2019-12-11 Boldness Time1 C1 T1-T3",12/19/19,KM,A051KG,Boldness,Wild,C1,1,2,n/a,n/a,n/a,n/a,n/a,n/a,10,890,Far,900,n/a,n/a,n/a,8m away - alarm called and flew off when I setup cat
3/8/21,KM,"A051KG, A058BS 2019-12-11 Boldness Time1 C1 T1-T3",12/19/19,KM,A058BS,Boldness,Wild,C1,1,2,n/a,n/a,n/a,n/a,n/a,n/a,10,890,Far,900,n/a,n/a,n/a,8m away - alarm called and flew off when I setup cat
3/8/21,KM,A021-K 2019-3-27 Boldness Time1 C2,3/27/19,KM,A021-K,Boldness,Wild,C2,1,2,n/a,n/a,n/a,n/a,n/a,n/a,960,540,Far,1500,n/a,n/a,n/a,Pico around but >10m away
3/8/21,KM,A021-K 2019-3-27 Boldness Time1 C2,3/27/19,KM,A021-K,Boldness,Wild,C2,1,3,n/a,n/a,n/a,n/a,n/a,n/a,n/a,n/a,n/a,600,n/a,n/a,n/a,Pico around but >10m away
3/8/21,KM,A021-K & A026PP 2019-1-9 Boldness Hawk T1,1/9/19,KM,A021-K,Boldness,Wild,C3,1,2,n/a,n/a,n/a,n/a,n/a,n/a,900,n/a,n/a,900,n/a,n/a,n/a,"In view, but >10m whole time"
3/8/21,KM,A021-K & A026PP 2019-1-9 Boldness Hawk T1,1/9/19,KM,A026PP,Boldness,Wild,C3,1,2,n/a,n/a,n/a,n/a,n/a,n/a,900,n/a,n/a,900,n/a,n/a,n/a,"In view, but >10m whole time"
3/8/21,KM,A021-K & A026PP 2019-1-9 Boldness Hawk T1,1/9/19,KM,A021-K,Boldness,Wild,C3,1,3,n/a,n/a,n/a,n/a,n/a,n/a,600,n/a,n/a,600,n/a,n/a,n/a,Did not come back for crackers
3/8/21,KM,A021-K & A026PP 2019-1-9 Boldness Hawk T1,1/9/19,KM,A026PP,Boldness,Wild,C3,1,3,n/a,n/a,n/a,n/a,n/a,n/a,600,n/a,n/a,600,n/a,n/a,n/a,Did not come back for crackers