VideoFileName,Trial,1CorrectChoice,2CorrectChoice,2CorrectChoiceAdapted,Coder1,Coder2,Notes
A064LR 2019-12-06 Go:No-Go S1 T1.mp4,1,-1,-1,-1,Maggie MacPherson and Kelsey McCune,Brynna Hood,
A064LR 2019-12-06 Go:No-Go S1 T1.mp4,1,0,2,2,Maggie MacPherson and Kelsey McCune,Brynna Hood,
A064LR 2019-12-06 Go:No-Go S1 T1.mp4,2,1,1,1,Maggie MacPherson and Kelsey McCune,Brynna Hood,
A064LR 2019-12-06 Go:No-Go S1 T1.mp4,3,0,0,0,Maggie MacPherson and Kelsey McCune,Brynna Hood,
A064LR 2019-12-06 Go:No-Go S1 T1.mp4,4,1,1,1,Maggie MacPherson and Kelsey McCune,Brynna Hood,
A064LR 2019-12-06 Go:No-Go S1 T1.mp4,5,0,0,0,Maggie MacPherson and Kelsey McCune,Brynna Hood,
A064LR 2019-12-06 Go:No-Go S1 T1.mp4,6,1,1,1,Maggie MacPherson and Kelsey McCune,Brynna Hood,
A064LR 2019-12-06 Go:No-Go S1 T1.mp4,7,0,0,0,Maggie MacPherson and Kelsey McCune,Brynna Hood,
A064LR 2019-12-06 Go:No-Go S1 T1.mp4,8,1,1,1,Maggie MacPherson and Kelsey McCune,Brynna Hood,
A064LR 2019-12-06 Go:No-Go S1 T1.mp4,9,0,0,0,Maggie MacPherson and Kelsey McCune,Brynna Hood,
A064LR 2019-12-06 Go:No-Go S1 T1.mp4,10,0,0,0,Maggie MacPherson and Kelsey McCune,Brynna Hood,
A064LR 2019-12-06 Go:No-Go S1 T1.mp4,11,1,1,1,Maggie MacPherson and Kelsey McCune,Brynna Hood,
A064LR 2019-12-06 Go:No-Go S1 T1.mp4,12,1,1,1,Maggie MacPherson and Kelsey McCune,Brynna Hood,
A064LR 2019-12-06 Go:No-Go S1 T1.mp4,13,-1,-1,-1,Maggie MacPherson and Kelsey McCune,Brynna Hood,
A064LR 2019-12-06 Go:No-Go S1 T1.mp4,13,1,1,1,Maggie MacPherson and Kelsey McCune,Brynna Hood,
A064LR 2019-12-06 Go:No-Go S1 T1.mp4,14,0,0,0,Maggie MacPherson and Kelsey McCune,Brynna Hood,
A064LR 2019-12-06 Go:No-Go S1 T1.mp4,15,1,1,1,Maggie MacPherson and Kelsey McCune,Brynna Hood,
A064LR 2019-12-06 Go:No-Go S1 T1.mp4,16,0,0,0,Maggie MacPherson and Kelsey McCune,Brynna Hood,
A064LR 2019-12-06 Go:No-Go S1 T1.mp4,17,1,1,1,Maggie MacPherson and Kelsey McCune,Brynna Hood,
A064LR 2019-12-06 Go:No-Go S1 T1.mp4,18,0,0,0,Maggie MacPherson and Kelsey McCune,Brynna Hood,
A064LR 2019-12-06 Go:No-Go S2 T19.mp4Â,19,1,1,1,Maggie MacPherson and Kelsey McCune,Brynna Hood,
A064LR 2019-12-06 Go:No-Go S2 T19.mp4Â,20,0,2,2,Maggie MacPherson and Kelsey McCune,Brynna Hood,
A064LR 2019-12-06 Go:No-Go S2 T19.mp4Â,21,1,1,1,Maggie MacPherson and Kelsey McCune,Brynna Hood,
A064LR 2019-12-06 Go:No-Go S2 T19.mp4Â,22,0,0,0,Maggie MacPherson and Kelsey McCune,Brynna Hood,
A064LR 2019-12-06 Go:No-Go S2 T19.mp4Â,23,0,0,0,Maggie MacPherson and Kelsey McCune,Brynna Hood,
A064LR 2019-12-06 Go:No-Go S2 T19.mp4Â,24,1,1,1,Maggie MacPherson and Kelsey McCune,Brynna Hood,
A064LR 2019-12-06 Go:No-Go S2 T19.mp4Â,25,0,0,0,Maggie MacPherson and Kelsey McCune,Brynna Hood,
A064LR 2019-12-06 Go:No-Go S2 T19.mp4Â,26,1,1,1,Maggie MacPherson and Kelsey McCune,Brynna Hood,
A064LR 2019-12-06 Go:No-Go S2 T19.mp4Â,27,1,1,1,Maggie MacPherson and Kelsey McCune,Brynna Hood,
A064LR 2019-12-06 Go:No-Go S2 T19.mp4Â,28,0,0,0,Maggie MacPherson and Kelsey McCune,Brynna Hood,
A064LR 2019-12-06 Go:No-Go S2 T19.mp4Â,29,0,0,0,Maggie MacPherson and Kelsey McCune,Brynna Hood,
A064LR 2019-12-06 Go:No-Go S2 T19.mp4Â,30,1,1,1,Maggie MacPherson and Kelsey McCune,Brynna Hood,
A064LR 2019-12-06 Go:No-Go S2 T19.mp4Â,31,1,1,1,Maggie MacPherson and Kelsey McCune,Brynna Hood,
A064LR 2019-12-06 Go:No-Go S2 T19.mp4Â,32,0,0,0,Maggie MacPherson and Kelsey McCune,Brynna Hood,
A064LR 2019-12-06 Go:No-Go S2 T19.mp4Â,33,0,0,0,Maggie MacPherson and Kelsey McCune,Brynna Hood,
A064LR 2019-12-06 Go:No-Go S2 T19.mp4Â,34,0,0,0,Maggie MacPherson and Kelsey McCune,Brynna Hood,
A064LR 2019-12-06 Go:No-Go S2 T19.mp4Â,35,0,0,0,Maggie MacPherson and Kelsey McCune,Brynna Hood,
A064LR 2019-12-06 Go:No-Go S2 T19.mp4Â,36,1,1,1,Maggie MacPherson and Kelsey McCune,Brynna Hood,
A064LR 2019-12-06 Go:No-Go S2 T19.mp4Â,37,1,1,1,Maggie MacPherson and Kelsey McCune,Brynna Hood,
A064LR 2019-12-06 Go:No-Go S2 T19.mp4Â,38,0,0,0,Maggie MacPherson and Kelsey McCune,Brynna Hood,
A064LR 2019-12-8 Go:No-Go S3 T39.mp4,39,-1,-1,-1,Maggie MacPherson and Kelsey McCune,Brynna Hood,
A064LR 2019-12-8 Go:No-Go S4 T39.mp4,39,-1,-1,-1,Maggie MacPherson and Kelsey McCune,Brynna Hood,
A064LR 2019-12-8 Go:No-Go S5 T41.mp4,39,2,1,NA,Maggie MacPherson and Kelsey McCune,Brynna Hood,"Coder2’s data was off by 3 cells, so Logan shifted their cells down by 3 and added NAs here to get the two coders aligned again"
A064LR 2019-12-8 Go:No-Go S5 T41.mp4,40,1,2,NA,Maggie MacPherson and Kelsey McCune,Brynna Hood,
A064LR 2019-12-8 Go:No-Go S5 T41.mp4,41,-1,1,NA,Maggie MacPherson and Kelsey McCune,Brynna Hood,
A064LR 2019-12-8 Go:No-Go S5 T41.mp4,41,1,0,1,Maggie MacPherson and Kelsey McCune,Brynna Hood,
A064LR 2019-12-8 Go:No-Go S5 T41.mp4,42,2,1,2,Maggie MacPherson and Kelsey McCune,Brynna Hood,
A064LR 2019-12-8 Go:No-Go S5 T41.mp4,43,1,0,1,Maggie MacPherson and Kelsey McCune,Brynna Hood,
A064LR 2019-12-8 Go:No-Go S5 T41.mp4,44,0,1,0,Maggie MacPherson and Kelsey McCune,Brynna Hood,
A064LR 2019-12-8 Go:No-Go S5 T41.mp4,45,1,0,1,Maggie MacPherson and Kelsey McCune,Brynna Hood,
A064LR 2019-12-8 Go:No-Go S5 T41.mp4,46,0,1,0,Maggie MacPherson and Kelsey McCune,Brynna Hood,
A064LR 2019-12-8 Go:No-Go S5 T41.mp4,47,1,2,1,Maggie MacPherson and Kelsey McCune,Brynna Hood,
A064LR 2019-12-8 Go:No-Go S5 T41.mp4,48,0,2,0,Maggie MacPherson and Kelsey McCune,Brynna Hood,
A064LR 2019-12-8 Go:No-Go S5 T41.mp4,49,1,0,1,Maggie MacPherson and Kelsey McCune,Brynna Hood,
A064LR 2019-12-8 Go:No-Go S5 T41.mp4,50,-1,1,2,Maggie MacPherson and Kelsey McCune,Brynna Hood,
A064LR 2019-12-8 Go:No-Go S5 T41.mp4,50,2,0,2,Maggie MacPherson and Kelsey McCune,Brynna Hood,
A064LR 2019-12-8 Go:No-Go S5 T41.mp4,51,-1,1,0,Maggie MacPherson and Kelsey McCune,Brynna Hood,
A064LR 2019-12-8 Go:No-Go S5 T41.mp4,51,1,0,1,Maggie MacPherson and Kelsey McCune,Brynna Hood,
A064LR 2019-12-8 Go:No-Go S5 T41.mp4,52,0,1,0,Maggie MacPherson and Kelsey McCune,Brynna Hood,
A064LR 2019-12-8 Go:No-Go S5 T41.mp4,53,1,-1,1,Maggie MacPherson and Kelsey McCune,Brynna Hood,
A064LR 2019-12-8 Go:No-Go S5 T41.mp4,54,0,1,0,Maggie MacPherson and Kelsey McCune,Brynna Hood,
A064LR 2019-12-8 Go:No-Go S5 T41.mp4,55,1,0,1,Maggie MacPherson and Kelsey McCune,Brynna Hood,
A064LR 2019-12-9 Go:No-Go S6 T58.mp4,56,1,1,-1,Maggie MacPherson and Kelsey McCune,Brynna Hood,
A064LR 2019-12-9 Go:No-Go S6 T58.mp4,57,0,0,1,Maggie MacPherson and Kelsey McCune,Brynna Hood,
A064LR 2019-12-9 Go:No-Go S6 T58.mp4,58,1,0,0,Maggie MacPherson and Kelsey McCune,Brynna Hood,
A064LR 2019-12-9 Go:No-Go S6 T58.mp4,59,0,0,1,Maggie MacPherson and Kelsey McCune,Brynna Hood,
A064LR 2019-12-9 Go:No-Go S6 T58.mp4,60,-1,2,0,Maggie MacPherson and Kelsey McCune,Brynna Hood,
A064LR 2019-12-9 Go:No-Go S6 T58.mp4,60,0,-1,0,Maggie MacPherson and Kelsey McCune,Brynna Hood,
A064LR 2019-12-10 Go:No-Go S7 T62.mp4,61,-1,1,0,Maggie MacPherson and Kelsey McCune,Brynna Hood,
A064LR 2019-12-10 Go:No-Go S7 T62.mp4,61,0,0,2,Maggie MacPherson and Kelsey McCune,Brynna Hood,
A064LR 2019-12-10 Go:No-Go S7 T62.mp4,62,-1,1,-1,Maggie MacPherson and Kelsey McCune,Brynna Hood,
A064LR 2019-12-10 Go:No-Go S7 T62.mp4,62,1,1,1,Maggie MacPherson and Kelsey McCune,Brynna Hood,
A064LR 2019-12-10 Go:No-Go S7 T62.mp4,63,0,0,0,Maggie MacPherson and Kelsey McCune,Brynna Hood,
A064LR 2019-12-10 Go:No-Go S7 T62.mp4,64,1,0,1,Maggie MacPherson and Kelsey McCune,Brynna Hood,
A064LR 2019-12-10 Go:No-Go S7 T62.mp4,65,1,1,1,Maggie MacPherson and Kelsey McCune,Brynna Hood,
A064LR 2019-12-10 Go:No-Go S7 T62.mp4,66,0,0,0,Maggie MacPherson and Kelsey McCune,Brynna Hood,
A064LR 2019-12-10 Go:No-Go S7 T62.mp4,67,0,1,0,Maggie MacPherson and Kelsey McCune,Brynna Hood,
A064LR 2019-12-10 Go:No-Go S7 T62.mp4,68,1,0,1,Maggie MacPherson and Kelsey McCune,Brynna Hood,
A064LR 2019-12-10 Go:No-Go S7 T62.mp4,69,0,1,0,Maggie MacPherson and Kelsey McCune,Brynna Hood,
A064LR 2019-12-10 Go:No-Go S7 T62.mp4,70,1,0,1,Maggie MacPherson and Kelsey McCune,Brynna Hood,
A064LR 2019-12-10 Go:No-Go S7 T62.mp4,71,0,1,0,Maggie MacPherson and Kelsey McCune,Brynna Hood,
A064LR 2019-12-10 Go:No-Go S7 T62.mp4,72,1,1,1,Maggie MacPherson and Kelsey McCune,Brynna Hood,
A064LR 2019-12-10 Go:No-Go S7 T62.mp4,73,0,0,0,Maggie MacPherson and Kelsey McCune,Brynna Hood,
A064LR 2019-12-10 Go:No-Go S7 T62.mp4,74,1,0,1,Maggie MacPherson and Kelsey McCune,Brynna Hood,
A064LR 2019-12-10 Go:No-Go S7 T62.mp4,75,1,1,1,Maggie MacPherson and Kelsey McCune,Brynna Hood,
A064LR 2019-12-10 Go:No-Go S7 T62.mp4,76,0,0,0,Maggie MacPherson and Kelsey McCune,Brynna Hood,
A064LR 2019-12-10 Go:No-Go S7 T62.mp4,77,0,1,0,Maggie MacPherson and Kelsey McCune,Brynna Hood,
A064LR 2019-12-10 Go:No-Go S7 T62.mp4,78,1,0,1,Maggie MacPherson and Kelsey McCune,Brynna Hood,
A064LR 2019-12-10 Go:No-Go S8 T82.mp4,79,0,1,0,Maggie MacPherson and Kelsey McCune,Brynna Hood,
A064LR 2019-12-10 Go:No-Go S8 T82.mp4,80,1,0,1,Maggie MacPherson and Kelsey McCune,Brynna Hood,
A064LR 2019-12-10 Go:No-Go S8 T82.mp4,81,0,1,0,Maggie MacPherson and Kelsey McCune,Brynna Hood,
A064LR 2019-12-10 Go:No-Go S8 T82.mp4,82,1,0,1,Maggie MacPherson and Kelsey McCune,Brynna Hood,
A064LR 2019-12-10 Go:No-Go S8 T82.mp4,83,2,1,0,Maggie MacPherson and Kelsey McCune,Brynna Hood,
A064LR 2019-12-10 Go:No-Go S8 T82.mp4,84,1,0,1,Maggie MacPherson and Kelsey McCune,Brynna Hood,
A064LR 2019-12-10 Go:No-Go S8 T82.mp4,85,0,1,0,Maggie MacPherson and Kelsey McCune,Brynna Hood,
A064LR 2019-12-10 Go:No-Go S8 T82.mp4,86,1,0,1,Maggie MacPherson and Kelsey McCune,Brynna Hood,
A064LR 2019-12-10 Go:No-Go S8 T82.mp4,87,0,1,0,Maggie MacPherson and Kelsey McCune,Brynna Hood,
A064LR 2019-12-10 Go:No-Go S8 T82.mp4,88,1,0,1,Maggie MacPherson and Kelsey McCune,Brynna Hood,
A064LR 2019-12-10 Go:No-Go S8 T82.mp4,89,0,0,0,Maggie MacPherson and Kelsey McCune,Brynna Hood,
A064LR 2019-12-10 Go:No-Go S8 T82.mp4,90,1,1,1,Maggie MacPherson and Kelsey McCune,Brynna Hood,
A064LR 2019-12-10 Go:No-Go S8 T82.mp4,91,0,1,0,Maggie MacPherson and Kelsey McCune,Brynna Hood,
A064LR 2019-12-10 Go:No-Go S8 T82.mp4,92,0,0,0,Maggie MacPherson and Kelsey McCune,Brynna Hood,
A064LR 2019-12-10 Go:No-Go S8 T82.mp4,93,1,1,1,Maggie MacPherson and Kelsey McCune,Brynna Hood,
A064LR 2019-12-10 Go:No-Go S8 T82.mp4,94,1,0,1,Maggie MacPherson and Kelsey McCune,Brynna Hood,
A064LR 2019-12-10 Go:No-Go S8 T82.mp4,95,0,1,0,Maggie MacPherson and Kelsey McCune,Brynna Hood,
A064LR 2019-12-10 Go:No-Go S8 T82.mp4,96,1,0,1,Maggie MacPherson and Kelsey McCune,Brynna Hood,
A064LR 2019-12-10 Go:No-Go S8 T82.mp4,97,0,1,0,Maggie MacPherson and Kelsey McCune,Brynna Hood,
A064LR 2019-12-10 Go:No-Go S8 T82.mp4,98,1,0,1,Maggie MacPherson and Kelsey McCune,Brynna Hood,
A064LR 2019-12-11 Go:No-Go S9 T102.mp4,99,0,1,0,Maggie MacPherson and Kelsey McCune,Brynna Hood,
A064LR 2019-12-11 Go:No-Go S9 T102.mp4,100,1,2,1,Maggie MacPherson and Kelsey McCune,Brynna Hood,
A064LR 2019-12-11 Go:No-Go S9 T102.mp4,101,0,1,0,Maggie MacPherson and Kelsey McCune,Brynna Hood,
A064LR 2019-12-11 Go:No-Go S9 T102.mp4,102,1,0,1,Maggie MacPherson and Kelsey McCune,Brynna Hood,
A064LR 2019-12-11 Go:No-Go S9 T102.mp4,103,2,0,2,Maggie MacPherson and Kelsey McCune,Brynna Hood,
A064LR 2019-12-11 Go:No-Go S9 T102.mp4,104,1,1,1,Maggie MacPherson and Kelsey McCune,Brynna Hood,
A064LR 2019-12-11 Go:No-Go S9 T102.mp4,105,0,0,0,Maggie MacPherson and Kelsey McCune,Brynna Hood,
A064LR 2019-12-11 Go:No-Go S9 T102.mp4,106,0,1,0,Maggie MacPherson and Kelsey McCune,Brynna Hood,
A064LR 2019-12-11 Go:No-Go S9 T102.mp4,107,1,1,1,Maggie MacPherson and Kelsey McCune,Brynna Hood,
A064LR 2019-12-11 Go:No-Go S9 T102.mp4,108,0,0,0,Maggie MacPherson and Kelsey McCune,Brynna Hood,
A064LR 2019-12-11 Go:No-Go S9 T102.mp4,109,1,0,1,Maggie MacPherson and Kelsey McCune,Brynna Hood,
A064LR 2019-12-11 Go:No-Go S9 T102.mp4,110,1,1,1,Maggie MacPherson and Kelsey McCune,Brynna Hood,
A064LR 2019-12-11 Go:No-Go S9 T102.mp4,111,0,1,0,Maggie MacPherson and Kelsey McCune,Brynna Hood,
A064LR 2019-12-11 Go:No-Go S9 T102.mp4,112,0,0,0,Maggie MacPherson and Kelsey McCune,Brynna Hood,
A064LR 2019-12-11 Go:No-Go S9 T102.mp4,113,1,0,1,Maggie MacPherson and Kelsey McCune,Brynna Hood,
A064LR 2019-12-11 Go:No-Go S9 T102.mp4,114,1,1,1,Maggie MacPherson and Kelsey McCune,Brynna Hood,
A064LR 2019-12-11 Go:No-Go S9 T102.mp4,115,0,0,0,Maggie MacPherson and Kelsey McCune,Brynna Hood,
A064LR 2019-12-11 Go:No-Go S9 T102.mp4,116,0,1,0,Maggie MacPherson and Kelsey McCune,Brynna Hood,
A064LR 2019-12-11 Go:No-Go S9 T102.mp4,117,1,-1,1,Maggie MacPherson and Kelsey McCune,Brynna Hood,
A064LR 2019-12-11 Go:No-Go S9 T102.mp4,118,0,2,0,Maggie MacPherson and Kelsey McCune,Brynna Hood,
A064LR 2019-12-11 Go:No-Go S10 T121.mp4,119,1,0,1,Maggie MacPherson and Kelsey McCune,Brynna Hood,
A064LR 2019-12-11 Go:No-Go S10 T121.mp4,120,-1,0,-1,Maggie MacPherson and Kelsey McCune,Brynna Hood,
A064LR 2019-12-11 Go:No-Go S10 T121.mp4,120,2,1,2,Maggie MacPherson and Kelsey McCune,Brynna Hood,
A064LR 2019-12-11 Go:No-Go S10 T121.mp4,121,-1,0,0,Maggie MacPherson and Kelsey McCune,Brynna Hood,
A064LR 2019-12-11 Go:No-Go S10 T121.mp4,121,0,0,0,Maggie MacPherson and Kelsey McCune,Brynna Hood,
A064LR 2019-12-11 Go:No-Go S10 T121.mp4,122,1,1,1,Maggie MacPherson and Kelsey McCune,Brynna Hood,
A064LR 2019-12-11 Go:No-Go S10 T121.mp4,123,0,0,0,Maggie MacPherson and Kelsey McCune,Brynna Hood,
A064LR 2019-12-11 Go:No-Go S10 T121.mp4,124,0,0,0,Maggie MacPherson and Kelsey McCune,Brynna Hood,
A064LR 2019-12-11 Go:No-Go S10 T121.mp4,125,1,0,1,Maggie MacPherson and Kelsey McCune,Brynna Hood,
A064LR 2019-12-11 Go:No-Go S10 T121.mp4,126,0,2,0,Maggie MacPherson and Kelsey McCune,Brynna Hood,
A064LR 2019-12-11 Go:No-Go S10 T121.mp4,127,-1,0,0,Maggie MacPherson and Kelsey McCune,Brynna Hood,
A064LR 2019-12-11 Go:No-Go S10 T121.mp4,127,-1,1,0,Maggie MacPherson and Kelsey McCune,Brynna Hood,
A064LR 2019-12-11 Go:No-Go S10 T121.mp4,127,2,1,2,Maggie MacPherson and Kelsey McCune,Brynna Hood,
A064LR 2019-12-11 Go:No-Go S10 T121.mp4,128,0,2,0,Maggie MacPherson and Kelsey McCune,Brynna Hood,
A064LR 2019-12-11 Go:No-Go S10 T121.mp4,129,1,2,1,Maggie MacPherson and Kelsey McCune,Brynna Hood,
A064LR 2019-12-11 Go:No-Go S10 T121.mp4,130,1,0,1,Maggie MacPherson and Kelsey McCune,Brynna Hood,
A064LR 2019-12-11 Go:No-Go S10 T121.mp4,131,2,2,2,Maggie MacPherson and Kelsey McCune,Brynna Hood,
A064LR 2019-12-11 Go:No-Go S10 T121.mp4,132,2,0,2,Maggie MacPherson and Kelsey McCune,Brynna Hood,
A064LR 2019-12-11 Go:No-Go S10 T121.mp4,133,-1,0,0,Maggie MacPherson and Kelsey McCune,Brynna Hood,
A064LR 2019-12-11 Go:No-Go S10 T121.mp4,133,2,2,2,Maggie MacPherson and Kelsey McCune,Brynna Hood,
A064LR 2019-12-12 Go:No-Go S11 T135.mp4,134,-1,1,0,Maggie MacPherson and Kelsey McCune,Brynna Hood,
A064LR 2019-12-12 Go:No-Go S11 T135.mp4,134,-1,0,0,Maggie MacPherson and Kelsey McCune,Brynna Hood,
A064LR 2019-12-12 Go:No-Go S11 T135.mp4,134,2,1,2,Maggie MacPherson and Kelsey McCune,Brynna Hood,
A064LR 2019-12-12 Go:No-Go S11 T135.mp4,135,1,1,1,Maggie MacPherson and Kelsey McCune,Brynna Hood,
A064LR 2019-12-12 Go:No-Go S11 T135.mp4,136,0,0,0,Maggie MacPherson and Kelsey McCune,Brynna Hood,
A064LR 2019-12-12 Go:No-Go S11 T135.mp4,137,1,0,1,Maggie MacPherson and Kelsey McCune,Brynna Hood,
A064LR 2019-12-12 Go:No-Go S11 T135.mp4,138,1,1,1,Maggie MacPherson and Kelsey McCune,Brynna Hood,
A064LR 2019-12-12 Go:No-Go S11 T135.mp4,139,0,0,0,Maggie MacPherson and Kelsey McCune,Brynna Hood,
A064LR 2019-12-12 Go:No-Go S11 T135.mp4,140,0,1,0,Maggie MacPherson and Kelsey McCune,Brynna Hood,
A064LR 2019-12-12 Go:No-Go S11 T135.mp4,141,1,0,1,Maggie MacPherson and Kelsey McCune,Brynna Hood,
A064LR 2019-12-12 Go:No-Go S11 T135.mp4,142,0,1,0,Maggie MacPherson and Kelsey McCune,Brynna Hood,
A064LR 2019-12-12 Go:No-Go S11 T135.mp4,143,1,2,1,Maggie MacPherson and Kelsey McCune,Brynna Hood,
A064LR 2019-12-12 Go:No-Go S11 T135.mp4,144,0,1,0,Maggie MacPherson and Kelsey McCune,Brynna Hood,
A064LR 2019-12-12 Go:No-Go S11 T135.mp4,145,1,1,1,Maggie MacPherson and Kelsey McCune,Brynna Hood,
A064LR 2019-12-12 Go:No-Go S11 T135.mp4,146,2,2,2,Maggie MacPherson and Kelsey McCune,Brynna Hood,
A064LR 2019-12-12 Go:No-Go S11 T135.mp4,147,1,2,1,Maggie MacPherson and Kelsey McCune,Brynna Hood,
A064LR 2019-12-12 Go:No-Go S11 T135.mp4,148,1,0,1,Maggie MacPherson and Kelsey McCune,Brynna Hood,
A064LR 2019-12-12 Go:No-Go S11 T135.mp4,149,2,2,2,Maggie MacPherson and Kelsey McCune,Brynna Hood,
A064LR 2019-12-12 Go:No-Go S11 T135.mp4,150,2,2,2,Maggie MacPherson and Kelsey McCune,Brynna Hood,
A064LR 2019-12-12 Go:No-Go S12 T154.mp4,151,-1,0,0,Maggie MacPherson and Kelsey McCune,Brynna Hood,
A064LR 2019-12-12 Go:No-Go S12 T154.mp4,151,2,2,2,Maggie MacPherson and Kelsey McCune,Brynna Hood,
A064LR 2019-12-12 Go:No-Go S12 T154.mp4,153,2,1,2,Maggie MacPherson and Kelsey McCune,Brynna Hood,
A064LR 2019-12-12 Go:No-Go S12 T154.mp4,154,-1,2,0,Maggie MacPherson and Kelsey McCune,Brynna Hood,
A064LR 2019-12-12 Go:No-Go S12 T154.mp4,154,2,0,2,Maggie MacPherson and Kelsey McCune,Brynna Hood,
A064LR 2019-12-12 Go:No-Go S12 T154.mp4,155,1,0,1,Maggie MacPherson and Kelsey McCune,Brynna Hood,
A064LR 2019-12-12 Go:No-Go S12 T154.mp4,156,2,1,2,Maggie MacPherson and Kelsey McCune,Brynna Hood,
A064LR 2019-12-12 Go:No-Go S12 T154.mp4,157,-1,2,0,Maggie MacPherson and Kelsey McCune,Brynna Hood,
A064LR 2019-12-12 Go:No-Go S12 T154.mp4,157,0,0,0,Maggie MacPherson and Kelsey McCune,Brynna Hood,
A064LR 2019-12-12 Go:No-Go S12 T154.mp4,158,1,2,1,Maggie MacPherson and Kelsey McCune,Brynna Hood,
A064LR 2019-12-12 Go:No-Go S12 T154.mp4,159,2,2,2,Maggie MacPherson and Kelsey McCune,Brynna Hood,
A064LR 2019-12-12 Go:No-Go S12 T154.mp4,160,-1,1,0,Maggie MacPherson and Kelsey McCune,Brynna Hood,
A064LR 2019-12-12 Go:No-Go S12 T154.mp4,160,2,1,2,Maggie MacPherson and Kelsey McCune,Brynna Hood,
A064LR 2019-12-12 Go:No-Go S12 T154.mp4,161,2,2,2,Maggie MacPherson and Kelsey McCune,Brynna Hood,
A064LR 2019-12-12 Go:No-Go S12 T154.mp4,162,1,1,1,Maggie MacPherson and Kelsey McCune,Brynna Hood,
A064LR 2019-12-12 Go:No-Go S12 T154.mp4,163,1,2,1,Maggie MacPherson and Kelsey McCune,Brynna Hood,
A064LR 2019-12-12 Go:No-Go S12 T154.mp4,164,2,1,2,Maggie MacPherson and Kelsey McCune,Brynna Hood,
A064LR 2019-12-12 Go:No-Go S12 T154.mp4,165,1,2,1,Maggie MacPherson and Kelsey McCune,Brynna Hood,
A064LR 2019-12-12 Go:No-Go S12 T154.mp4,166,2,-1,2,Maggie MacPherson and Kelsey McCune,Brynna Hood,
A064LR 2019-12-12 Go:No-Go S12 T154.mp4,167,1,2,1,Maggie MacPherson and Kelsey McCune,Brynna Hood,
A064LR 2019-12-13 Go:No-Go S13 T170.mp4,168,2,-1,2,Maggie MacPherson and Kelsey McCune,Brynna Hood,
A064LR 2019-12-13 Go:No-Go S13 T170.mp4,169,-1,-1,-1,Maggie MacPherson and Kelsey McCune,Brynna Hood,
A064LR,169,2,,2,Maggie MacPherson and Kelsey McCune,Brynna Hood,
A064LR,170,-1,,-1,Maggie MacPherson and Kelsey McCune,Brynna Hood,
A064LR,170,2,,-1,Maggie MacPherson and Kelsey McCune,Brynna Hood,"Experimenter had 3 extra rows, which matches with the 3 cell shift Logan had to make for Coder2’s data (see note above)"
A068YS 2019-12-05 Go:No-Go S1 T1.mp4,1,-1,0,0,Maggie MacPherson and Kelsey McCune,Brynna Hood,
A068YS 2019-12-05 Go:No-Go S1 T1.mp4,1,0,0,0,Maggie MacPherson and Kelsey McCune,Brynna Hood,
A068YS 2019-12-05 Go:No-Go S1 T1.mp4,2,1,1,1,Maggie MacPherson and Kelsey McCune,Brynna Hood,
A068YS 2019-12-05 Go:No-Go S1 T1.mp4,3,-1,1,1,Maggie MacPherson and Kelsey McCune,Brynna Hood,
A068YS 2019-12-05 Go:No-Go S1 T1.mp4,3,0,0,0,Maggie MacPherson and Kelsey McCune,Brynna Hood,
A068YS 2019-12-05 Go:No-Go S1 T1.mp4,4,0,0,0,Maggie MacPherson and Kelsey McCune,Brynna Hood,
A068YS 2019-12-05 Go:No-Go S1 T1.mp4,5,-1,0,0,Maggie MacPherson and Kelsey McCune,Brynna Hood,
A068YS 2019-12-05 Go:No-Go S1 T1.mp4,5,2,2,2,Maggie MacPherson and Kelsey McCune,Brynna Hood,
A068YS 2019-12-05 Go:No-Go S1 T1.mp4,6,-1,0,0,Maggie MacPherson and Kelsey McCune,Brynna Hood,
A068YS 2019-12-05 Go:No-Go S1 T1.mp4,6,0,0,0,Maggie MacPherson and Kelsey McCune,Brynna Hood,
A068YS 2019-12-05 Go:No-Go S1 T1.mp4,7,1,1,1,Maggie MacPherson and Kelsey McCune,Brynna Hood,
A068YS 2019-12-05 Go:No-Go S1 T1.mp4,8,2,0,0,Maggie MacPherson and Kelsey McCune,Brynna Hood,
A068YS 2019-12-05 Go:No-Go S1 T1.mp4,9,-1,0,0,Maggie MacPherson and Kelsey McCune,Brynna Hood,
A068YS 2019-12-05 Go:No-Go S1 T1.mp4,9,-1,0,0,Maggie MacPherson and Kelsey McCune,Brynna Hood,
A068YS 2019-12-05 Go:No-Go S1 T1.mp4,9,2,2,2,Maggie MacPherson and Kelsey McCune,Brynna Hood,
A068YS 2019-12-05 Go:No-Go S1 T1.mp4,10,2,2,2,Maggie MacPherson and Kelsey McCune,Brynna Hood,
A068YS 2019-12-05 Go:No-Go S1 T1.mp4,11,-1,-1,-1,Maggie MacPherson and Kelsey McCune,Brynna Hood,
A068YS 2019-12-05 Go:No-Go S1 T1.mp4,11,-1,-1,-1,Maggie MacPherson and Kelsey McCune,Brynna Hood,
A068YS 2019-12-05 Go:No-Go S1 T1.mp4,11,-1,0,0,Maggie MacPherson and Kelsey McCune,Brynna Hood,
A068YS 2019-12-05 Go:No-Go S1 T1.mp4,11,2,2,2,Maggie MacPherson and Kelsey McCune,Brynna Hood,
A068YS 2019-12-05 Go:No-Go S2 T12.mp4,12,-1,-1,-1,Maggie MacPherson and Kelsey McCune,Brynna Hood,
A068YS 2019-12-05 Go:No-Go S2 T12.mp4,12,2,2,2,Maggie MacPherson and Kelsey McCune,Brynna Hood,
A068YS 2019-12-05 Go:No-Go S2 T12.mp4,13,-1,0,0,Maggie MacPherson and Kelsey McCune,Brynna Hood,
A068YS 2019-12-05 Go:No-Go S2 T12.mp4,13,2,2,2,Maggie MacPherson and Kelsey McCune,Brynna Hood,
A068YS 2019-12-05 Go:No-Go S2 T12.mp4,14,-1,0,0,Maggie MacPherson and Kelsey McCune,Brynna Hood,
A068YS 2019-12-05 Go:No-Go S2 T12.mp4,14,-1,-1,-1,Maggie MacPherson and Kelsey McCune,Brynna Hood,
A068YS 2019-12-05 Go:No-Go S2 T12.mp4,14,-1,-1,-1,Maggie MacPherson and Kelsey McCune,Brynna Hood,
A068YS 2019-12-05 Go:No-Go S2 T12.mp4,14,2,-1,-1,Maggie MacPherson and Kelsey McCune,Brynna Hood,
A068YS 2019-12-05 Go:No-Go S2 T12.mp4,15,-1,-1,-1,Maggie MacPherson and Kelsey McCune,Brynna Hood,
A068YS 2019-12-05 Go:No-Go S2 T12.mp4,15,-1,-1,-1,Maggie MacPherson and Kelsey McCune,Brynna Hood,
A068YS 2019-12-05 Go:No-Go S2 T12.mp4,15,2,2,2,Maggie MacPherson and Kelsey McCune,Brynna Hood,
A068YS 2019-12-05 Go:No-Go S2 T12.mp4,16,-1,-1,-1,Maggie MacPherson and Kelsey McCune,Brynna Hood,
A068YS 2019-12-05 Go:No-Go S2 T12.mp4,16,-1,-1,-1,Maggie MacPherson and Kelsey McCune,Brynna Hood,
A068YS 2019-12-05 Go:No-Go S2 T12.mp4,16,-1,-1,-1,Maggie MacPherson and Kelsey McCune,Brynna Hood,
A068YS 2019-12-05 Go:No-Go S2 T12.mp4,16,0,0,0,Maggie MacPherson and Kelsey McCune,Brynna Hood,
A068YS 2019-12-05 Go:No-Go S2 T12.mp4,17,2,2,2,Maggie MacPherson and Kelsey McCune,Brynna Hood,
A068YS 2019-12-05 Go:No-Go S2 T12.mp4,18,-1,0,0,Maggie MacPherson and Kelsey McCune,Brynna Hood,
A068YS 2019-12-05 Go:No-Go S2 T12.mp4,18,2,2,2,Maggie MacPherson and Kelsey McCune,Brynna Hood,
A068YS 2019-12-06 Go:No-Go S3 T20.mp4,19,-1,0,0,Maggie MacPherson and Kelsey McCune,Brynna Hood,
A068YS 2019-12-06 Go:No-Go S3 T20.mp4,19,2,2,2,Maggie MacPherson and Kelsey McCune,Brynna Hood,
A068YS 2019-12-06 Go:No-Go S3 T20.mp4,20,-1,-1,-1,Maggie MacPherson and Kelsey McCune,Brynna Hood,
A068YS 2019-12-06 Go:No-Go S3 T20.mp4,20,2,2,2,Maggie MacPherson and Kelsey McCune,Brynna Hood,
A068YS 2019-12-06 Go:No-Go S3 T20.mp4,21,-1,-1,-1,Maggie MacPherson and Kelsey McCune,Brynna Hood,
A068YS 2019-12-06 Go:No-Go S3 T20.mp4,21,-1,1,1,Maggie MacPherson and Kelsey McCune,Brynna Hood,
A068YS 2019-12-06 Go:No-Go S3 T20.mp4,21,-1,2,2,Maggie MacPherson and Kelsey McCune,Brynna Hood,
A068YS 2019-12-06 Go:No-Go S3 T20.mp4,21,1,0,0,Maggie MacPherson and Kelsey McCune,Brynna Hood,
A068YS 2019-12-06 Go:No-Go S3 T20.mp4,22,-1,0,0,Maggie MacPherson and Kelsey McCune,Brynna Hood,"Logan made the 1 cell shift down for Coder2’s data from this point (see note below). It doesn’t match perfectly in this section, but I think this is where the trials got mis-aligned"
A068YS 2019-12-06 Go:No-Go S3 T20.mp4,22,-1,2,0,Maggie MacPherson and Kelsey McCune,Brynna Hood,
A068YS 2019-12-06 Go:No-Go S3 T20.mp4,22,0,2,2,Maggie MacPherson and Kelsey McCune,Brynna Hood,
A068YS 2019-12-06 Go:No-Go S3 T20.mp4,23,2,0,2,Maggie MacPherson and Kelsey McCune,Brynna Hood,
A068YS 2019-12-06 Go:No-Go S3 T20.mp4,24,2,0,0,Maggie MacPherson and Kelsey McCune,Brynna Hood,
A068YS 2019-12-06 Go:No-Go S3 T20.mp4,25,-1,2,0,Maggie MacPherson and Kelsey McCune,Brynna Hood,
A068YS 2019-12-06 Go:No-Go S3 T20.mp4,25,-1,2,2,Maggie MacPherson and Kelsey McCune,Brynna Hood,
A068YS 2019-12-06 Go:No-Go S3 T20.mp4,25,2,0,2,Maggie MacPherson and Kelsey McCune,Brynna Hood,
A068YS 2019-12-06 Go:No-Go S3 T20.mp4,26,0,2,0,Maggie MacPherson and Kelsey McCune,Brynna Hood,
A068YS 2019-12-06 Go:No-Go S3 T20.mp4,27,2,1,2,Maggie MacPherson and Kelsey McCune,Brynna Hood,
A068YS 2019-12-06 Go:No-Go S3 T20.mp4,28,0,1,1,Maggie MacPherson and Kelsey McCune,Brynna Hood,
A068YS 2019-12-06 Go:No-Go S3 T20.mp4,29,1,2,1,Maggie MacPherson and Kelsey McCune,Brynna Hood,
A068YS 2019-12-8 Go:No-Go S4 T30.mp4,30,-1,1,2,Maggie MacPherson and Kelsey McCune,Brynna Hood,"Logan moved Coder2’s data down by 1 cell (and added NA here) bc they matched perfectly, so re-aligned the trials after the no participation (-1) trial here which threw things off for Coder2"
A068YS 2019-12-8 Go:No-Go S4 T30.mp4,30,1,0,1,Maggie MacPherson and Kelsey McCune,Brynna Hood,
A068YS 2019-12-8 Go:No-Go S4 T30.mp4,31,0,1,0,Maggie MacPherson and Kelsey McCune,Brynna Hood,
A068YS 2019-12-8 Go:No-Go S4 T30.mp4,32,1,1,1,Maggie MacPherson and Kelsey McCune,Brynna Hood,
A068YS 2019-12-8 Go:No-Go S4 T30.mp4,33,1,2,1,Maggie MacPherson and Kelsey McCune,Brynna Hood,
A068YS 2019-12-8 Go:No-Go S4 T30.mp4,34,2,0,2,Maggie MacPherson and Kelsey McCune,Brynna Hood,
A068YS 2019-12-8 Go:No-Go S4 T30.mp4,35,0,1,0,Maggie MacPherson and Kelsey McCune,Brynna Hood,
A068YS 2019-12-8 Go:No-Go S4 T30.mp4,36,1,2,1,Maggie MacPherson and Kelsey McCune,Brynna Hood,
A068YS 2019-12-8 Go:No-Go S4 T30.mp4,37,-1,1,2,Maggie MacPherson and Kelsey McCune,Brynna Hood,
A068YS 2019-12-8 Go:No-Go S4 T30.mp4,37,1,0,1,Maggie MacPherson and Kelsey McCune,Brynna Hood,
A068YS 2019-12-8 Go:No-Go S4 T30.mp4,38,0,1,0,Maggie MacPherson and Kelsey McCune,Brynna Hood,
A068YS 2019-12-8 Go:No-Go S4 T30.mp4,39,1,0,1,Maggie MacPherson and Kelsey McCune,Brynna Hood,
A068YS 2019-12-8 Go:No-Go S4 T30.mp4,40,0,1,0,Maggie MacPherson and Kelsey McCune,Brynna Hood,
A068YS 2019-12-8 Go:No-Go S4 T30.mp4,41,1,0,1,Maggie MacPherson and Kelsey McCune,Brynna Hood,
A068YS 2019-12-8 Go:No-Go S4 T30.mp4,42,0,0,0,Maggie MacPherson and Kelsey McCune,Brynna Hood,
A068YS 2019-12-8 Go:No-Go S4 T30.mp4,43,0,2,0,Maggie MacPherson and Kelsey McCune,Brynna Hood,
A068YS 2019-12-8 Go:No-Go S4 T30.mp4,44,2,0,2,Maggie MacPherson and Kelsey McCune,Brynna Hood,
A068YS 2019-12-8 Go:No-Go S4 T30.mp4,45,0,0,0,Maggie MacPherson and Kelsey McCune,Brynna Hood,
A068YS 2019-12-8 Go:No-Go S4 T30.mp4,46,0,0,0,Maggie MacPherson and Kelsey McCune,Brynna Hood,
A068YS 2019-12-8 Go:No-Go S4 T30.mp4,47,0,2,0,Maggie MacPherson and Kelsey McCune,Brynna Hood,
A068YS 2019-12-9 Go:No-Go S5 T49.mp4,48,2,0,2,Maggie MacPherson and Kelsey McCune,Brynna Hood,
A068YS 2019-12-9 Go:No-Go S5 T49.mp4,49,0,2,0,Maggie MacPherson and Kelsey McCune,Brynna Hood,
A068YS 2019-12-9 Go:No-Go S5 T49.mp4,50,0,0,2,Maggie MacPherson and Kelsey McCune,Brynna Hood,
A068YS 2019-12-9 Go:No-Go S5 T49.mp4,51,-1,0,0,Maggie MacPherson and Kelsey McCune,Brynna Hood,
A068YS 2019-12-9 Go:No-Go S5 T49.mp4,51,0,0,0,Maggie MacPherson and Kelsey McCune,Brynna Hood,
A068YS 2019-12-9 Go:No-Go S5 T49.mp4,52,0,2,0,Maggie MacPherson and Kelsey McCune,Brynna Hood,
A068YS 2019-12-9 Go:No-Go S5 T49.mp4,53,2,-1,2,Maggie MacPherson and Kelsey McCune,Brynna Hood,
A068YS 2019-12-9 Go:No-Go S5 T49.mp4,54,-1,0,-1,Maggie MacPherson and Kelsey McCune,Brynna Hood,
A068YS 2019-12-9 Go:No-Go S5 T49.mp4,54,0,1,0,Maggie MacPherson and Kelsey McCune,Brynna Hood,
A068YS 2019-12-9 Go:No-Go S5 T49.mp4,55,1,2,1,Maggie MacPherson and Kelsey McCune,Brynna Hood,
A068YS 2019-12-9 Go:No-Go S5 T49.mp4,56,2,-1,2,Maggie MacPherson and Kelsey McCune,Brynna Hood,
A068YS 2019-12-9 Go:No-Go S5 T49.mp4,57,-1,1,-1,Maggie MacPherson and Kelsey McCune,Brynna Hood,
A068YS 2019-12-9 Go:No-Go S5 T49.mp4,57,1,0,1,Maggie MacPherson and Kelsey McCune,Brynna Hood,
A068YS 2019-12-9 Go:No-Go S5 T49.mp4,58,0,2,0,Maggie MacPherson and Kelsey McCune,Brynna Hood,
A068YS 2019-12-9 Go:No-Go S5 T49.mp4,59,2,1,2,Maggie MacPherson and Kelsey McCune,Brynna Hood,
A068YS 2019-12-9 Go:No-Go S5 T49.mp4,60,1,0,1,Maggie MacPherson and Kelsey McCune,Brynna Hood,
A068YS 2019-12-9 Go:No-Go S5 T49.mp4,61,0,1,0,Maggie MacPherson and Kelsey McCune,Brynna Hood,
A068YS 2019-12-9 Go:No-Go S5 T49.mp4,62,1,2,1,Maggie MacPherson and Kelsey McCune,Brynna Hood,
A068YS 2019-12-9 Go:No-Go S5 T49.mp4,63,-1,0,2,Maggie MacPherson and Kelsey McCune,Brynna Hood,
A068YS 2019-12-9 Go:No-Go S5 T49.mp4,63,-1,0,0,Maggie MacPherson and Kelsey McCune,Brynna Hood,
A068YS 2019-12-9 Go:No-Go S6 T64.mp4,63,0,0,0,Maggie MacPherson and Kelsey McCune,Brynna Hood,
A068YS 2019-12-9 Go:No-Go S6 T64.mp4,64,-1,2,0,Maggie MacPherson and Kelsey McCune,Brynna Hood,
A068YS 2019-12-9 Go:No-Go S6 T64.mp4,64,-1,1,2,Maggie MacPherson and Kelsey McCune,Brynna Hood,"Brynna got off by 1 trial here probably because of the 2 rather than -1 for the first attempt of T64. Moving Coder2’s data down by one cell would make almost everything match. This error can easily occur because it isn’t clear when a trial was aborted by the experimenter or when the bird didn’t participate or didn’t peck the screen. To correct this and get the two coders actually looking at the same trial, Logan create a new column for Coder 2’s data and moved the cells down by one cell for this bird from this trial forward"
A068YS 2019-12-9 Go:No-Go S6 T64.mp4,64,1,0,1,Maggie MacPherson and Kelsey McCune,Brynna Hood,
A068YS 2019-12-9 Go:No-Go S6 T64.mp4,65,0,0,0,Maggie MacPherson and Kelsey McCune,Brynna Hood,
A068YS 2019-12-9 Go:No-Go S6 T64.mp4,66,0,1,0,Maggie MacPherson and Kelsey McCune,Brynna Hood,
A068YS 2019-12-9 Go:No-Go S6 T64.mp4,67,1,0,1,Maggie MacPherson and Kelsey McCune,Brynna Hood,
A068YS 2019-12-9 Go:No-Go S6 T64.mp4,68,0,1,0,Maggie MacPherson and Kelsey McCune,Brynna Hood,
A068YS 2019-12-9 Go:No-Go S6 T64.mp4,69,1,1,1,Maggie MacPherson and Kelsey McCune,Brynna Hood,
A068YS 2019-12-9 Go:No-Go S6 T64.mp4,70,1,0,1,Maggie MacPherson and Kelsey McCune,Brynna Hood,
A068YS 2019-12-9 Go:No-Go S6 T64.mp4,71,0,0,0,Maggie MacPherson and Kelsey McCune,Brynna Hood,
A068YS 2019-12-9 Go:No-Go S6 T64.mp4,72,0,1,0,Maggie MacPherson and Kelsey McCune,Brynna Hood,
A068YS 2019-12-9 Go:No-Go S6 T64.mp4,73,1,1,1,Maggie MacPherson and Kelsey McCune,Brynna Hood,
A068YS 2019-12-9 Go:No-Go S6 T64.mp4,74,1,0,1,Maggie MacPherson and Kelsey McCune,Brynna Hood,
A068YS 2019-12-9 Go:No-Go S6 T64.mp4,75,0,2,0,Maggie MacPherson and Kelsey McCune,Brynna Hood,
A068YS 2019-12-9 Go:No-Go S6 T64.mp4,76,-1,1,2,Maggie MacPherson and Kelsey McCune,Brynna Hood,
A068YS 2019-12-9 Go:No-Go S6 T64.mp4,76,1,0,1,Maggie MacPherson and Kelsey McCune,Brynna Hood,
A068YS 2019-12-9 Go:No-Go S6 T64.mp4,77,0,1,0,Maggie MacPherson and Kelsey McCune,Brynna Hood,
A068YS 2019-12-9 Go:No-Go S6 T64.mp4,78,1,1,1,Maggie MacPherson and Kelsey McCune,Brynna Hood,
A068YS 2019-12-9 Go:No-Go S6 T64.mp4,79,1,0,1,Maggie MacPherson and Kelsey McCune,Brynna Hood,
A068YS 2019-12-10 Go:No-Go S7 T81.mp4,80,0,1,0,Maggie MacPherson and Kelsey McCune,Brynna Hood,
A068YS 2019-12-10 Go:No-Go S7 T81.mp4,81,1,0,1,Maggie MacPherson and Kelsey McCune,Brynna Hood,
A068YS 2019-12-10 Go:No-Go S7 T81.mp4,82,0,1,0,Maggie MacPherson and Kelsey McCune,Brynna Hood,
A068YS 2019-12-10 Go:No-Go S7 T81.mp4,83,1,1,1,Maggie MacPherson and Kelsey McCune,Brynna Hood,
A068YS 2019-12-10 Go:No-Go S7 T81.mp4,84,1,0,1,Maggie MacPherson and Kelsey McCune,Brynna Hood,
A068YS 2019-12-10 Go:No-Go S7 T81.mp4,85,0,0,0,Maggie MacPherson and Kelsey McCune,Brynna Hood,
A068YS 2019-12-10 Go:No-Go S7 T81.mp4,86,0,1,0,Maggie MacPherson and Kelsey McCune,Brynna Hood,
A068YS 2019-12-10 Go:No-Go S7 T81.mp4,87,1,0,1,Maggie MacPherson and Kelsey McCune,Brynna Hood,
A068YS 2019-12-10 Go:No-Go S7 T81.mp4,88,0,-1,0,Maggie MacPherson and Kelsey McCune,Brynna Hood,
A068YS 2019-12-10 Go:No-Go S7 T81.mp4,89,-1,0,-1,Maggie MacPherson and Kelsey McCune,Brynna Hood,
A068YS 2019-12-10 Go:No-Go S7 T81.mp4,89,0,1,0,Maggie MacPherson and Kelsey McCune,Brynna Hood,
A068YS 2019-12-10 Go:No-Go S7 T81.mp4,90,1,2,1,Maggie MacPherson and Kelsey McCune,Brynna Hood,
A068YS 2019-12-10 Go:No-Go S7 T81.mp4,91,2,1,2,Maggie MacPherson and Kelsey McCune,Brynna Hood,
A068YS 2019-12-10 Go:No-Go S7 T81.mp4,92,1,0,1,Maggie MacPherson and Kelsey McCune,Brynna Hood,
A068YS 2019-12-10 Go:No-Go S7 T81.mp4,93,-1,2,0,Maggie MacPherson and Kelsey McCune,Brynna Hood,
A068YS 2019-12-10 Go:No-Go S7 T81.mp4,93,0,0,2,Maggie MacPherson and Kelsey McCune,Brynna Hood,
A068YS 2019-12-10 Go:No-Go S7 T81.mp4,94,0,0,0,Maggie MacPherson and Kelsey McCune,Brynna Hood,
A068YS 2019-12-10 Go:No-Go S7 T81.mp4,95,-1,2,0,Maggie MacPherson and Kelsey McCune,Brynna Hood,
A068YS 2019-12-10 Go:No-Go S7 T81.mp4,95,0,1,2,Maggie MacPherson and Kelsey McCune,Brynna Hood,
A068YS 2019-12-10 Go:No-Go S7 T81.mp4,96,1,0,1,Maggie MacPherson and Kelsey McCune,Brynna Hood,
A068YS 2019-12-10 Go:No-Go S8 T98.mp4,97,0,0,0,Maggie MacPherson and Kelsey McCune,Brynna Hood,
A068YS 2019-12-10 Go:No-Go S8 T98.mp4,98,-1,0,0,Maggie MacPherson and Kelsey McCune,Brynna Hood,
A068YS 2019-12-10 Go:No-Go S8 T98.mp4,98,0,1,0,Maggie MacPherson and Kelsey McCune,Brynna Hood,
A068YS 2019-12-10 Go:No-Go S8 T98.mp4,99,1,0,1,Maggie MacPherson and Kelsey McCune,Brynna Hood,
A068YS 2019-12-10 Go:No-Go S8 T98.mp4,100,0,1,0,Maggie MacPherson and Kelsey McCune,Brynna Hood,
A068YS 2019-12-10 Go:No-Go S8 T98.mp4,101,1,0,1,Maggie MacPherson and Kelsey McCune,Brynna Hood,
A068YS 2019-12-10 Go:No-Go S8 T98.mp4,102,0,1,0,Maggie MacPherson and Kelsey McCune,Brynna Hood,
A068YS 2019-12-10 Go:No-Go S8 T98.mp4,103,1,0,1,Maggie MacPherson and Kelsey McCune,Brynna Hood,
A068YS 2019-12-10 Go:No-Go S8 T98.mp4,104,0,1,0,Maggie MacPherson and Kelsey McCune,Brynna Hood,
A068YS 2019-12-10 Go:No-Go S8 T98.mp4,105,1,0,1,Maggie MacPherson and Kelsey McCune,Brynna Hood,
A068YS 2019-12-10 Go:No-Go S8 T98.mp4,106,0,0,0,Maggie MacPherson and Kelsey McCune,Brynna Hood,
A068YS 2019-12-10 Go:No-Go S8 T98.mp4,107,0,1,0,Maggie MacPherson and Kelsey McCune,Brynna Hood,
A068YS 2019-12-10 Go:No-Go S8 T98.mp4,108,1,1,1,Maggie MacPherson and Kelsey McCune,Brynna Hood,
A068YS 2019-12-10 Go:No-Go S8 T98.mp4,109,1,-1,1,Maggie MacPherson and Kelsey McCune,Brynna Hood,
A068YS 2019-12-10 Go:No-Go S8 T98.mp4,110,2,1,-1,Maggie MacPherson and Kelsey McCune,Brynna Hood,
A068YS 2019-12-10 Go:No-Go S8 T98.mp4,111,1,0,1,Maggie MacPherson and Kelsey McCune,Brynna Hood,
A068YS 2019-12-10 Go:No-Go S8 T98.mp4,112,0,1,0,Maggie MacPherson and Kelsey McCune,Brynna Hood,
A068YS 2019-12-10 Go:No-Go S8 T98.mp4,113,1,0,1,Maggie MacPherson and Kelsey McCune,Brynna Hood,
A068YS 2019-12-10 Go:No-Go S8 T98.mp4,114,0,1,0,Maggie MacPherson and Kelsey McCune,Brynna Hood,
A068YS 2019-12-10 Go:No-Go S8 T98.mp4,115,1,0,1,Maggie MacPherson and Kelsey McCune,Brynna Hood,
A068YS 2019-12-11 Go:No-Go S9 T117.mp4,116,0,1,0,Maggie MacPherson and Kelsey McCune,Brynna Hood,
A068YS 2019-12-11 Go:No-Go S9 T117.mp4,117,1,0,1,Maggie MacPherson and Kelsey McCune,Brynna Hood,
A068YS 2019-12-11 Go:No-Go S9 T117.mp4,118,0,1,0,Maggie MacPherson and Kelsey McCune,Brynna Hood,
A068YS 2019-12-11 Go:No-Go S9 T117.mp4,119,1,0,1,Maggie MacPherson and Kelsey McCune,Brynna Hood,
A068YS 2019-12-11 Go:No-Go S9 T117.mp4,120,0,0,0,Maggie MacPherson and Kelsey McCune,Brynna Hood,
A068YS 2019-12-11 Go:No-Go S9 T117.mp4,121,0,1,0,Maggie MacPherson and Kelsey McCune,Brynna Hood,
A068YS 2019-12-11 Go:No-Go S9 T117.mp4,122,1,0,1,Maggie MacPherson and Kelsey McCune,Brynna Hood,
A068YS 2019-12-11 Go:No-Go S9 T117.mp4,123,0,1,0,Maggie MacPherson and Kelsey McCune,Brynna Hood,
A068YS 2019-12-11 Go:No-Go S9 T117.mp4,124,1,1,1,Maggie MacPherson and Kelsey McCune,Brynna Hood,
A068YS 2019-12-11 Go:No-Go S9 T117.mp4,125,1,0,1,Maggie MacPherson and Kelsey McCune,Brynna Hood,
A068YS 2019-12-11 Go:No-Go S9 T117.mp4,126,0,0,0,Maggie MacPherson and Kelsey McCune,Brynna Hood,
A068YS 2019-12-11 Go:No-Go S9 T117.mp4,127,0,-1,0,Maggie MacPherson and Kelsey McCune,Brynna Hood,
A068YS 2019-12-11 Go:No-Go S9 T117.mp4,128,-1,1,-1,Maggie MacPherson and Kelsey McCune,Brynna Hood,
A068YS 2019-12-11 Go:No-Go S9 T117.mp4,128,1,2,1,Maggie MacPherson and Kelsey McCune,Brynna Hood,
A068YS 2019-12-11 Go:No-Go S9 T117.mp4,129,0,0,2,Maggie MacPherson and Kelsey McCune,Brynna Hood,
A068YS 2019-12-11 Go:No-Go S9 T117.mp4,130,0,1,0,Maggie MacPherson and Kelsey McCune,Brynna Hood,
A068YS 2019-12-11 Go:No-Go S9 T117.mp4,131,1,0,1,Maggie MacPherson and Kelsey McCune,Brynna Hood,
A068YS 2019-12-11 Go:No-Go S9 T117.mp4,132,0,1,0,Maggie MacPherson and Kelsey McCune,Brynna Hood,
A068YS 2019-12-11 Go:No-Go S9 T117.mp4,133,1,1,1,Maggie MacPherson and Kelsey McCune,Brynna Hood,
A068YS 2019-12-11 Go:No-Go S9 T117.mp4,134,1,0,1,Maggie MacPherson and Kelsey McCune,Brynna Hood,
A068YS 2019-12-11 Go:No-Go S10 T136.mp4,135,0,1,0,Maggie MacPherson and Kelsey McCune,Brynna Hood,
A068YS 2019-12-11 Go:No-Go S10 T136.mp4,136,1,2,1,Maggie MacPherson and Kelsey McCune,Brynna Hood,
A068YS 2019-12-11 Go:No-Go S10 T136.mp4,137,2,1,2,Maggie MacPherson and Kelsey McCune,Brynna Hood,
A068YS 2019-12-11 Go:No-Go S10 T136.mp4,138,1,1,1,Maggie MacPherson and Kelsey McCune,Brynna Hood,
A068YS 2019-12-11 Go:No-Go S10 T136.mp4,139,1,2,1,Maggie MacPherson and Kelsey McCune,Brynna Hood,
A068YS 2019-12-11 Go:No-Go S10 T136.mp4,140,2,0,2,Maggie MacPherson and Kelsey McCune,Brynna Hood,
A068YS 2019-12-11 Go:No-Go S10 T136.mp4,141,0,1,0,Maggie MacPherson and Kelsey McCune,Brynna Hood,
A068YS 2019-12-11 Go:No-Go S10 T136.mp4,142,1,2,1,Maggie MacPherson and Kelsey McCune,Brynna Hood,
A068YS 2019-12-11 Go:No-Go S10 T136.mp4,143,2,1,2,Maggie MacPherson and Kelsey McCune,Brynna Hood,
A068YS 2019-12-11 Go:No-Go S10 T136.mp4,144,1,0,1,Maggie MacPherson and Kelsey McCune,Brynna Hood,
A068YS 2019-12-11 Go:No-Go S10 T136.mp4,145,0,1,0,Maggie MacPherson and Kelsey McCune,Brynna Hood,
A068YS 2019-12-11 Go:No-Go S10 T136.mp4,146,1,2,1,Maggie MacPherson and Kelsey McCune,Brynna Hood,
A068YS 2019-12-11 Go:No-Go S10 T136.mp4,147,2,1,2,Maggie MacPherson and Kelsey McCune,Brynna Hood,
A068YS 2019-12-11 Go:No-Go S10 T136.mp4,148,1,1,1,Maggie MacPherson and Kelsey McCune,Brynna Hood,
A068YS 2019-12-11 Go:No-Go S10 T136.mp4,149,1,2,1,Maggie MacPherson and Kelsey McCune,Brynna Hood,
A068YS 2019-12-11 Go:No-Go S10 T136.mp4,150,2,2,2,Maggie MacPherson and Kelsey McCune,Brynna Hood,
A068YS 2019-12-11 Go:No-Go S10 T136.mp4,151,2,1,2,Maggie MacPherson and Kelsey McCune,Brynna Hood,
A068YS 2019-12-11 Go:No-Go S10 T136.mp4,152,1,2,1,Maggie MacPherson and Kelsey McCune,Brynna Hood,
A068YS 2019-12-11 Go:No-Go S10 T136.mp4,153,2,1,2,Maggie MacPherson and Kelsey McCune,Brynna Hood,
A068YS 2019-12-11 Go:No-Go S10 T136.mp4,154,1,0,1,Maggie MacPherson and Kelsey McCune,Brynna Hood,
A068YS 2019-12-12 Go:No-Go S11 T156.mp4,155,0,1,0,Maggie MacPherson and Kelsey McCune,Brynna Hood,
A068YS 2019-12-12 Go:No-Go S11 T156.mp4,156,1,0,1,Maggie MacPherson and Kelsey McCune,Brynna Hood,
A068YS 2019-12-12 Go:No-Go S11 T156.mp4,157,0,1,0,Maggie MacPherson and Kelsey McCune,Brynna Hood,
A068YS 2019-12-12 Go:No-Go S11 T156.mp4,158,1,0,1,Maggie MacPherson and Kelsey McCune,Brynna Hood,
A068YS 2019-12-12 Go:No-Go S11 T156.mp4,159,0,1,0,Maggie MacPherson and Kelsey McCune,Brynna Hood,
A068YS 2019-12-12 Go:No-Go S11 T156.mp4,160,1,0,1,Maggie MacPherson and Kelsey McCune,Brynna Hood,
A068YS 2019-12-12 Go:No-Go S11 T156.mp4,161,0,1,0,Maggie MacPherson and Kelsey McCune,Brynna Hood,
A068YS 2019-12-12 Go:No-Go S11 T156.mp4,162,1,0,1,Maggie MacPherson and Kelsey McCune,Brynna Hood,
A068YS 2019-12-12 Go:No-Go S11 T156.mp4,163,0,1,0,Maggie MacPherson and Kelsey McCune,Brynna Hood,
A068YS 2019-12-12 Go:No-Go S11 T156.mp4,164,1,0,1,Maggie MacPherson and Kelsey McCune,Brynna Hood,
A068YS 2019-12-12 Go:No-Go S11 T156.mp4,165,0,2,0,Maggie MacPherson and Kelsey McCune,Brynna Hood,
A068YS 2019-12-12 Go:No-Go S11 T156.mp4,166,2,1,2,Maggie MacPherson and Kelsey McCune,Brynna Hood,
A068YS 2019-12-12 Go:No-Go S11 T156.mp4,167,1,1,1,Maggie MacPherson and Kelsey McCune,Brynna Hood,
A068YS 2019-12-12 Go:No-Go S11 T156.mp4,168,1,2,1,Maggie MacPherson and Kelsey McCune,Brynna Hood,
A068YS 2019-12-12 Go:No-Go S11 T156.mp4,169,2,1,2,Maggie MacPherson and Kelsey McCune,Brynna Hood,
A068YS 2019-12-12 Go:No-Go S11 T156.mp4,170,1,2,1,Maggie MacPherson and Kelsey McCune,Brynna Hood,
A068YS 2019-12-12 Go:No-Go S11 T156.mp4,171,2,1,2,Maggie MacPherson and Kelsey McCune,Brynna Hood,
A068YS 2019-12-12 Go:No-Go S11 T156.mp4,172,1,2,1,Maggie MacPherson and Kelsey McCune,Brynna Hood,
A068YS 2019-12-12 Go:No-Go S11 T156.mp4,173,2,1,2,Maggie MacPherson and Kelsey McCune,Brynna Hood,
A068YS 2019-12-12 Go:No-Go S11 T156.mp4,174,1,2,1,Maggie MacPherson and Kelsey McCune,Brynna Hood,
A068YS 2019-12-12 Go:No-Go S12 T176.mp4,175,2,1,2,Maggie MacPherson and Kelsey McCune,Brynna Hood,
A068YS 2019-12-12 Go:No-Go S12 T176.mp4,176,1,2,1,Maggie MacPherson and Kelsey McCune,Brynna Hood,
A068YS 2019-12-12 Go:No-Go S12 T176.mp4,177,2,1,2,Maggie MacPherson and Kelsey McCune,Brynna Hood,
A068YS 2019-12-12 Go:No-Go S12 T176.mp4,178,1,2,1,Maggie MacPherson and Kelsey McCune,Brynna Hood,
A068YS 2019-12-12 Go:No-Go S12 T176.mp4,179,2,2,2,Maggie MacPherson and Kelsey McCune,Brynna Hood,
A068YS 2019-12-12 Go:No-Go S12 T176.mp4,180,0,1,2,Maggie MacPherson and Kelsey McCune,Brynna Hood,
A068YS 2019-12-12 Go:No-Go S12 T176.mp4,181,1,0,1,Maggie MacPherson and Kelsey McCune,Brynna Hood,
A068YS 2019-12-12 Go:No-Go S12 T176.mp4,182,2,1,0,Maggie MacPherson and Kelsey McCune,Brynna Hood,
A068YS 2019-12-12 Go:No-Go S12 T176.mp4,183,1,1,1,Maggie MacPherson and Kelsey McCune,Brynna Hood,
A068YS 2019-12-12 Go:No-Go S12 T176.mp4,184,1,2,1,Maggie MacPherson and Kelsey McCune,Brynna Hood,
A068YS 2019-12-12 Go:No-Go S12 T176.mp4,185,2,2,2,Maggie MacPherson and Kelsey McCune,Brynna Hood,
A068YS 2019-12-12 Go:No-Go S12 T176.mp4,186,2,1,2,Maggie MacPherson and Kelsey McCune,Brynna Hood,
A068YS 2019-12-12 Go:No-Go S12 T176.mp4,187,1,1,1,Maggie MacPherson and Kelsey McCune,Brynna Hood,
A068YS 2019-12-12 Go:No-Go S12 T176.mp4,188,1,2,1,Maggie MacPherson and Kelsey McCune,Brynna Hood,
A068YS 2019-12-12 Go:No-Go S12 T176.mp4,189,2,2,2,Maggie MacPherson and Kelsey McCune,Brynna Hood,
A068YS 2019-12-12 Go:No-Go S12 T176.mp4,190,2,1,2,Maggie MacPherson and Kelsey McCune,Brynna Hood,
A068YS 2019-12-12 Go:No-Go S12 T176.mp4,191,1,2,1,Maggie MacPherson and Kelsey McCune,Brynna Hood,
A068YS 2019-12-12 Go:No-Go S12 T176.mp4,192,2,1,2,Maggie MacPherson and Kelsey McCune,Brynna Hood,
A068YS 2019-12-12 Go:No-Go S12 T176.mp4,193,1,1,1,Maggie MacPherson and Kelsey McCune,Brynna Hood,
A068YS 2019-12-12 Go:No-Go S12 T176.mp4,194,1,2,1,Maggie MacPherson and Kelsey McCune,Brynna Hood,
A068YS,195,2,,2,Maggie MacPherson and Kelsey McCune,,"The experimenter had one extra trial than coder2, which was corrected by shifting the cells down by one as noted above"
A086GB 2019-12-26 Go:No-Go S1 T1.mp4,1,0,1,1,Maggie MacPherson and Kelsey McCune,Brynna Hood,
A086GB 2019-12-26 Go:No-Go S1 T1.mp4,2,0,0,0,Maggie MacPherson and Kelsey McCune,Brynna Hood,
A086GB 2019-12-26 Go:No-Go S1 T1.mp4,3,0,0,0,Maggie MacPherson and Kelsey McCune,Brynna Hood,
A086GB 2019-12-26 Go:No-Go S1 T1.mp4,4,1,1,1,Maggie MacPherson and Kelsey McCune,Brynna Hood,
A086GB 2019-12-26 Go:No-Go S1 T1.mp4,5,0,0,0,Maggie MacPherson and Kelsey McCune,Brynna Hood,
A086GB 2019-12-26 Go:No-Go S1 T1.mp4,6,0,0,0,Maggie MacPherson and Kelsey McCune,Brynna Hood,
A086GB 2019-12-26 Go:No-Go S1 T1.mp4,7,-1,0,0,Maggie MacPherson and Kelsey McCune,Brynna Hood,
A086GB 2019-12-26 Go:No-Go S1 T1.mp4,7,2,0,0,Maggie MacPherson and Kelsey McCune,Brynna Hood,
A086GB 2019-12-26 Go:No-Go S1 T1.mp4,8,1,1,1,Maggie MacPherson and Kelsey McCune,Brynna Hood,
A086GB 2019-12-26 Go:No-Go S1 T1.mp4,9,0,0,0,Maggie MacPherson and Kelsey McCune,Brynna Hood,
A086GB 2019-12-26 Go:No-Go S1 T1.mp4,10,1,1,1,Maggie MacPherson and Kelsey McCune,Brynna Hood,
A086GB 2019-12-26 Go:No-Go S1 T1.mp4,11,0,0,0,Maggie MacPherson and Kelsey McCune,Brynna Hood,
A086GB 2019-12-26 Go:No-Go S1 T1.mp4,12,0,0,0,Maggie MacPherson and Kelsey McCune,Brynna Hood,
A086GB 2019-12-26 Go:No-Go S1 T1.mp4,13,-1,0,0,Maggie MacPherson and Kelsey McCune,Brynna Hood,
A086GB 2019-12-26 Go:No-Go S1 T1.mp4,13,0,0,0,Maggie MacPherson and Kelsey McCune,Brynna Hood,
A086GB 2019-12-26 Go:No-Go S1 T1.mp4,14,0,0,0,Maggie MacPherson and Kelsey McCune,Brynna Hood,
A086GB 2019-12-26 Go:No-Go S1 T1.mp4,15,1,1,1,Maggie MacPherson and Kelsey McCune,Brynna Hood,
A086GB 2019-12-26 Go:No-Go S1 T1.mp4,16,2,2,2,Maggie MacPherson and Kelsey McCune,Brynna Hood,
A086GB 2019-12-26 Go:No-Go S1 T1.mp4,17,-1,0,0,Maggie MacPherson and Kelsey McCune,Brynna Hood,
A086GB 2019-12-26 Go:No-Go S1 T1.mp4,17,-1,0,0,Maggie MacPherson and Kelsey McCune,Brynna Hood,
A086GB 2019-12-26 Go:No-Go S2 T17.mp4,17,0,0,0,Maggie MacPherson and Kelsey McCune,Brynna Hood,
A086GB 2019-12-26 Go:No-Go S2 T17.mp4,18,-1,-1,-1,Maggie MacPherson and Kelsey McCune,Brynna Hood,
A086GB 2019-12-26 Go:No-Go S2 T17.mp4,18,0,-1,0,Maggie MacPherson and Kelsey McCune,Brynna Hood,Coder2’s -1 here threw the rest of the data off by 1 row so I moved it up in the new coder2 column
A086GB 2019-12-26 Go:No-Go S2 T17.mp4,19,2,0,2,Maggie MacPherson and Kelsey McCune,Brynna Hood,
A086GB 2019-12-26 Go:No-Go S2 T17.mp4,20,-1,2,2,Maggie MacPherson and Kelsey McCune,Brynna Hood,
A086GB 2019-12-26 Go:No-Go S2 T17.mp4,20,1,2,1,Maggie MacPherson and Kelsey McCune,Brynna Hood,
A086GB 2019-12-26 Go:No-Go S2 T17.mp4,21,0,1,0,Maggie MacPherson and Kelsey McCune,Brynna Hood,
A086GB 2019-12-26 Go:No-Go S2 T17.mp4,22,0,0,0,Maggie MacPherson and Kelsey McCune,Brynna Hood,
A086GB 2019-12-26 Go:No-Go S2 T17.mp4,23,2,0,2,Maggie MacPherson and Kelsey McCune,Brynna Hood,
A086GB 2019-12-26 Go:No-Go S2 T17.mp4,24,0,2,0,Maggie MacPherson and Kelsey McCune,Brynna Hood,
A086GB 2019-12-26 Go:No-Go S2 T17.mp4,25,2,0,2,Maggie MacPherson and Kelsey McCune,Brynna Hood,
A086GB 2019-12-26 Go:No-Go S2 T17.mp4,26,0,2,0,Maggie MacPherson and Kelsey McCune,Brynna Hood,
A086GB 2019-12-26 Go:No-Go S2 T17.mp4,27,1,0,1,Maggie MacPherson and Kelsey McCune,Brynna Hood,
A086GB 2019-12-26 Go:No-Go S2 T17.mp4,28,0,1,0,Maggie MacPherson and Kelsey McCune,Brynna Hood,
A086GB 2019-12-26 Go:No-Go S2 T17.mp4,29,-1,0,-1,Maggie MacPherson and Kelsey McCune,Brynna Hood,
A086GB 2019-12-26 Go:No-Go S2 T17.mp4,29,-1,-1,0,Maggie MacPherson and Kelsey McCune,Brynna Hood,
A086GB 2019-12-26 Go:No-Go S2 T17.mp4,29,2,0,2,Maggie MacPherson and Kelsey McCune,Brynna Hood,
A086GB 2019-12-26 Go:No-Go S2 T17.mp4,30,1,2,1,Maggie MacPherson and Kelsey McCune,Brynna Hood,
A086GB 2019-12-26 Go:No-Go S2 T17.mp4,31,1,1,1,Maggie MacPherson and Kelsey McCune,Brynna Hood,
A086GB 2019-12-26 Go:No-Go S2 T17.mp4,32,0,1,0,Maggie MacPherson and Kelsey McCune,Brynna Hood,
A086GB 2019-12-28 Go:No-Go S3 T22.mp4,33,0,0,0,Maggie MacPherson and Kelsey McCune,Brynna Hood,
A086GB 2019-12-28 Go:No-Go S3 T22.mp4,34,1,0,1,Maggie MacPherson and Kelsey McCune,Brynna Hood,
A086GB 2019-12-28 Go:No-Go S3 T22.mp4,35,0,1,0,Maggie MacPherson and Kelsey McCune,Brynna Hood,
A086GB 2019-12-28 Go:No-Go S3 T22.mp4,36,1,0,1,Maggie MacPherson and Kelsey McCune,Brynna Hood,
A086GB 2019-12-28 Go:No-Go S3 T22.mp4,37,1,1,1,Maggie MacPherson and Kelsey McCune,Brynna Hood,
A086GB 2019-12-28 Go:No-Go S3 T22.mp4,38,0,1,0,Maggie MacPherson and Kelsey McCune,Brynna Hood,
A086GB 2019-12-28 Go:No-Go S3 T22.mp4,39,1,0,1,Maggie MacPherson and Kelsey McCune,Brynna Hood,
A086GB 2019-12-28 Go:No-Go S3 T22.mp4,40,0,1,0,Maggie MacPherson and Kelsey McCune,Brynna Hood,
A086GB 2019-12-28 Go:No-Go S3 T22.mp4,41,0,0,0,Maggie MacPherson and Kelsey McCune,Brynna Hood,
A086GB 2019-12-28 Go:No-Go S3 T22.mp4,42,1,0,1,Maggie MacPherson and Kelsey McCune,Brynna Hood,
A086GB 2019-12-28 Go:No-Go S3 T22.mp4,43,0,1,0,Maggie MacPherson and Kelsey McCune,Brynna Hood,
A086GB 2019-12-28 Go:No-Go S3 T22.mp4,44,1,0,1,Maggie MacPherson and Kelsey McCune,Brynna Hood,
A086GB 2019-12-28 Go:No-Go S3 T22.mp4,45,0,1,0,Maggie MacPherson and Kelsey McCune,Brynna Hood,
A086GB 2019-12-28 Go:No-Go S3 T22.mp4,46,1,0,1,Maggie MacPherson and Kelsey McCune,Brynna Hood,
A086GB 2019-12-28 Go:No-Go S3 T22.mp4,47,1,1,1,Maggie MacPherson and Kelsey McCune,Brynna Hood,
A086GB 2019-12-28 Go:No-Go S3 T22.mp4,48,0,1,0,Maggie MacPherson and Kelsey McCune,Brynna Hood,
A086GB 2019-12-28 Go:No-Go S3 T22.mp4,49,1,0,1,Maggie MacPherson and Kelsey McCune,Brynna Hood,
A086GB 2019-12-28 Go:No-Go S3 T22.mp4,50,0,1,0,Maggie MacPherson and Kelsey McCune,Brynna Hood,
A086GB 2019-12-28 Go:No-Go S3 T22.mp4,51,1,0,1,Maggie MacPherson and Kelsey McCune,Brynna Hood,
A086GB 2019-12-28 Go:No-Go S4 T51.mp4,52,0,1,0,Maggie MacPherson and Kelsey McCune,Brynna Hood,
A086GB 2019-12-28 Go:No-Go S4 T51.mp4,53,0,0,0,Maggie MacPherson and Kelsey McCune,Brynna Hood,
A086GB 2019-12-28 Go:No-Go S4 T51.mp4,54,-1,0,0,Maggie MacPherson and Kelsey McCune,Brynna Hood,
A086GB 2019-12-28 Go:No-Go S4 T51.mp4,54,0,0,0,Maggie MacPherson and Kelsey McCune,Brynna Hood,
A086GB 2019-12-28 Go:No-Go S4 T51.mp4,55,1,0,1,Maggie MacPherson and Kelsey McCune,Brynna Hood,
A086GB 2019-12-28 Go:No-Go S4 T51.mp4,56,1,1,1,Maggie MacPherson and Kelsey McCune,Brynna Hood,
A086GB 2019-12-28 Go:No-Go S4 T51.mp4,57,0,1,0,Maggie MacPherson and Kelsey McCune,Brynna Hood,
A086GB 2019-12-28 Go:No-Go S4 T51.mp4,58,1,0,1,Maggie MacPherson and Kelsey McCune,Brynna Hood,
A086GB 2019-12-28 Go:No-Go S4 T51.mp4,59,0,1,0,Maggie MacPherson and Kelsey McCune,Brynna Hood,
A086GB 2019-12-28 Go:No-Go S4 T51.mp4,60,1,0,1,Maggie MacPherson and Kelsey McCune,Brynna Hood,
A086GB 2019-12-28 Go:No-Go S4 T51.mp4,61,0,1,0,Maggie MacPherson and Kelsey McCune,Brynna Hood,
A086GB 2019-12-28 Go:No-Go S4 T51.mp4,62,0,0,0,Maggie MacPherson and Kelsey McCune,Brynna Hood,
A086GB 2019-12-28 Go:No-Go S4 T51.mp4,63,1,0,1,Maggie MacPherson and Kelsey McCune,Brynna Hood,
A086GB 2019-12-28 Go:No-Go S4 T51.mp4,64,0,1,0,Maggie MacPherson and Kelsey McCune,Brynna Hood,
A086GB 2019-12-28 Go:No-Go S4 T51.mp4,65,1,0,1,Maggie MacPherson and Kelsey McCune,Brynna Hood,
A086GB 2019-12-28 Go:No-Go S4 T51.mp4,66,1,1,1,Maggie MacPherson and Kelsey McCune,Brynna Hood,
A086GB 2019-12-28 Go:No-Go S4 T51.mp4,67,0,1,0,Maggie MacPherson and Kelsey McCune,Brynna Hood,
A086GB 2019-12-28 Go:No-Go S4 T51.mp4,68,1,0,1,Maggie MacPherson and Kelsey McCune,Brynna Hood,
A086GB 2019-12-28 Go:No-Go S4 T51.mp4,69,0,1,0,Maggie MacPherson and Kelsey McCune,Brynna Hood,
A086GB 2019-12-28 Go:No-Go S4 T51.mp4,70,1,0,1,Maggie MacPherson and Kelsey McCune,Brynna Hood,
A086GB 2019-12-29 Go:No-Go S5 T70.mp4,71,2,1,2,Maggie MacPherson and Kelsey McCune,Brynna Hood,
A086GB 2019-12-29 Go:No-Go S5 T70.mp4,72,0,2,0,Maggie MacPherson and Kelsey McCune,Brynna Hood,
A086GB 2019-12-29 Go:No-Go S5 T70.mp4,73,1,0,1,Maggie MacPherson and Kelsey McCune,Brynna Hood,
A086GB 2019-12-29 Go:No-Go S5 T70.mp4,74,0,1,0,Maggie MacPherson and Kelsey McCune,Brynna Hood,
A086GB 2019-12-29 Go:No-Go S5 T70.mp4,75,1,0,1,Maggie MacPherson and Kelsey McCune,Brynna Hood,
A086GB 2019-12-29 Go:No-Go S5 T70.mp4,76,0,1,0,Maggie MacPherson and Kelsey McCune,Brynna Hood,
A086GB 2019-12-29 Go:No-Go S5 T70.mp4,77,2,0,2,Maggie MacPherson and Kelsey McCune,Brynna Hood,
A086GB 2019-12-29 Go:No-Go S5 T70.mp4,78,1,2,1,Maggie MacPherson and Kelsey McCune,Brynna Hood,
A086GB 2019-12-29 Go:No-Go S5 T70.mp4,79,0,1,0,Maggie MacPherson and Kelsey McCune,Brynna Hood,
A086GB 2019-12-29 Go:No-Go S5 T70.mp4,80,0,0,0,Maggie MacPherson and Kelsey McCune,Brynna Hood,
A086GB 2019-12-29 Go:No-Go S5 T70.mp4,81,-1,0,0,Maggie MacPherson and Kelsey McCune,Brynna Hood,
A086GB 2019-12-29 Go:No-Go S5 T70.mp4,81,2,0,2,Maggie MacPherson and Kelsey McCune,Brynna Hood,
A086GB 2019-12-29 Go:No-Go S5 T70.mp4,82,1,2,1,Maggie MacPherson and Kelsey McCune,Brynna Hood,
A086GB 2019-12-29 Go:No-Go S5 T70.mp4,83,0,1,0,Maggie MacPherson and Kelsey McCune,Brynna Hood,
A086GB 2019-12-29 Go:No-Go S5 T70.mp4,84,1,0,1,Maggie MacPherson and Kelsey McCune,Brynna Hood,
A086GB 2019-12-29 Go:No-Go S5 T70.mp4,85,0,1,0,Maggie MacPherson and Kelsey McCune,Brynna Hood,
A086GB 2019-12-29 Go:No-Go S5 T70.mp4,86,0,0,0,Maggie MacPherson and Kelsey McCune,Brynna Hood,
A086GB 2019-12-29 Go:No-Go S5 T70.mp4,87,1,0,1,Maggie MacPherson and Kelsey McCune,Brynna Hood,
A086GB 2019-12-29 Go:No-Go S5 T70.mp4,88,0,1,0,Maggie MacPherson and Kelsey McCune,Brynna Hood,
A086GB 2019-12-29 Go:No-Go S5 T70.mp4,89,0,0,0,Maggie MacPherson and Kelsey McCune,Brynna Hood,
A086GB 2019-12-29 Go:No-Go S5 T70.mp4,90,1,0,1,Maggie MacPherson and Kelsey McCune,Brynna Hood,
A086GB 2019-12-29 Go:No-Go S5 T70.mp4,91,0,1,0,Maggie MacPherson and Kelsey McCune,Brynna Hood,
A086GB 2019-12-29 Go:No-Go S5 T70.mp4,92,1,0,1,Maggie MacPherson and Kelsey McCune,Brynna Hood,
A086GB 2019-12-29 Go:No-Go S5 T70.mp4,93,1,1,1,Maggie MacPherson and Kelsey McCune,Brynna Hood,
A086GB 2019-12-29 Go:No-Go S5 T70.mp4,94,1,1,1,Maggie MacPherson and Kelsey McCune,Brynna Hood,
A086GB 2019-12-29 Go:No-Go S6 T94.mp4,95,2,1,2,Maggie MacPherson and Kelsey McCune,Brynna Hood,
A086GB 2019-12-29 Go:No-Go S6 T94.mp4,96,2,2,-1,Maggie MacPherson and Kelsey McCune,Brynna Hood,
A086GB 2019-12-29 Go:No-Go S6 T94.mp4,97,1,-1,1,Maggie MacPherson and Kelsey McCune,Brynna Hood,
A086GB 2019-12-29 Go:No-Go S6 T94.mp4,98,2,1,2,Maggie MacPherson and Kelsey McCune,Brynna Hood,
A086GB 2019-12-29 Go:No-Go S6 T94.mp4,99,1,2,1,Maggie MacPherson and Kelsey McCune,Brynna Hood,
A086GB 2019-12-29 Go:No-Go S6 T94.mp4,100,1,1,1,Maggie MacPherson and Kelsey McCune,Brynna Hood,
A086GB 2019-12-29 Go:No-Go S6 T94.mp4,101,0,1,0,Maggie MacPherson and Kelsey McCune,Brynna Hood,
A086GB 2019-12-29 Go:No-Go S6 T94.mp4,102,1,0,1,Maggie MacPherson and Kelsey McCune,Brynna Hood,
A086GB 2019-12-29 Go:No-Go S6 T94.mp4,103,0,1,0,Maggie MacPherson and Kelsey McCune,Brynna Hood,
A086GB 2019-12-29 Go:No-Go S6 T94.mp4,104,0,0,0,Maggie MacPherson and Kelsey McCune,Brynna Hood,
A086GB 2019-12-29 Go:No-Go S6 T94.mp4,105,1,0,1,Maggie MacPherson and Kelsey McCune,Brynna Hood,
A086GB 2019-12-29 Go:No-Go S6 T94.mp4,106,0,1,0,Maggie MacPherson and Kelsey McCune,Brynna Hood,
A086GB 2019-12-29 Go:No-Go S6 T94.mp4,107,1,0,1,Maggie MacPherson and Kelsey McCune,Brynna Hood,
A086GB 2019-12-29 Go:No-Go S6 T94.mp4,108,0,1,0,Maggie MacPherson and Kelsey McCune,Brynna Hood,
A086GB 2019-12-29 Go:No-Go S6 T94.mp4,109,1,0,1,Maggie MacPherson and Kelsey McCune,Brynna Hood,
A086GB 2019-12-29 Go:No-Go S6 T94.mp4,110,1,1,1,Maggie MacPherson and Kelsey McCune,Brynna Hood,
A086GB 2019-12-29 Go:No-Go S6 T94.mp4,111,0,1,0,Maggie MacPherson and Kelsey McCune,Brynna Hood,
A086GB 2019-12-29 Go:No-Go S6 T94.mp4,112,1,0,1,Maggie MacPherson and Kelsey McCune,Brynna Hood,
A086GB 2019-12-29 Go:No-Go S6 T94.mp4,113,0,1,0,Maggie MacPherson and Kelsey McCune,Brynna Hood,
A086GB 2019-12-29 Go:No-Go S6 T94.mp4,114,1,0,1,Maggie MacPherson and Kelsey McCune,Brynna Hood,
A086GB 2019-12-30 Go:No-Go S7 T114.mp4,115,0,1,0,Maggie MacPherson and Kelsey McCune,Brynna Hood,
A086GB 2019-12-30 Go:No-Go S7 T114.mp4,116,0,0,0,Maggie MacPherson and Kelsey McCune,Brynna Hood,
A086GB 2019-12-30 Go:No-Go S7 T114.mp4,117,1,0,1,Maggie MacPherson and Kelsey McCune,Brynna Hood,
A086GB 2019-12-30 Go:No-Go S7 T114.mp4,118,0,1,0,Maggie MacPherson and Kelsey McCune,Brynna Hood,
A086GB 2019-12-30 Go:No-Go S7 T114.mp4,119,1,0,1,Maggie MacPherson and Kelsey McCune,Brynna Hood,
A086GB 2019-12-30 Go:No-Go S7 T114.mp4,120,1,1,1,Maggie MacPherson and Kelsey McCune,Brynna Hood,
A086GB 2019-12-30 Go:No-Go S7 T114.mp4,121,0,1,0,Maggie MacPherson and Kelsey McCune,Brynna Hood,
A086GB 2019-12-30 Go:No-Go S7 T114.mp4,122,1,0,1,Maggie MacPherson and Kelsey McCune,Brynna Hood,
A086GB 2019-12-30 Go:No-Go S7 T114.mp4,123,0,1,0,Maggie MacPherson and Kelsey McCune,Brynna Hood,
A086GB 2019-12-30 Go:No-Go S7 T114.mp4,124,1,0,1,Maggie MacPherson and Kelsey McCune,Brynna Hood,
A086GB 2019-12-30 Go:No-Go S7 T114.mp4,125,-1,1,-1,Maggie MacPherson and Kelsey McCune,Brynna Hood,
A086GB 2019-12-30 Go:No-Go S7 T114.mp4,125,2,-1,2,Maggie MacPherson and Kelsey McCune,Brynna Hood,
A086GB 2019-12-30 Go:No-Go S7 T114.mp4,126,-1,2,0,Maggie MacPherson and Kelsey McCune,Brynna Hood,
A086GB 2019-12-30 Go:No-Go S7 T114.mp4,126,2,0,2,Maggie MacPherson and Kelsey McCune,Brynna Hood,
A086GB 2019-12-30 Go:No-Go S7 T114.mp4,127,1,2,1,Maggie MacPherson and Kelsey McCune,Brynna Hood,
A086GB 2019-12-30 Go:No-Go S7 T114.mp4,128,1,1,1,Maggie MacPherson and Kelsey McCune,Brynna Hood,
A086GB 2019-12-30 Go:No-Go S7 T114.mp4,129,2,1,2,Maggie MacPherson and Kelsey McCune,Brynna Hood,
A086GB 2019-12-30 Go:No-Go S7 T114.mp4,130,1,2,1,Maggie MacPherson and Kelsey McCune,Brynna Hood,
A086GB 2019-12-30 Go:No-Go S7 T114.mp4,131,2,1,2,Maggie MacPherson and Kelsey McCune,Brynna Hood,
A086GB 2019-12-30 Go:No-Go S7 T114.mp4,132,-1,2,0,Maggie MacPherson and Kelsey McCune,Brynna Hood,
A086GB 2019-12-30 Go:No-Go S8 T132.mp4,132,2,0,2,Maggie MacPherson and Kelsey McCune,Brynna Hood,
A086GB 2019-12-30 Go:No-Go S8 T132.mp4,133,2,2,2,Maggie MacPherson and Kelsey McCune,Brynna Hood,
A086GB 2019-12-30 Go:No-Go S8 T132.mp4,134,1,2,1,Maggie MacPherson and Kelsey McCune,Brynna Hood,
A086GB 2019-12-30 Go:No-Go S8 T132.mp4,135,2,1,2,Maggie MacPherson and Kelsey McCune,Brynna Hood,
A086GB 2019-12-30 Go:No-Go S8 T132.mp4,136,2,2,2,Maggie MacPherson and Kelsey McCune,Brynna Hood,
A086GB 2019-12-30 Go:No-Go S8 T132.mp4,137,1,2,1,Maggie MacPherson and Kelsey McCune,Brynna Hood,
A086GB 2019-12-30 Go:No-Go S8 T132.mp4,138,2,1,2,Maggie MacPherson and Kelsey McCune,Brynna Hood,
A086GB 2019-12-30 Go:No-Go S8 T132.mp4,139,1,2,1,Maggie MacPherson and Kelsey McCune,Brynna Hood,
A086GB 2019-12-30 Go:No-Go S8 T132.mp4,140,0,1,0,Maggie MacPherson and Kelsey McCune,Brynna Hood,
A086GB 2019-12-30 Go:No-Go S8 T132.mp4,141,1,0,1,Maggie MacPherson and Kelsey McCune,Brynna Hood,
A086GB 2019-12-30 Go:No-Go S8 T132.mp4,142,0,1,0,Maggie MacPherson and Kelsey McCune,Brynna Hood,
A086GB 2019-12-30 Go:No-Go S8 T132.mp4,143,0,0,0,Maggie MacPherson and Kelsey McCune,Brynna Hood,
A086GB 2019-12-30 Go:No-Go S8 T132.mp4,144,1,0,1,Maggie MacPherson and Kelsey McCune,Brynna Hood,
A086GB 2019-12-30 Go:No-Go S8 T132.mp4,145,2,1,2,Maggie MacPherson and Kelsey McCune,Brynna Hood,
A086GB 2019-12-30 Go:No-Go S8 T132.mp4,146,0,2,0,Maggie MacPherson and Kelsey McCune,Brynna Hood,
A086GB 2019-12-30 Go:No-Go S8 T132.mp4,147,1,0,1,Maggie MacPherson and Kelsey McCune,Brynna Hood,
A086GB 2019-12-30 Go:No-Go S8 T132.mp4,148,0,1,0,Maggie MacPherson and Kelsey McCune,Brynna Hood,
A086GB 2019-12-30 Go:No-Go S8 T132.mp4,149,1,0,1,Maggie MacPherson and Kelsey McCune,Brynna Hood,
A086GB 2019-12-30 Go:No-Go S8 T132.mp4,150,1,1,1,Maggie MacPherson and Kelsey McCune,Brynna Hood,
A086GB 2019-12-30 Go:No-Go S8 T132.mp4,151,1,1,1,Maggie MacPherson and Kelsey McCune,Brynna Hood,
A086GB 2019-12-31 Go:No-Go 9 T151.mp4,152,2,1,2,Maggie MacPherson and Kelsey McCune,Brynna Hood,
A086GB 2019-12-31 Go:No-Go 9 T151.mp4,153,2,2,2,Maggie MacPherson and Kelsey McCune,Brynna Hood,
A086GB 2019-12-31 Go:No-Go 9 T151.mp4,154,1,2,1,Maggie MacPherson and Kelsey McCune,Brynna Hood,
A086GB 2019-12-31 Go:No-Go 9 T151.mp4,155,2,1,2,Maggie MacPherson and Kelsey McCune,Brynna Hood,
A086GB 2019-12-31 Go:No-Go 9 T151.mp4,156,1,2,1,Maggie MacPherson and Kelsey McCune,Brynna Hood,
A086GB 2019-12-31 Go:No-Go 9 T151.mp4,157,1,1,1,Maggie MacPherson and Kelsey McCune,Brynna Hood,
A086GB 2019-12-31 Go:No-Go 9 T151.mp4,158,2,1,2,Maggie MacPherson and Kelsey McCune,Brynna Hood,
A086GB 2019-12-31 Go:No-Go 9 T151.mp4,159,1,2,1,Maggie MacPherson and Kelsey McCune,Brynna Hood,
A086GB 2019-12-31 Go:No-Go 9 T151.mp4,160,2,1,2,Maggie MacPherson and Kelsey McCune,Brynna Hood,
A086GB 2019-12-31 Go:No-Go 9 T151.mp4,161,0,2,0,Maggie MacPherson and Kelsey McCune,Brynna Hood,
A086GB 2019-12-31 Go:No-Go 9 T151.mp4,162,1,0,1,Maggie MacPherson and Kelsey McCune,Brynna Hood,
A086GB 2019-12-31 Go:No-Go 9 T151.mp4,163,2,1,2,Maggie MacPherson and Kelsey McCune,Brynna Hood,
A086GB 2019-12-31 Go:No-Go 9 T151.mp4,164,1,2,1,Maggie MacPherson and Kelsey McCune,Brynna Hood,
A086GB 2019-12-31 Go:No-Go 9 T151.mp4,165,0,1,0,Maggie MacPherson and Kelsey McCune,Brynna Hood,
A086GB 2019-12-31 Go:No-Go 9 T151.mp4,166,1,0,1,Maggie MacPherson and Kelsey McCune,Brynna Hood,
A086GB 2019-12-31 Go:No-Go 9 T151.mp4,167,1,1,1,Maggie MacPherson and Kelsey McCune,Brynna Hood,
A086GB 2019-12-31 Go:No-Go 9 T151.mp4,168,2,1,2,Maggie MacPherson and Kelsey McCune,Brynna Hood,
A086GB 2019-12-31 Go:No-Go 9 T151.mp4,169,1,2,1,Maggie MacPherson and Kelsey McCune,Brynna Hood,
A086GB 2019-12-31 Go:No-Go 9 T151.mp4,170,2,1,2,Maggie MacPherson and Kelsey McCune,Brynna Hood,
A086GB 2019-12-31 Go:No-Go 9 T151.mp4,,,2,,Maggie MacPherson and Kelsey McCune,Brynna Hood,"Coder2 had 1 extra row than the experimenter, which was corrected by shifting the cells up as noted above"