BirdNumber,VideoFileName,TrialDate,Reversal,RewardedColor,1Session,2Session,1Trial,2Trial,ChoiceTimeStamp,1CorrectChoice,2CorrectChoice,Coder1,Coder2,Video coder notes
C102OO,C102OO 2021-01-24 Reversal 0 S1 T1,2021-01-24,0,dark gray,1,1,1,1,0:51,0,0,KM,Lea Gihlein,All videos in this sheet coded in June and July 2021
C102OO,C102OO 2021-01-24 Reversal 0 S1 T1,2021-01-24,0,dark gray,1,1,2,2,2:06,1,1,KM,Lea Gihlein,
C102OO,C102OO 2021-01-24 Reversal 0 S1 T1,2021-01-24,0,dark gray,1,1,3,3,3:12,1,1,KM,Lea Gihlein,
C102OO,C102OO 2021-01-24 Reversal 0 S1 T1,2021-01-24,0,dark gray,1,1,4,4,4:04,0,0,KM,Lea Gihlein,
C102OO,C102OO 2021-01-24 Reversal 0 S1 T1,2021-01-24,0,dark gray,1,1,5,5,4:46,1,1,KM,Lea Gihlein,
C102OO,C102OO 2021-01-24 Reversal 0 S1 T1,2021-01-24,0,dark gray,1,1,6,6,5:38,0,0,KM,Lea Gihlein,
C102OO,C102OO 2021-01-24 Reversal 0 S1 T1,2021-01-24,0,dark gray,1,1,7,7,6:28,0,0,KM,Lea Gihlein,
C102OO,C102OO 2021-01-24 Reversal 0 S1 T1,2021-01-24,0,dark gray,1,1,8,8,7:07,1,1,KM,Lea Gihlein,
C102OO,C102OO 2021-01-24 Reversal 0 S1 T1,2021-01-24,0,dark gray,1,1,9,9,7:48,0,0,KM,Lea Gihlein,
C102OO,C102OO 2021-01-24 Reversal 0 S1 T1,2021-01-24,0,dark gray,1,1,10,10,8:53,0,0,KM,Lea Gihlein,
C102OO,C102OO 2021-01-24 Reversal 0 S1 T1,2021-01-24,0,dark gray,1,1,11,11,9:48,1,1,KM,Lea Gihlein,
C102OO,C102OO 2021-01-24 Reversal 0 S1 T1,2021-01-24,0,dark gray,1,1,12,12,10:40,1,1,KM,Lea Gihlein,
C102OO,C102OO 2021-01-24 Reversal 0 S1 T1,2021-01-24,0,dark gray,1,1,13,13,11:42,0,0,KM,Lea Gihlein,
C102OO,C102OO 2021-01-24 Reversal 0 S1 T1,2021-01-24,0,dark gray,1,1,14,14,12:22,0,0,KM,Lea Gihlein,
C102OO,C102OO 2021-01-24 Reversal 0 S1 T1,2021-01-24,0,dark gray,1,1,15,15,13:32,1,1,KM,Lea Gihlein,
C102OO,C102OO 2021-01-24 Reversal 0 S1 T1,2021-01-24,0,dark gray,1,1,16,16,15:04,0,0,KM,Lea Gihlein,
C102OO,C102OO 2021-01-24 Reversal 0 S1 T1,2021-01-24,0,dark gray,1,1,17,17,16:54,0,0,KM,Lea Gihlein,
C102OO,C102OO 2021-01-25 Reversal 0 S2 T18,2021-01-25,0,dark gray,2,2,18,18,0:35,1,1,ZM,Lea Gihlein,
C102OO,C102OO 2021-01-25 Reversal 0 S2 T18,2021-01-25,0,dark gray,2,2,19,19,2:08,0,0,ZM,Lea Gihlein,
C102OO,C102OO 2021-01-25 Reversal 0 S2 T18,2021-01-25,0,dark gray,2,2,20,20,3:50,0,0,ZM,Lea Gihlein,
C102OO,C102OO 2021-01-25 Reversal 0 S2 T18,2021-01-25,0,dark gray,2,2,21,21,5:56,1,1,ZM,Lea Gihlein,
C102OO,C102OO 2021-01-25 Reversal 0 S2 T18,2021-01-25,0,dark gray,2,2,22,22,7:47,1,1,ZM,Lea Gihlein,
C102OO,C102OO 2021-01-25 Reversal 0 S2 T18,2021-01-25,0,dark gray,2,2,23,23,9:49,1,1,ZM,Lea Gihlein,
C102OO,C102OO 2021-01-25 Reversal 0 S2 T18,2021-01-25,0,dark gray,2,2,24,24,11:39,1,1,ZM,Lea Gihlein,
C102OO,C102OO 2021-01-25 Reversal 0 S2 T18,2021-01-25,0,dark gray,2,2,25,25,12:57,1,1,ZM,Lea Gihlein,
C102OO,C102OO 2021-01-25 Reversal 0 S2 T18,2021-01-25,0,dark gray,2,2,26,26,14:30,1,1,ZM,Lea Gihlein,
C102OO,C102OO 2021-01-25 Reversal 0 S2 T18,2021-01-25,0,dark gray,2,2,27,27,18:30,1,1,ZM,Lea Gihlein,
C102OO,C102OO 2021-01-25 Reversal 0 S3 T28,2021-01-25,0,dark gray,3,3,28,28,1:50,1,1,ZM,Lea Gihlein,
C102OO,C102OO 2021-01-25 Reversal 0 S3 T28,2021-01-25,0,dark gray,3,3,29,29,3:23,1,1,ZM,Lea Gihlein,
C102OO,C102OO 2021-01-25 Reversal 0 S3 T28,2021-01-25,0,dark gray,3,3,30,30,4:34,1,1,ZM,Lea Gihlein,
C102OO,C102OO 2021-01-25 Reversal 0 S3 T28,2021-01-25,0,dark gray,3,3,31,31,5:40,1,1,ZM,Lea Gihlein,
C102OO,C102OO 2021-01-25 Reversal 0 S3 T28,2021-01-25,0,dark gray,3,3,32,32,6:47,1,1,ZM,Lea Gihlein,
C102OO,C102OO 2021-01-25 Reversal 0 S3 T28,2021-01-25,0,dark gray,3,3,33,33,8:05,1,1,ZM,Lea Gihlein,
C102OO,C102OO 2021-01-25 Reversal 0 S3 T28,2021-01-25,0,dark gray,3,3,34,34,9:45,1,1,ZM,Lea Gihlein,
C102OO,C102OO 2021-01-25 Reversal 0 S3 T28,2021-01-25,0,dark gray,3,3,35,35,11:15,1,1,ZM,Lea Gihlein,
C102OO,C102OO 2021-01-25 Reversal 0 S3 T28,2021-01-25,0,dark gray,3,3,36,36,13:34,1,1,ZM,Lea Gihlein,
C102OO,C102OO 2021-01-25 Reversal 0 S3 T28,2021-01-25,0,dark gray,3,3,37,37,15:47,1,1,ZM,Lea Gihlein,
C102OO,C102OO 2021-01-25 Reversal 0 S3 T28,2021-01-25,0,dark gray,3,3,38,38,16:58,1,1,ZM,Lea Gihlein,
C102OO,C102OO 2021-01-25 Reversal 0 S3 T28,2021-01-25,0,dark gray,3,3,39,39,18:23,1,1,ZM,Lea Gihlein,
C102OO,C102OO 2021-01-25 Reversal 0 S3 T28,2021-01-25,0,dark gray,3,3,40,40,19:51,1,1,ZM,Lea Gihlein,
C102OO,C102OO 2021-01-26 Reversal 1 S1 T1,2021-01-26,1,light gray,1,1,1,1,0:48,0,0,ZM,Lea Gihlein,
C102OO,C102OO 2021-01-26 Reversal 1 S1 T1,2021-01-26,1,light gray,1,1,2,2,2:09,0,0,ZM,Lea Gihlein,
C102OO,C102OO 2021-01-26 Reversal 1 S1 T1,2021-01-26,1,light gray,1,1,3,3,3:26,0,0,ZM,Lea Gihlein,
C102OO,C102OO 2021-01-26 Reversal 1 S1 T1,2021-01-26,1,light gray,1,1,4,4,4:36,0,0,ZM,Lea Gihlein,
C102OO,C102OO 2021-01-26 Reversal 1 S1 T1,2021-01-26,1,light gray,1,1,5,5,5:50,0,0,ZM,Lea Gihlein,
C102OO,C102OO 2021-01-26 Reversal 1 S1 T1,2021-01-26,1,light gray,1,1,6,6,6:57,0,0,ZM,Lea Gihlein,
C102OO,C102OO 2021-01-26 Reversal 1 S1 T1,2021-01-26,1,light gray,1,1,7,7,8:20,0,0,ZM,Lea Gihlein,
C102OO,C102OO 2021-01-26 Reversal 1 S1 T1,2021-01-26,1,light gray,1,1,8,8,9:36,0,0,ZM,Lea Gihlein,
C102OO,C102OO 2021-01-26 Reversal 1 S1 T1,2021-01-26,1,light gray,1,1,9,9,10:51,0,0,ZM,Lea Gihlein,
C102OO,C102OO 2021-01-26 Reversal 1 S1 T1,2021-01-26,1,light gray,1,1,10,10,17:26,0,0,ZM,Lea Gihlein,
C102OO,C102OO 2021-01-26 Reversal 1 S2 T11,2021-01-26,1,light gray,2,2,11,11,1:46,0,0,ZM,Lea Gihlein,
C102OO,C102OO 2021-01-26 Reversal 1 S2 T11,2021-01-26,1,light gray,2,2,12,12,3:07,0,0,ZM,Lea Gihlein,
C102OO,C102OO 2021-01-26 Reversal 1 S2 T11,2021-01-26,1,light gray,2,2,13,13,4:34,0,0,ZM,Lea Gihlein,
C102OO,C102OO 2021-01-26 Reversal 1 S2 T11,2021-01-26,1,light gray,2,2,14,14,5:41,0,0,ZM,Lea Gihlein,
C102OO,C102OO 2021-01-26 Reversal 1 S2 T11,2021-01-26,1,light gray,2,2,15,15,6:59,0,0,ZM,Lea Gihlein,
C102OO,C102OO 2021-01-26 Reversal 1 S2 T11,2021-01-26,1,light gray,2,2,16,16,8:12,0,0,ZM,Lea Gihlein,
C102OO,C102OO 2021-01-26 Reversal 1 S2 T11,2021-01-26,1,light gray,2,2,17,17,9:18,0,0,ZM,Lea Gihlein,
C102OO,C102OO 2021-01-26 Reversal 1 S2 T11,2021-01-26,1,light gray,2,2,18,18,10:32,0,0,ZM,Lea Gihlein,
C102OO,C102OO 2021-01-26 Reversal 1 S2 T11,2021-01-26,1,light gray,2,2,19,19,11:48,0,0,ZM,Lea Gihlein,looked at both
C102OO,C102OO 2021-01-26 Reversal 1 S2 T11,2021-01-26,1,light gray,2,2,20,20,13:33,0,0,ZM,Lea Gihlein,
C102OO,C102OO 2021-01-26 Reversal 1 S2 T11,2021-01-26,1,light gray,2,2,21,21,14:50,0,0,ZM,Lea Gihlein,
C102OO,C102OO 2021-01-26 Reversal 1 S2 T11,2021-01-26,1,light gray,2,2,22,22,15:34,0,0,ZM,Lea Gihlein,
C102OO,C102OO 2021-01-26 Reversal 1 S2 T11,2021-01-26,1,light gray,2,2,23,23,16:24,0,0,ZM,Lea Gihlein,
C102OO,C102OO 2021-01-26 Reversal 1 S2 T11,2021-01-26,1,light gray,2,2,24,24,17:25,0,0,ZM,Lea Gihlein,
C102OO,C102OO 2021-01-26 Reversal 1 S2 T11,2021-01-26,1,light gray,2,2,25,25,18:22,0,0,ZM,Lea Gihlein,
C102OO,C102OO 2021-01-26 Reversal 1 S2 T11,2021-01-26,1,light gray,2,2,26,26,19:10,0,0,ZM,Lea Gihlein,
C102OO,C102OO 2021-01-27 Reversal 1 S3 T27,2021-01-27,1,light gray,3,3,27,27,0:59,0,0,KM,Lea Gihlein,
C102OO,C102OO 2021-01-27 Reversal 1 S3 T27,2021-01-27,1,light gray,3,3,28,28,1:50,0,0,KM,Lea Gihlein,
C102OO,C102OO 2021-01-27 Reversal 1 S3 T27,2021-01-27,1,light gray,3,3,29,29,2:45,0,0,KM,Lea Gihlein,
C102OO,C102OO 2021-01-27 Reversal 1 S3 T27,2021-01-27,1,light gray,3,3,30,30,3:22,0,0,KM,Lea Gihlein,
C102OO,C102OO 2021-01-27 Reversal 1 S3 T27,2021-01-27,1,light gray,3,3,31,31,4:13,0,0,KM,Lea Gihlein,
C102OO,C102OO 2021-01-27 Reversal 1 S3 T27,2021-01-27,1,light gray,3,3,32,32,4:54,0,0,KM,Lea Gihlein,
C102OO,C102OO 2021-01-27 Reversal 1 S3 T27,2021-01-27,1,light gray,3,3,33,33,7:23,1,1,KM,Lea Gihlein,
C102OO,C102OO 2021-01-27 Reversal 1 S3 T27,2021-01-27,1,light gray,3,3,34,34,8:00,0,0,KM,Lea Gihlein,
C102OO,C102OO 2021-01-27 Reversal 1 S3 T27,2021-01-27,1,light gray,3,3,35,35,8:29,1,1,KM,Lea Gihlein,
C102OO,C102OO 2021-01-27 Reversal 1 S3 T27,2021-01-27,1,light gray,3,3,36,36,9:15,1,1,KM,Lea Gihlein,
C102OO,C102OO 2021-01-27 Reversal 1 S3 T27,2021-01-27,1,light gray,3,3,37,37,9:46,0,0,KM,Lea Gihlein,
C102OO,C102OO 2021-01-27 Reversal 1 S3 T27,2021-01-27,1,light gray,3,3,38,38,10:14,1,1,KM,Lea Gihlein,
C102OO,C102OO 2021-01-27 Reversal 1 S3 T27,2021-01-27,1,light gray,3,3,39,39,11:14,0,0,KM,Lea Gihlein,
C102OO,C102OO 2021-01-27 Reversal 1 S3 T27,2021-01-27,1,light gray,3,3,40,40,11:47,1,1,KM,Lea Gihlein,
C102OO,C102OO 2021-01-27 Reversal 1 S3 T27,2021-01-27,1,light gray,3,3,41,41,12:14,0,0,KM,Lea Gihlein,
C102OO,C102OO 2021-01-27 Reversal 1 S3 T27,2021-01-27,1,light gray,3,3,42,42,13:09,0,0,KM,Lea Gihlein,
C102OO,C102OO 2021-01-27 Reversal 1 S3 T27,2021-01-27,1,light gray,3,3,43,43,13:39,1,1,KM,Lea Gihlein,
C102OO,C102OO 2021-01-27 Reversal 1 S3 T27,2021-01-27,1,light gray,3,3,44,44,14:18,0,0,KM,Lea Gihlein,
C102OO,C102OO 2021-01-27 Reversal 1 S3 T27,2021-01-27,1,light gray,3,3,45,45,14:47,0,0,KM,Lea Gihlein,
C102OO,C102OO 2021-01-27 Reversal 1 S3 T27,2021-01-27,1,light gray,3,3,46,46,15:16,1,1,KM,Lea Gihlein,
C102OO,C102OO 2021-01-27 Reversal 1 S3 T27,2021-01-27,1,light gray,3,3,47,47,15:53,0,0,KM,Lea Gihlein,
C102OO,C102OO 2021-01-27 Reversal 1 S4 T48,2021-01-27,1,light gray,4,4,48,48,0:21,1,1,KM,Lea Gihlein,
C102OO,C102OO 2021-01-27 Reversal 1 S4 T48,2021-01-27,1,light gray,4,4,49,49,0:52,0,0,KM,Lea Gihlein,
C102OO,C102OO 2021-01-27 Reversal 1 S4 T48,2021-01-27,1,light gray,4,4,50,50,1:29,1,1,KM,Lea Gihlein,
C102OO,C102OO 2021-01-27 Reversal 1 S4 T48,2021-01-27,1,light gray,4,4,51,51,2:09,1,1,KM,Lea Gihlein,
C102OO,C102OO 2021-01-27 Reversal 1 S4 T48,2021-01-27,1,light gray,4,4,52,52,2:51,1,1,KM,Lea Gihlein,
C102OO,C102OO 2021-01-27 Reversal 1 S4 T48,2021-01-27,1,light gray,4,4,53,53,3:25,1,1,KM,Lea Gihlein,
C102OO,C102OO 2021-01-27 Reversal 1 S4 T48,2021-01-27,1,light gray,4,4,54,54,3:54,1,1,KM,Lea Gihlein,
C102OO,C102OO 2021-01-27 Reversal 1 S4 T48,2021-01-27,1,light gray,4,4,55,55,4:28,0,0,KM,Lea Gihlein,
C102OO,C102OO 2021-01-27 Reversal 1 S4 T48,2021-01-27,1,light gray,4,4,56,56,4:58,1,1,KM,Lea Gihlein,
C102OO,C102OO 2021-01-27 Reversal 1 S4 T48,2021-01-27,1,light gray,4,4,57,57,5:32,1,1,KM,Lea Gihlein,
C102OO,C102OO 2021-01-27 Reversal 1 S4 T48,2021-01-27,1,light gray,4,4,58,58,6:08,1,1,KM,Lea Gihlein,
C102OO,C102OO 2021-01-27 Reversal 1 S4 T48,2021-01-27,1,light gray,4,4,59,59,6:46,1,1,KM,Lea Gihlein,
C102OO,C102OO 2021-01-27 Reversal 1 S4 T48,2021-01-27,1,light gray,4,4,60,60,7:16,1,1,KM,Lea Gihlein,
C102OO,C102OO 2021-01-27 Reversal 1 S4 T48,2021-01-27,1,light gray,4,4,61,61,8:39,1,1,KM,Lea Gihlein,
C102OO,C102OO 2021-01-27 Reversal 1 S4 T48,2021-01-27,1,light gray,4,4,62,62,9:09,1,1,KM,Lea Gihlein,
C102OO,C102OO 2021-01-27 Reversal 1 S4 T48,2021-01-27,1,light gray,4,4,63,63,9:44,1,1,KM,Lea Gihlein,
C102OO,C102OO 2021-01-27 Reversal 1 S4 T48,2021-01-27,1,light gray,4,4,64,64,10:49,1,1,KM,Lea Gihlein,
C102OO,C102OO 2021-01-27 Reversal 1 S4 T48,2021-01-27,1,light gray,4,4,65,65,11:24,1,1,KM,Lea Gihlein,
C102OO,C102OO 2021-01-27 Reversal 1 S4 T48,2021-01-27,1,light gray,4,4,66,66,11:54,1,1,KM,Lea Gihlein,
C102OO,C102OO 2021-01-27 Reversal 1 S4 T48,2021-01-27,1,light gray,4,4,67,67,12:28,1,1,KM,Lea Gihlein,
C105AR,C105AR 2021-02-08 Reversal 0 S1 T1,2021-02-08,0,light gray,1,1,1,1,4:21,0,0,ZM,Lea Gihlein,
C105AR,C105AR 2021-02-08 Reversal 0 S1 T1,2021-02-08,0,light gray,1,1,2,2,NA,-1,-1,ZM,Lea Gihlein,
C105AR,C105AR 2021-02-08 Reversal 0 S2 T2,2021-02-08,0,light gray,2,2,2,2,NA,-1,-1,ZM,Lea Gihlein,
C105AR,C105AR 2021-02-08 Reversal 0 S3 T2,2021-02-08,0,light gray,3,3,2,2,NA,-1,-1,ZM,Lea Gihlein,
C105AR,C105AR 2021-02-09 Reversal 0 S4 T2,2021-02-09,0,light gray,4,4,2,2,NA,-1,-1,ZM,Lea Gihlein,
C105AR,C105AR 2021-02-09 Reversal 0 S5 T2,2021-02-09,0,light gray,5,5,2,2,NA,-1,-1,ZM,Lea Gihlein,
C105AR,C105AR 2021-02-09 Reversal 0 S6 T2,2021-02-09,0,light gray,6,6,2,2,NA,-1,-1,ZM,Lea Gihlein,
C105AR,C105AR 2021-02-10 Reversal 0 S7 T2,2021-02-10,0,light gray,7,7,2,2,NA,-1,-1,ZM,Lea Gihlein,
C105AR,C105AR 2021-02-10 Reversal 0 S8 T2,2021-02-10,0,light gray,8,8,2,2,NA,-1,-1,ZM,Lea Gihlein,
C105AR,C105AR 2021-02-11 Reversal 0 S9 T2,2021-02-11,0,light gray,9,9,2,2,0:42,1,1,ZM,Lea Gihlein,
C105AR,C105AR 2021-02-11 Reversal 0 S9 T2,2021-02-11,0,light gray,9,9,3,3,3:21,0,0,ZM,Lea Gihlein,
C105AR,C105AR 2021-02-11 Reversal 0 S9 T2,2021-02-11,0,light gray,9,9,4,4,4:15,1,1,ZM,Lea Gihlein,
C105AR,C105AR 2021-02-11 Reversal 0 S9 T2,2021-02-11,0,light gray,9,9,5,5,5:16,1,1,ZM,Lea Gihlein,
C105AR,C105AR 2021-02-11 Reversal 0 S9 T2,2021-02-11,0,light gray,9,9,6,6,6:16,0,0,ZM,Lea Gihlein,
C105AR,C105AR 2021-02-11 Reversal 0 S9 T2,2021-02-11,0,light gray,9,9,7,7,NA,-1,-1,ZM,Lea Gihlein,
C105AR,C105AR 2021-02-11 Reversal 0 S10 T7,2021-02-11,0,light gray,10,10,7,7,0:46,1,1,ZM,Lea Gihlein,
C105AR,C105AR 2021-02-11 Reversal 0 S10 T7,2021-02-11,0,light gray,10,10,8,8,1:43,1,1,ZM,Lea Gihlein,
C105AR,C105AR 2021-02-11 Reversal 0 S10 T7,2021-02-11,0,light gray,10,10,9,9,2:37,1,1,ZM,Lea Gihlein,
C105AR,C105AR 2021-02-11 Reversal 0 S10 T7,2021-02-11,0,light gray,10,10,10,10,NA,-1,-1,ZM,Lea Gihlein,
C105AR,C105AR 2021-02-12 Reversal 0 S11 T10,2021-02-12,0,light gray,11,11,10,10,0:40,0,0,ZM,Lea Gihlein,
C105AR,C105AR 2021-02-12 Reversal 0 S11 T10,2021-02-12,0,light gray,11,11,11,11,3:42,1,1,ZM,Lea Gihlein,
C105AR,C105AR 2021-02-12 Reversal 0 S11 T10,2021-02-12,0,light gray,11,11,12,12,4:43,1,1,ZM,Lea Gihlein,
C105AR,C105AR 2021-02-12 Reversal 0 S11 T10,2021-02-12,0,light gray,11,11,13,13,5:40,1,1,ZM,Lea Gihlein,
C105AR,C105AR 2021-02-12 Reversal 0 S11 T10,2021-02-12,0,light gray,11,11,14,14,6:27,1,1,ZM,Lea Gihlein,
C105AR,C105AR 2021-02-12 Reversal 0 S11 T10,2021-02-12,0,light gray,11,11,15,15,7:15,1,1,ZM,Lea Gihlein,
C105AR,C105AR 2021-02-12 Reversal 0 S11 T10,2021-02-12,0,light gray,11,11,16,16,8:10,1,1,ZM,Lea Gihlein,
C105AR,C105AR 2021-02-12 Reversal 0 S11 T10,2021-02-12,0,light gray,11,11,17,17,8:56,1,1,ZM,Lea Gihlein,
C105AR,C105AR 2021-02-12 Reversal 0 S11 T10,2021-02-12,0,light gray,11,11,18,18,9:50,1,1,ZM,Lea Gihlein,
C105AR,C105AR 2021-02-12 Reversal 0 S11 T10,2021-02-12,0,light gray,11,11,19,19,10:35,1,1,ZM,Lea Gihlein,
C105AR,C105AR 2021-02-12 Reversal 0 S11 T10,2021-02-12,0,light gray,11,11,20,20,11:15,1,1,ZM,Lea Gihlein,
C105AR,C105AR 2021-02-12 Reversal 0 S12 T21,2021-02-12,0,light gray,12,12,21,21,0:48,0,0,ZM,Lea Gihlein,
C105AR,C105AR 2021-02-12 Reversal 0 S12 T21,2021-02-12,0,light gray,12,12,22,22,1:29,1,1,ZM,Lea Gihlein,
C105AR,C105AR 2021-02-12 Reversal 0 S12 T21,2021-02-12,0,light gray,12,12,23,23,3:50,1,1,ZM,Lea Gihlein,
C105AR,C105AR 2021-02-12 Reversal 0 S12 T21,2021-02-12,0,light gray,12,12,24,24,4:39,1,1,ZM,Lea Gihlein,
C105AR,C105AR 2021-02-14 Revesal 1 S1 T1,2021-02-14,1,dark gray,1,1,1,1,0:34,0,0,KM,Lea Gihlein,spelling mistake in video name
C105AR,C105AR 2021-02-14 Revesal 1 S1 T1,2021-02-14,1,dark gray,1,1,2,2,1:10,0,0,KM,Lea Gihlein,spelling mistake in video name
C105AR,C105AR 2021-02-14 Revesal 1 S1 T1,2021-02-14,1,dark gray,1,1,3,3,1:43,0,0,KM,Lea Gihlein,spelling mistake in video name
C105AR,C105AR 2021-02-14 Revesal 1 S1 T1,2021-02-14,1,dark gray,1,1,4,4,2:21,0,0,KM,Lea Gihlein,spelling mistake in video name
C105AR,C105AR 2021-02-14 Revesal 1 S1 T1,2021-02-14,1,dark gray,1,1,5,5,4:55,0,0,KM,Lea Gihlein,spelling mistake in video name
C105AR,C105AR 2021-02-14 Revesal 1 S1 T1,2021-02-14,1,dark gray,1,1,6,6,NA,-1,-1,KM,Lea Gihlein,spelling mistake in video name
C105AR,C105AR 2021-02-14 Revesal 1 S2 T6,2021-02-14,1,dark gray,2,2,6,6,0:30,0,0,KM,Lea Gihlein,spelling mistake in video name
C105AR,C105AR 2021-02-14 Revesal 1 S2 T6,2021-02-14,1,dark gray,2,2,7,7,NA,-1,-1,KM,Lea Gihlein,spelling mistake in video name
C105AR,C105AR 2021-02-14 Revesal 1 S3 T7,2021-02-14,1,dark gray,3,3,7,7,2:37,0,0,KM,Lea Gihlein,spelling mistake in video name
C105AR,C105AR 2021-02-14 Revesal 1 S3 T7,2021-02-14,1,dark gray,3,3,8,8,NA,-1,-1,KM,Lea Gihlein,spelling mistake in video name
C105AR,C105AR 2021-02-15 Reversal 1 S4 T8,2021-02-15,1,dark gray,4,4,8,8,0:44,0,0,ZM,Lea Gihlein,
C105AR,C105AR 2021-02-15 Reversal 1 S4 T8,2021-02-15,1,dark gray,4,4,9,9,NA,-1,-1,ZM,Lea Gihlein,
C105AR,C105AR 2021-02-15 Reversal 1 S5 T9,2021-02-15,1,dark gray,5,5,9,9,0:48,0,0,ZM,Lea Gihlein,
C105AR,C105AR 2021-02-15 Reversal 1 S5 T9,2021-02-15,1,dark gray,5,5,10,10,NA,-1,-1,ZM,Lea Gihlein,
C105AR,C105AR 2021-02-16 Reversal 1 S6 T10,2021-02-16,1,dark gray,6,6,10,10,NA,-1,-1,ZM,Lea Gihlein,
C105AR,C105AR 2021-02-16 Reversal 1 S7 T10,2021-02-16,1,dark gray,7,7,10,10,NA,-1,-1,ZM,Lea Gihlein,
C105AR,C105AR 2021-02-16 Reversal 1 S8 T10,2021-02-16,1,dark gray,8,8,10,10,1:38,0,0,ZM,Lea Gihlein,
C105AR,C105AR 2021-02-16 Reversal 1 S8 T10,2021-02-16,1,dark gray,8,8,11,11,4:13,0,0,ZM,Lea Gihlein,
C105AR,C105AR 2021-02-16 Reversal 1 S8 T10,2021-02-16,1,dark gray,8,8,12,12,NA,-1,-1,ZM,Lea Gihlein,
C105AR,C105AR 2021-02-17 Reversal 1 S9 T12,2021-02-17,1,dark gray,9,9,12,12,NA,-1,-1,ZM,Lea Gihlein,
C105AR,C105AR 2021-02-17 Reversal 1 S10 T12,2021-02-17,1,dark gray,10,10,12,12,NA,-1,-1,ZM,Lea Gihlein,
C105AR,C105AR 2021-02-17 Reversal 1 S11 T12,2021-02-17,1,dark gray,11,11,12,12,NA,-1,-1,ZM,Lea Gihlein,
C105AR,C105AR 2021-02-18 Reversal 1 S12 T12,2021-02-18,1,dark gray,12,12,12,12,9:03,0,0,ZM,Lea Gihlein,
C105AR,C105AR 2021-02-18 Reversal 1 S12 T12,2021-02-18,1,dark gray,12,,13,13,NA,-1,-1,ZM,Lea Gihlein,
C105AR,C105AR 2021-02-18 Reversal 1 S13 T13 (whiteboard wrong),2021-02-18,1,dark gray,13,13,13,13,NA,-1,-1,ZM,Lea Gihlein,
C105AR,C105AR 2021-02-18 Reversal 1 S14 T13,2021-02-18,1,dark gray,14,14,13,13,NA,-1,-1,ZM,Lea Gihlein,
C105AR,C105AR 2021-02-19 Reversal 1 S15 T13,2021-02-19,1,dark gray,15,15,13,13,0:38,0,0,ZM,Lea Gihlein,
C105AR,C105AR 2021-02-19 Reversal 1 S15 T13,2021-02-19,1,dark gray,15,,14,14,NA,-1,-1,ZM,Lea Gihlein,
C105AR,C105AR 2021-02-19 Reversal 1 S16 T14,2021-02-19,1,dark gray,16,16,14,14,NA,-1,-1,ZM,Lea Gihlein,
C105AR,C105AR 2021-02-21 Reversal 1 S17 T14,2021-02-21,1,dark gray,17,17,14,14,NA,-1,-1,KM,Lea Gihlein,
C105AR,C105AR 2021-02-21 Reversal 1 S18 T14,2021-02-21,1,dark gray,18,18,14,14,NA,-1,-1,KM,Lea Gihlein,
C105AR,C105AR 2021-02-21 Reversal 1 S19 T14,2021-02-21,1,dark gray,19,19,14,14,NA,-1,-1,KM,Lea Gihlein,
C105AR,C105AR 2021-02-22 Reversal 1 S20 T14,2021-02-22,1,dark gray,20,20,14,14,7:57,0,0,ZM,Lea Gihlein,
C105AR,C105AR 2021-02-22 Reversal 1 S20 T14,2021-02-22,1,dark gray,20,,15,15,17:37,0,0,ZM,Lea Gihlein,
C105AR,C105AR 2021-02-22 Reversal 1 S20 T14,2021-02-22,1,dark gray,20,,16,16,22:52,0,0,ZM,Lea Gihlein,
C105AR,C105AR 2021-02-22 Reversal 1 S20 T14,2021-02-22,1,dark gray,20,,17,17,NA,-1,-1,ZM,Lea Gihlein,
C105AR,C105AR 2021-02-22 Reversal 1 S21 T17,2021-02-22,1,dark gray,21,21,17,17,NA,-1,-1,ZM,Lea Gihlein,
C105AR,C105AR 2021-02-22 Reversal 1 S22 T17,2021-02-22,1,dark gray,22,22,17,17,NA,-1,-1,ZM,Lea Gihlein,
C105AR,C105AR 2021-02-22 Reversal 1 S23 T17,2021-02-22,1,dark gray,23,23,17,17,NA,-1,-1,ZM,Lea Gihlein,
C105AR,C105AR 2021-02-23 Reversal 1 S24 T17,2021-02-23,1,dark gray,24,24,17,17,NA,-1,-1,ZM,Lea Gihlein,
C105AR,C105AR 2021-02-23 Reversal 1 S25 T17,2021-02-23,1,dark gray,25,25,17,17,NA,-1,-1,ZM,Lea Gihlein,
C105AR,C105AR 2021-02-23 Reversal 1 S26 T17,2021-02-23,1,dark gray,26,26,17,17,NA,-1,-1,ZM,Lea Gihlein,
C105AR,C105AR 2021-02-23 Reversal 1 S27 T17,2021-02-23,1,dark gray,27,27,17,17,NA,-1,-1,ZM,Lea Gihlein,
C105AR,C105AR 2021-02-24 Reversal 1 S28 T17,2021-02-24,1,dark gray,28,28,17,17,NA,-1,-1,ZM,Lea Gihlein,
C105AR,C105AR 2021-02-24 Reversal 1 S29 T17,2021-02-24,1,dark gray,29,29,17,17,NA,-1,-1,ZM,Lea Gihlein,
C105AR,C105AR 2021-02-25 Reversal 1 S30 T17,2021-02-25,1,dark gray,30,30,17,17,NA,-1,-1,ZM,Lea Gihlein,
C105AR,C105AR 2021-02-25 Reversal 1 S31 T17,2021-02-25,1,dark gray,31,31,17,17,5:44,0,0,ZM,Lea Gihlein,
C105AR,C105AR 2021-02-25 Reversal 1 S31 T17,2021-02-25,1,dark gray,31,31,18,18,NA,-1,-1,ZM,Lea Gihlein,
C105AR,C105AR 2021-02-25 Reversal 1 S32 T18,2021-02-25,1,dark gray,32,32,18,18,NA,-1,-1,ZM,Lea Gihlein,
C105AR,C105AR 2021-02-26 Reversal 1 S33 T18,2021-02-26,1,dark gray,33,33,18,18,NA,-1,-1,ZM,Lea Gihlein,
C105AR,C105AR 2021-02-28 Reversal 1 S34 T18,2021-02-28,1,dark gray,34,34,18,18,NA,-1,-1,KM,Lea Gihlein,
C105AR,C105AR 2021-03-01 Reversal 1 S35 T18,2021-03-01,1,dark gray,35,35,18,18,2:43,0,0,ZM,Lea Gihlein,
C105AR,C105AR 2021-03-01 Reversal 1 S35 T18,2021-03-01,1,dark gray,35,35,19,19,NA,-1,-1,ZM,Lea Gihlein,
C105AR,C105AR 2021-03-01 Reversal 1 S36 T19,2021-03-01,1,dark gray,36,36,19,19,0:51,0,0,ZM,Lea Gihlein,
C105AR,C105AR 2021-03-01 Reversal 1 S36 T19,2021-03-01,1,dark gray,36,36,20,20,NA,-1,-1,ZM,Lea Gihlein,
C105AR,C105AR 2021-03-02 Reversal 1 S37 T20,2021-03-02,1,dark gray,37,37,20,20,NA,-1,-1,ZM,Lea Gihlein,
C105AR,C105AR 2021-03-02 Reversal 1 S38 T20,2021-03-03,1,dark gray,38,38,20,20,NA,-1,-1,ZM,Lea Gihlein,
C105AR,C105AR 2021-03-03 Reversal 1 S39 T20.,2021-03-03,1,dark gray,39,39,20,20,NA,-1,-1,ZM,Lea Gihlein,
C105AR,C105AR 2021-03-03 Reversal 1 S40 T20,2021-03-03,1,dark gray,40,40,20,20,5:52,1,1,ZM,Lea Gihlein,
C105AR,C105AR 2021-03-03 Reversal 1 S40 T20,2021-03-03,1,dark gray,40,40,21,21,7:05,0,0,ZM,Lea Gihlein,
C105AR,C105AR 2021-03-03 Reversal 1 S40 T20,2021-03-03,1,dark gray,40,40,22,22,15:40,1,1,ZM,Lea Gihlein,
C105AR,C105AR 2021-03-03 Reversal 1 S40 T20,2021-03-03,1,dark gray,40,40,23,23,20:29,0,0,ZM,Lea Gihlein,
C105AR,C105AR 2021-03-03 Reversal 1 S40 T20,2021-03-03,1,dark gray,40,40,24,24,23:02,1,1,ZM,Lea Gihlein,
C105AR,C105AR 2021-03-03 Reversal 1 S40 T20,2021-03-03,1,dark gray,40,40,25,25,23:59,0,0,ZM,Lea Gihlein,
C105AR,C105AR 2021-03-03 Reversal 1 S40 T20,2021-03-03,1,dark gray,40,40,26,26,26:58,0,0,ZM,Lea Gihlein,
C105AR,C105AR 2021-03-04 Reversal 1 S41 T27,2021-03-04,1,dark gray,41,41,27,27,0:41:00,0,0,ZM,Lea Gihlein,
C105AR,C105AR 2021-03-04 Reversal 1 S41 T27,2021-03-04,1,dark gray,41,41,28,28,NA,-1,-1,ZM,Lea Gihlein,
C105AR,C105AR 2021-03-05 Reversal 1 S42 T28,2021-03-05,1,dark gray,42,42,28,28,1:11,0,0,ZM,Lea Gihlein,
C105AR,C105AR 2021-03-05 Reversal 1 S42 T28,2021-03-05,1,dark gray,42,42,29,29,7:32,1,1,ZM,Lea Gihlein,
C105AR,C105AR 2021-03-05 Reversal 1 S42 T28,2021-03-05,1,dark gray,42,42,30,30,11:01,1,1,ZM,Lea Gihlein,
C105AR,C105AR 2021-03-05 Reversal 1 S42 T28,2021-03-05,1,dark gray,42,42,31,31,12:20,1,1,ZM,Lea Gihlein,
C105AR,C105AR 2021-03-05 Reversal 1 S42 T28,2021-03-05,1,dark gray,42,42,32,32,15:19,1,1,ZM,Lea Gihlein,
C105AR,C105AR 2021-03-05 Reversal 1 S42 T28,2021-03-05,1,dark gray,42,42,33,33,16:46,1,1,ZM,Lea Gihlein,
C105AR,C105AR 2021-03-05 Reversal 1 S42 T28,2021-03-05,1,dark gray,42,42,34,34,18:11,1,1,ZM,Lea Gihlein,
C105AR,C105AR 2021-03-05 Reversal 1 S42 T28,2021-03-05,1,dark gray,42,42,35,35,21:32,1,1,ZM,Lea Gihlein,
C105AR,C105AR 2021-03-07 Reversal 1 S43 T36,2021-03-07,1,dark gray,43,43,36,36,0:31,0,0,KM,Lea Gihlein,
C105AR,C105AR 2021-03-07 Reversal 1 S43 T36,2021-03-07,1,dark gray,43,43,37,37,7:12,1,1,KM,Lea Gihlein,
C105AR,C105AR 2021-03-07 Reversal 1 S43 T36,2021-03-07,1,dark gray,43,43,38,38,8:32,1,1,KM,Lea Gihlein,
C105AR,C105AR 2021-03-07 Reversal 1 S43 T36,2021-03-07,1,dark gray,43,43,39,39,9:43,1,1,KM,Lea Gihlein,
C105AR,C105AR 2021-03-07 Reversal 1 S43 T36,2021-03-07,1,dark gray,43,43,40,40,18:07,1,1,KM,Lea Gihlein,
C105AR,C105AR 2021-03-07 Reversal 1 S44 T41,2021-03-07,1,dark gray,44,44,41,41,0:30,1,1,KM,Lea Gihlein,
C105AR,C105AR 2021-03-07 Reversal 1 S44 T41,2021-03-07,1,dark gray,44,44,42,42,1:09,1,1,KM,Lea Gihlein,
C105AR,C105AR 2021-03-07 Reversal 1 S44 T41,2021-03-07,1,dark gray,44,44,43,43,1:49,1,1,KM,Lea Gihlein,
C105AR,C105AR 2021-03-07 Reversal 1 S44 T41,2021-03-07,1,dark gray,44,44,44,44,2:39,1,1,KM,Lea Gihlein,
C105AR,C105AR 2021-03-07 Reversal 1 S44 T41,2021-03-07,1,dark gray,44,44,45,45,3:34,1,1,KM,Lea Gihlein,
C105AR,C105AR 2021-03-07 Reversal 1 S44 T41,2021-03-07,1,dark gray,44,44,46,46,4:15,1,1,KM,Lea Gihlein,
C105AR,C105AR 2021-03-07 Reversal 1 S44 T41,2021-03-07,1,dark gray,44,44,47,47,5:08,1,1,KM,Lea Gihlein,
C107GY,C107GY 2021-02-26 Reversal 0 S1 T1,2021-02-26,0,dark gray,1,1,1,1,NA,-1,-1,ZM,Lea Gihlein,
C107GY,C107GY 2021-02-26 Reversal 0 S2 T1,2021-02-26,0,dark gray,2,2,1,1,NA,-1,-1,ZM,Lea Gihlein,
C107GY,C107GY 2021-02-28 Reversal 0 S3 T1,2021-02-28,0,dark gray,3,3,1,1,NA,-1,-1,KM,Lea Gihlein,
C107GY,C107GY 2021-02-28 Reversal 0 S4 T1,2021-02-28,0,dark gray,4,4,1,1,0:46,0,0,KM,Lea Gihlein,
C107GY,C107GY 2021-02-28 Reversal 0 S4 T1,2021-02-28,0,dark gray,4,4,2,2,1:39,0,0,KM,Lea Gihlein,
C107GY,C107GY 2021-02-28 Reversal 0 S4 T1,2021-02-28,0,dark gray,4,4,3,3,2:24,0,0,KM,Lea Gihlein,
C107GY,C107GY 2021-02-28 Reversal 0 S4 T1,2021-02-28,0,dark gray,4,4,4,4,5:53,0,0,KM,Lea Gihlein,
C107GY,C107GY 2021-02-28 Reversal 0 S4 T1,2021-02-28,0,dark gray,4,4,5,5,12:02,1,1,KM,Lea Gihlein,
C107GY,C107GY 2021-02-28 Reversal 0 S4 T1,2021-02-28,0,dark gray,4,4,6,6,15:08,1,1,KM,Lea Gihlein,
C107GY,C107GY 2021-02-28 Reversal 0 S4 T1,2021-02-28,0,dark gray,4,4,7,7,NA,-1,-1,KM,Lea Gihlein,
C107GY,C107GY 2021-03-01 Reversal 0 S5 T7,2021-03-01,0,dark gray,5,5,7,7,NA,-1,-1,ZM,Lea Gihlein,
C107GY,C107GY 2021-03-01 Reversal 0 S6 T7,2021-03-01,0,dark gray,6,6,7,7,NA,-1,-1,ZM,Lea Gihlein,
C107GY,C107GY 2021-03-02 Reversal 0 S7 T7,2021-03-02,0,dark gray,7,7,7,7,NA,-1,-1,ZM,Lea Gihlein,
C107GY,C107GY 2021-03-02 Reversal 0 S8 T7,2021-03-02,0,dark gray,8,8,7,7,NA,-1,-1,ZM,Lea Gihlein,
C107GY,C107GY 2021-03-02 Reversal 0 S9 T7,2021-03-02,0,dark gray,9,9,7,7,NA,-1,-1,ZM,Lea Gihlein,
C107GY,C107GY 2021-03-03 Reversal 0 S10 T7,2021-03-03,0,dark gray,10,10,7,7,17:35,1,1,KM,Lea Gihlein,"Lea: it looks like a choice wasn't made in this video, but the next video (S11 T9) indicates that 2 trials occurred in this video and so I estimated when the choices were made and which choice the bird made"
C107GY,C107GY 2021-03-03 Reversal 0 S10 T7,2021-03-03,0,dark gray,10,10,8,8,25:05:00,0,0,KM,Lea Gihlein,"Lea: it looks like a choice wasn't made in this video, but the next video (S11 T9) indicates that 2 trials occurred in this video and so I estimated when the choices were made and which choice the bird made"
C107GY,C107GY 2021-03-03 Reversal 0 S11 T9,2021-03-03,0,dark gray,11,11,9,9,NA,-1,-1,KM,Lea Gihlein,
C107GY,C107GY 2021-03-04 Reversal 0 S12 T9,2021-03-04,0,dark gray,12,12,9,9,NA,-1,-1,ZM,Lea Gihlein,
C107GY,C107GY 2021-03-04 Reversal 0 S13 T9,2021-03-05,0,dark gray,13,13,9,9,NA,-1,-1,ZM,Lea Gihlein,
C107GY,C107GY 2021-03-05 Reversal 0 S14 T9,2021-03-05,0,dark gray,14,14,9,9,NA,-1,-1,ZM,Lea Gihlein,
C107GY,C107GY 2021-03-05 Reversal 0 S15 T9,2021-03-05,0,dark gray,15,15,9,9,NA,-1,-1,ZM,Lea Gihlein,
C107GY,C107GY 2021-03-07 Reversal 0 S16 T9,2021-03-07,0,dark gray,16,16,9,9,NA,-1,-1,KM,Lea Gihlein,
C107GY,C107GY 2021-03-07 Reversal 0 S17 T9,2021-03-07,0,dark gray,17,17,9,9,NA,-1,-1,KM,Lea Gihlein,
C107GY,C107GY 2021-03-10 Reversal 0 S18 T9,2021-03-10,0,dark gray,18,18,9,9,0:57,1,1,KM,Lea Gihlein,
C107GY,C107GY 2021-03-10 Reversal 0 S18 T9,2021-03-10,0,dark gray,18,18,10,10,3:39,1,1,KM,Lea Gihlein,
C107GY,C107GY 2021-03-10 Reversal 0 S18 T9,2021-03-10,0,dark gray,18,18,11,11,NA,-1,-1,KM,Lea Gihlein,
C107GY,C107GY 2021-03-10 Reversal 0 S19 T11,2021-03-10,0,dark gray,19,19,11,11,0:47,0,0,KM,Lea Gihlein,
C107GY,C107GY 2021-03-10 Reversal 0 S19 T11,2021-03-10,0,dark gray,19,19,12,12,1:32,1,1,KM,Lea Gihlein,
C107GY,C107GY 2021-03-10 Reversal 0 S19 T11,2021-03-10,0,dark gray,19,19,13,13,3:06,0,0,KM,Lea Gihlein,
C107GY,C107GY 2021-03-10 Reversal 0 S19 T11,2021-03-10,0,dark gray,19,19,14,14,4:02,0,0,KM,Lea Gihlein,
C107GY,C107GY 2021-03-10 Reversal 0 S19 T11,2021-03-10,0,dark gray,19,19,15,15,4:48,1,1,KM,Lea Gihlein,
C107GY,C107GY 2021-03-10 Reversal 0 S19 T11,2021-03-10,0,dark gray,19,19,16,16,6:17,0,0,KM,Lea Gihlein,
C107GY,C107GY 2021-03-10 Reversal 0 S19 T11,2021-03-10,0,dark gray,19,19,17,17,7:33,1,1,KM,Lea Gihlein,
C107GY,C107GY 2021-03-10 Reversal 0 S19 T11,2021-03-10,0,dark gray,19,19,18,18,NA,-1,-1,KM,Lea Gihlein,
C107GY,C107GY 2021-03-11 Reversal 0 S20 T18,2021-03-11,0,dark gray,20,20,18,18,0:51,1,1,KM,Lea Gihlein,
C107GY,C107GY 2021-03-11 Reversal 0 S20 T18,2021-03-11,0,dark gray,20,20,19,19,2:25,1,1,KM,Lea Gihlein,
C107GY,C107GY 2021-03-11 Reversal 0 S20 T18,2021-03-11,0,dark gray,20,20,20,20,3:48,0,0,KM,Lea Gihlein,
C107GY,C107GY 2021-03-11 Reversal 0 S20 T18,2021-03-11,0,dark gray,20,20,21,21,4:33,1,1,KM,Lea Gihlein,
C107GY,C107GY 2021-03-11 Reversal 0 S20 T18,2021-03-11,0,dark gray,20,20,22,22,5:42,1,1,KM,Lea Gihlein,
C107GY,C107GY 2021-03-11 Reversal 0 S20 T18,2021-03-11,0,dark gray,20,20,23,23,6:40,0,0,KM,Lea Gihlein,
C107GY,C107GY 2021-03-11 Reversal 0 S20 T18,2021-03-11,0,dark gray,20,20,24,24,7:22,1,1,KM,Lea Gihlein,
C107GY,C107GY 2021-03-11 Reversal 0 S20 T18,2021-03-11,0,dark gray,20,20,25,25,NA,-1,-1,KM,Lea Gihlein,
C107GY,C107GY 2021-03-11 Reversal 0 S21 T25,2021-03-11,0,dark gray,21,21,25,25,1:02,1,1,KM,Lea Gihlein,
C107GY,C107GY 2021-03-11 Reversal 0 S21 T25,2021-03-11,0,dark gray,21,21,26,26,2:04,0,0,KM,Lea Gihlein,
C107GY,C107GY 2021-03-11 Reversal 0 S21 T25,2021-03-11,0,dark gray,21,21,27,27,2:58,1,1,KM,Lea Gihlein,
C107GY,C107GY 2021-03-11 Reversal 0 S21 T25,2021-03-11,0,dark gray,21,21,28,28,4:08,1,1,KM,Lea Gihlein,
C107GY,C107GY 2021-03-11 Reversal 0 S21 T25,2021-03-11,0,dark gray,21,21,29,29,NA,-1,-1,KM,Lea Gihlein,
C107GY,C107GY 2021-03-11 Reversal 0 S22 T29,2021-03-11,0,dark gray,22,22,29,29,0:48,0,0,KM,Lea Gihlein,
C107GY,C107GY 2021-03-11 Reversal 0 S22 T29,2021-03-11,0,dark gray,22,22,30,30,1:48,1,1,KM,Lea Gihlein,
C107GY,C107GY 2021-03-11 Reversal 0 S22 T29,2021-03-11,0,dark gray,22,22,31,31,3:08,0,0,KM,Lea Gihlein,
C107GY,C107GY 2021-03-11 Reversal 0 S22 T29,2021-03-11,0,dark gray,22,22,32,32,NA,-1,-1,KM,Lea Gihlein,
C107GY,C107GY 2021-03-12 Reversal 0 S23 T32,2021-03-12,0,dark gray,23,23,32,32,10:25,1,1,ZM,Lea Gihlein,
C107GY,C107GY 2021-03-12 Reversal 0 S23 T32,2021-03-12,0,dark gray,23,23,33,33,17:14,1,1,ZM,Lea Gihlein,"Lea: I would say 12:26 (0), but Exp. didn't end the trial"
C107GY,C107GY 2021-03-12 Reversal 0 S24 T34,2021-03-12,0,dark gray,24,24,34,34,NA,-1,-1,ZM,Lea Gihlein,
C107GY,C107GY 2021-03-12 Reversal 0 S25 T34,2021-03-12,0,dark gray,25,25,34,34,NA,-1,-1,ZM,Lea Gihlein,
C107GY,C107GY 2021-03-14 Reversal 0 S26 T34,2021-03-14,0,dark gray,26,26,34,34,0:59,1,1,KM,Lea Gihlein,
C107GY,C107GY 2021-03-14 Reversal 0 S26 T34,2021-03-14,0,dark gray,26,26,35,35,2:40,1,1,KM,Lea Gihlein,
C107GY,C107GY 2021-03-14 Reversal 0 S26 T34,2021-03-14,0,dark gray,26,26,36,36,NA,-1,-1,KM,Lea Gihlein,
C107GY,C107GY 2021-03-14 Reversal 0 S27 T36,2021-03-14,0,dark gray,27,27,36,36,0:46,1,1,KM,Lea Gihlein,
C107GY,C107GY 2021-03-14 Reversal 0 S27 T36,2021-03-14,0,dark gray,27,27,37,37,NA,-1,-1,KM,Lea Gihlein,
C107GY,C107GY 2021-03-15 Reversal 0 S28 T37,2021-03-15,0,dark gray,28,28,37,37,0:57,1,1,KM,Lea Gihlein,
C107GY,C107GY 2021-03-15 Reversal 0 S28 T37,2021-03-15,0,dark gray,28,28,38,38,NA,-1,-1,KM,Lea Gihlein,
C107GY,C107GY 2021-03-15 Reversal 0 S29 T38,2021-03-15,0,dark gray,29,29,38,38,0:53,1,1,KM,Lea Gihlein,
C107GY,C107GY 2021-03-15 Reversal 0 S29 T38,2021-03-15,0,dark gray,29,29,39,39,2:40,1,1,KM,Lea Gihlein,
C107GY,C107GY 2021-03-15 Reversal 0 S29 T38,2021-03-15,0,dark gray,29,29,40,40,4:23,1,1,KM,Lea Gihlein,
C107GY,C107GY 2021-03-15 Reversal 0 S29 T38,2021-03-15,0,dark gray,29,29,41,41,NA,-1,-1,KM,Lea Gihlein,
C107GY,C107GY 2021-03-15 Reversal 0 S30 T41,2021-03-15,0,dark gray,30,30,41,41,0:55,0,0,KM,Lea Gihlein,
C107GY,C107GY 2021-03-15 Reversal 0 S30 T41,2021-03-15,0,dark gray,30,30,42,42,NA,-1,-1,KM,Lea Gihlein,
C107GY,C107GY 2021-03-16 Reversal 0 S31 T42,2021-03-16,0,dark gray,31,31,42,42,0:49,1,1,KM,Lea Gihlein,
C107GY,C107GY 2021-03-16 Reversal 0 S31 T42,2021-03-16,0,dark gray,31,31,43,43,NA,-1,-1,KM,Lea Gihlein,
C107GY,C107GY 2021-03-16 Reversal 0 S32 T43,2021-03-16,0,dark gray,32,32,43,43,0:49,1,1,KM,Lea Gihlein,
C107GY,C107GY 2021-03-16 Reversal 0 S32 T43,2021-03-16,0,dark gray,32,32,44,44,2:27,1,1,KM,Lea Gihlein,
C107GY,C107GY 2021-03-16 Reversal 0 S32 T43,2021-03-16,0,dark gray,32,32,45,45,NA,-1,-1,KM,Lea Gihlein,
C107GY,C107GY 2021-03-16 Reversal 0 S33 T45,2021-03-16,0,dark gray,33,33,45,45,0:45,1,1,KM,Lea Gihlein,
C107GY,C107GY 2021-03-16 Reversal 0 S33 T45,2021-03-16,0,dark gray,33,33,46,46,2:09,1,1,KM,Lea Gihlein,
C107GY,C107GY 2021-03-17 Reversal 1 S1 T1,2021-03-17,1,light gray,1,1,1,1,NA,-1,-1,KM,Lea Gihlein,
C107GY,C107GY 2021-03-17 Reversal 1 S2 T1,2021-03-17,1,light gray,2,2,1,1,NA,-1,-1,KM,Lea Gihlein,
C107GY,C107GY 2021-03-17 Reversal 1 S3 T1,2021-03-17,1,light gray,3,3,1,1,0:33,0,0,KM,Lea Gihlein,
C107GY,C107GY 2021-03-17 Reversal 1 S3 T1,2021-03-17,1,light gray,3,3,2,2,1:29,0,0,KM,Lea Gihlein,
C107GY,C107GY 2021-03-17 Reversal 1 S3 T1,2021-03-17,1,light gray,3,3,3,3,3:02,0,0,KM,Lea Gihlein,
C107GY,C107GY 2021-03-17 Reversal 1 S3 T1,2021-03-17,1,light gray,3,3,4,4,7:45,0,0,KM,Lea Gihlein,
C107GY,C107GY 2021-03-17 Reversal 1 S3 T1,2021-03-17,1,light gray,3,3,5,5,NA,-1,-1,KM,Lea Gihlein,
C107GY,C107GY 2021-03-17 Reversal 1 S4 T5,2021-03-17,1,light gray,4,4,5,5,2:57,0,0,KM,Lea Gihlein,
C107GY,C107GY 2021-03-17 Reversal 1 S4 T5,2021-03-17,1,light gray,4,4,6,6,7:40,0,0,KM,Lea Gihlein,
C107GY,C107GY 2021-03-17 Reversal 1 S4 T5,2021-03-17,1,light gray,4,4,7,7,NA,-1,-1,KM,Lea Gihlein,
C107GY,C107GY 2021-03-18 Reversal 1 S5 T7,2021-03-18,1,light gray,5,5,7,7,NA,-1,-1,KM,Lea Gihlein,
C107GY,C107GY 2021-03-18 Reversal 1 S6 T7,2021-03-18,1,light gray,6,6,7,7,NA,-1,-1,KM,Lea Gihlein,
C107GY,C107GY 2021-03-18 Reversal 1 S7 T7,2021-03-18,1,light gray,7,7,7,7,NA,-1,-1,KM,Lea Gihlein,
C107GY,C107GY 2021-03-19 Reversal 1 S8 T7,2021-03-19,1,light gray,8,8,7,7,NA,-1,-1,ZM,Lea Gihlein,
C107GY,C107GY 2021-03-19 Reversal 1 S9 T7,2021-03-19,1,light gray,9,9,7,7,NA,-1,-1,ZM,Lea Gihlein,
C107GY,C107GY 2021-03-19 Reversal 1 S10 T7,2021-03-19,1,light gray,10,10,7,7,NA,-1,-1,ZM,Lea Gihlein,
C107GY,C107GY 2021-03-21 Reversal 1 S11 T7,2021-03-21,1,light gray,11,11,7,7,NA,-1,-1,KM,Lea Gihlein,
C107GY,C107GY 2021-03-21 Reversal 1 S12 T7,2021-03-21,1,light gray,12,12,7,7,NA,-1,-1,KM,Lea Gihlein,
C107GY,C107GY 2021-03-21 Reversal 1 S13 T7,2021-03-21,1,light gray,13,13,7,7,1:02,0,0,KM,Lea Gihlein,
C107GY,C107GY 2021-03-21 Reversal 1 S13 T7,2021-03-21,1,light gray,13,13,8,8,NA,-1,-1,KM,Lea Gihlein,
C107GY,C107GY 2021-03-21 Reversal 1 S14 T8,2021-03-21,1,light gray,14,14,8,8,0:37,0,0,KM,Lea Gihlein,
C107GY,C107GY 2021-03-21 Reversal 1 S14 T8,2021-03-21,1,light gray,14,14,9,9,1:14,0,0,KM,Lea Gihlein,
C107GY,C107GY 2021-03-21 Reversal 1 S14 T8,2021-03-21,1,light gray,14,14,10,10,NA,-1,-1,KM,Lea Gihlein,
C107GY,C107GY 2021-03-21 Reversal 1 S14 T8,2021-03-21,1,light gray,15,15,10,10,5:17,1,1,KM,Lea Gihlein,
C107GY,C107GY 2021-03-21 Reversal 1 S14 T8,2021-03-21,1,light gray,15,15,11,11,NA,-1,-1,KM,Lea Gihlein,
C107GY,C107GY 2021-03-22 Reversal 1 S16 T11,2021-03-22,1,light gray,16,16,11,11,1:01,1,1,KM,Lea Gihlein,
C107GY,C107GY 2021-03-22 Reversal 1 S16 T11,2021-03-22,1,light gray,16,16,12,12,2:57,0,0,KM,Lea Gihlein,
C107GY,C107GY 2021-03-22 Reversal 1 S16 T11,2021-03-22,1,light gray,16,16,13,13,4:13,1,1,KM,Lea Gihlein,
C107GY,C107GY 2021-03-22 Reversal 1 S16 T11,2021-03-22,1,light gray,16,16,14,14,5:26,0,0,KM,Lea Gihlein,
C107GY,C107GY 2021-03-22 Reversal 1 S16 T11,2021-03-22,1,light gray,16,16,15,15,6:35,0,0,KM,Lea Gihlein,
C107GY,C107GY 2021-03-22 Reversal 1 S16 T11,2021-03-22,1,light gray,16,16,16,16,8:48,0,0,KM,Lea Gihlein,
C107GY,C107GY 2021-03-22 Reversal 1 S16 T11,2021-03-22,1,light gray,16,16,17,17,13:14,0,1,KM,Lea Gihlein,"Lea: not sure if the bird was looking at the tube before flying away because it is not in the frame, but I guess so"
C107GY,C107GY 2021-03-22 Reversal 1 S16 T11,2021-03-22,1,light gray,16,16,18,18,13:54,1,1,KM,Lea Gihlein,
C107GY,C107GY 2021-03-22 Reversal 1 S16 T11,2021-03-22,1,light gray,16,16,19,19,NA,-1,-1,KM,Lea Gihlein,
C107GY,C107GY 2021-03-22 Reversal 1 S17 T19,2021-03-22,1,light gray,17,17,19,19,1:43,1,1,KM,Lea Gihlein,
C107GY,C107GY 2021-03-22 Reversal 1 S17 T19,2021-03-22,1,light gray,17,17,20,20,5:45,0,0,KM,Lea Gihlein,
C107GY,C107GY 2021-03-22 Reversal 1 S17 T19,2021-03-22,1,light gray,17,17,21,21,NA,-1,-1,KM,Lea Gihlein,
C107GY,C107GY 2021-03-23 Reversal 1 S18 T21(whiteboard wrong),2021-03-23,1,light gray,18,18,21,21,NA,-1,-1,ZM,Lea Gihlein,"Lea: what is wrong on the whiteboard? CL: Experimenter was ZM, not KM"
C107GY,C107GY 2021-03-23 Reversal 1 S19 T21,2021-03-23,1,light gray,19,19,21,21,NA,-1,-1,ZM,Lea Gihlein,
C107GY,C107GY 2021-03-23 Reversal 1 S20 T21,2021-03-23,1,light gray,20,20,21,21,NA,-1,-1,ZM,Lea Gihlein,
C107GY,C107GY 2021-03-24 Reversal 1 S21 T21,2021-03-24,1,light gray,21,21,21,21,NA,-1,-1,ZM,Lea Gihlein,
C107GY,C107GY 2021-03-24 Reversal 1 S23 T21,2021-03-24,1,light gray,22,22,21,21,NA,-1,-1,ZM,Lea Gihlein,
C107GY,C107GY 2021-03-24 Reversal 1 S23 T21,2021-03-24,1,light gray,23,23,21,21,NA,-1,-1,ZM,Lea Gihlein,
C107GY,C107GY 2021-03-25 Reversal 1 S24 T21,2021-03-25,1,light gray,24,24,21,21,0:45,1,1,KM,Lea Gihlein,
C107GY,C107GY 2021-03-25 Reversal 1 S24 T21,2021-03-25,1,light gray,24,24,22,22,NA,-1,-1,KM,Lea Gihlein,
C107GY,C107GY 2021-03-25 Reversal 1 S25 T22,2021-03-25,1,light gray,25,25,22,22,1:36,1,1,KM,Lea Gihlein,
C107GY,C107GY 2021-03-25 Reversal 1 S25 T22,2021-03-25,1,light gray,25,25,23,23,2:41,1,1,KM,Lea Gihlein,
C107GY,C107GY 2021-03-25 Reversal 1 S25 T22,2021-03-25,1,light gray,25,25,24,24,3:34,1,1,KM,Lea Gihlein,
C107GY,C107GY 2021-03-25 Reversal 1 S25 T22,2021-03-25,1,light gray,25,25,25,25,NA,-1,-1,KM,Lea Gihlein,
C107GY,C107GY 2021-03-25 Reversal 1 S26 T25,2021-03-25,1,light gray,26,26,25,25,0:38,1,1,KM,Lea Gihlein,
C107GY,C107GY 2021-03-25 Reversal 1 S26 T25,2021-03-25,1,light gray,26,26,26,26,1:36,0,0,KM,Lea Gihlein,
C107GY,C107GY 2021-03-25 Reversal 1 S26 T25,2021-03-25,1,light gray,26,26,27,27,NA,-1,-1,KM,Lea Gihlein,
C107GY,C107GY 2021-03-26 Reversal 1 S27 T27,2021-03-26,1,light gray,27,27,27,27,NA,-1,-1,KM,Lea Gihlein,
C107GY,C107GY 2021-03-26 Reversal 1 S28 T27,2021-03-26,1,light gray,28,28,27,27,0:42,0,0,KM,Lea Gihlein,
C107GY,C107GY 2021-03-26 Reversal 1 S28 T27,2021-03-26,1,light gray,28,28,28,28,1:39,1,1,KM,Lea Gihlein,
C107GY,C107GY 2021-03-26 Reversal 1 S28 T27,2021-03-26,1,light gray,28,28,29,29,3:11,1,1,KM,Lea Gihlein,
C107GY,C107GY 2021-03-26 Reversal 1 S28 T27,2021-03-26,1,light gray,28,28,30,30,4:00,1,1,KM,Lea Gihlein,
C107GY,C107GY 2021-03-26 Reversal 1 S28 T27,2021-03-26,1,light gray,28,28,31,31,4:58,1,1,KM,Lea Gihlein,
C107GY,C107GY 2021-03-26 Reversal 1 S28 T27,2021-03-26,1,light gray,28,28,32,32,NA,-1,-1,KM,Lea Gihlein,
C107GY,C107GY 2021-03-26 Reversal 1 S29 T32,2021-03-26,1,light gray,29,29,32,32,0:40,1,1,KM,Lea Gihlein,
C107GY,C107GY 2021-03-26 Reversal 1 S29 T32,2021-03-26,1,light gray,29,29,33,33,NA,-1,-1,KM,Lea Gihlein,
C107GY,C107GY 2021-03-26 Reversal 1 S30 T33,2021-03-26,1,light gray,30,30,33,33,2:37,1,1,KM,Lea Gihlein,
C107GY,C107GY 2021-03-26 Reversal 1 S30 T33,2021-03-26,1,light gray,30,30,34,34,7:32,1,1,KM,Lea Gihlein,
C107GY,C107GY 2021-03-26 Reversal 1 S30 T33,2021-03-26,1,light gray,30,30,35,35,NA,-1,-1,KM,Lea Gihlein,
C107GY,C107GY 2021-03-28 Reversal 1 S31 T35,2021-03-28,1,light gray,31,31,35,35,1:11,1,1,KM,Lea Gihlein,
C107GY,C107GY 2021-03-28 Reversal 1 S31 T35,2021-03-28,1,light gray,31,31,36,36,NA,-1,-1,KM,Lea Gihlein,
C107GY,C107GY 2021-03-28 Reversal 1 S32 T36,2021-03-28,1,light gray,32,32,36,36,1:22,0,0,KM,Lea Gihlein,
C107GY,C107GY 2021-03-28 Reversal 1 S32 T36,2021-03-28,1,light gray,32,32,37,37,NA,-1,-1,KM,Lea Gihlein,
C107GY,C107GY 2021-03-28 Reversal 1 S33 T37,2021-03-28,1,light gray,33,33,37,37,NA,-1,-1,KM,Lea Gihlein,
C107GY,C107GY 2021-03-29 Reversal 1 S34 T37,2021-03-29,1,light gray,34,34,37,37,NA,-1,-1,KM,Lea Gihlein,
C107GY,C107GY 2021-03-29 Reversal 1 S35 T37,2021-03-29,1,light gray,35,35,37,37,6:01,1,1,KM,Lea Gihlein,Lea: is this a choice?
C107GY,C107GY 2021-03-29 Reversal 1 S35 T37,2021-03-29,1,light gray,35,35,38,38,NA,-1,-1,KM,Lea Gihlein,
C107GY,C107GY 2021-03-29 Reversal 1 S36 T38,2021-03-29,1,light gray,36,36,38,38,NA,-1,-1,KM,Lea Gihlein,
C107GY,C107GY 2021-03-29 Reversal 1 S37 T38,2021-03-29,1,light gray,37,37,38,38,NA,-1,-1,KM,Lea Gihlein,
C107GY,C107GY 2021-03-30 Reversal 1 S38 T38,2021-03-30,1,light gray,38,38,38,38,NA,-1,-1,ZM,Lea Gihlein,
C107GY,C107GY 2021-03-30 Reversal 1 S39 T38,2021-03-30,1,light gray,39,39,38,38,NA,-1,-1,ZM,Lea Gihlein,
C107GY,C107GY 2021-03-30 Reversal 1 S40 T38,2021-03-30,1,light gray,40,40,38,38,NA,-1,-1,ZM,Lea Gihlein,
C107GY,C107GY 2021-03-31 Reversal 1 S41 T38,2021-03-31,1,light gray,41,41,38,38,1:37,1,1,ZM,Lea Gihlein,
C107GY,C107GY 2021-03-31 Reversal 1 S41 T38,2021-03-31,1,light gray,41,41,39,39,NA,-1,-1,ZM,Lea Gihlein,
C107GY,C107GY 2021-03-31 Reversal 1 S42 T39,2021-03-31,1,light gray,42,42,39,39,4:13,1,1,ZM,Lea Gihlein,
C107GY,C107GY 2021-03-31 Reversal 1 S42 T39,2021-03-31,1,light gray,42,42,40,40,NA,-1,-1,ZM,Lea Gihlein,
C107GY,C107GY 2021-04-01 Reversal 1 S43 T40,2021-04-01,1,light gray,43,43,40,40,4:17,0,0,ZM,Lea Gihlein,
C107GY,C107GY 2021-04-01 Reversal 1 S43 T40,2021-04-01,1,light gray,43,43,41,41,NA,-1,-1,ZM,Lea Gihlein,
C107GY,C107GY 2021-04-01 Reversal 1 S44 T41,2021-04-01,1,light gray,44,44,41,41,NA,-1,-1,ZM,Lea Gihlein,
C107GY,C107GY 2021-04-01 Reversal 1 S45 T41,2021-04-01,1,light gray,45,45,41,41,NA,-1,-1,ZM,Lea Gihlein,
C107GY,C107GY 2021-04-02 Reversal 1 S46 T41,2021-04-02,1,light gray,46,46,41,41,NA,-1,-1,ZM,Lea Gihlein,
C107GY,C107GY 2021-04-02 Reversal 1 S47 T41,2021-04-02,1,light gray,47,47,41,41,NA,-1,-1,ZM,Lea Gihlein,
C107GY,C107GY 2021-04-02 Reversal 1 S48 T41,2021-04-02,1,light gray,48,48,41,41,NA,-1,-1,ZM,Lea Gihlein,
C107GY,C107GY 2021-04-04 Reversal 1 S49 T41,2021-04-04,1,light gray,49,49,41,41,NA,-1,-1,KM,Lea Gihlein,
C107GY,C107GY 2021-04-04 Reversal 1 S50 T41,2021-04-04,1,light gray,50,50,41,41,NA,-1,-1,KM,Lea Gihlein,
C107GY,C107GY 2021-04-04 Reversal 1 S51 T41,2021-04-04,1,light gray,51,51,41,41,NA,-1,-1,KM,Lea Gihlein,
C107GY,C107GY 2021-04-05 Reversal 1 S52 T41,2021-04-05,1,light gray,52,52,41,41,NA,-1,-1,ZM,Lea Gihlein,
C107GY,C107GY 2021-04-05 Reversal 1 S53 T41,2021-04-05,1,light gray,53,53,41,41,0:54,1,1,ZM,Lea Gihlein,
C107GY,C107GY 2021-04-05 Reversal 1 S53 T41,2021-04-05,1,light gray,53,53,42,42,NA,-1,-1,ZM,Lea Gihlein,
C107GY,C107GY 2021-04-05 Reversal 1 S54 T42,2021-04-05,1,light gray,54,54,42,42,NA,-1,-1,ZM,Lea Gihlein,
C107GY,C107GY 2021-04-06 Reversal 1 S55 T42,2021-04-06,1,light gray,55,55,42,42,NA,-1,-1,KM,Lea Gihlein,
C107GY,C107GY 2021-04-06 Reversal 1 S56 T42,2021-04-06,1,light gray,56,56,42,42,0:34,0,0,KM,Lea Gihlein,
C107GY,C107GY 2021-04-06 Reversal 1 S56 T42,2021-04-06,1,light gray,56,56,43,43,NA,-1,-1,KM,Lea Gihlein,
C107GY,C107GY 2021-04-06 Reversal 1 S57 T43,2021-04-06,1,light gray,57,57,43,43,0:35,1,1,KM,Lea Gihlein,
C107GY,C107GY 2021-04-06 Reversal 1 S57 T43,2021-04-06,1,light gray,57,57,44,44,NA,-1,-1,KM,Lea Gihlein,
C107GY,C107GY 2021-04-07 Reversal 1 S58 T44,2021-04-07,1,light gray,58,58,44,44,NA,-1,-1,KM,Lea Gihlein,
C107GY,C107GY 2021-04-07 Reversal 1 S59 T44,2021-04-07,1,light gray,59,59,44,44,0:30,1,1,KM,Lea Gihlein,
C107GY,C107GY 2021-04-07 Reversal 1 S59 T44,2021-04-07,1,light gray,59,59,45,45,NA,-1,-1,KM,Lea Gihlein,
C107GY,C107GY 2021-04-07 Reversal 1 S60 T45,2021-04-07,1,light gray,60,60,45,45,NA,-1,-1,KM,Lea Gihlein,
C107GY,C107GY 2021-04-08 Reversal 1 S61 T45,2021-04-08,1,light gray,61,61,45,45,0:35,1,1,KM,Lea Gihlein,
C107GY,C107GY 2021-04-08 Reversal 1 S61 T45,2021-04-08,1,light gray,61,61,46,46,NA,-1,-1,KM,Lea Gihlein,
C107GY,C107GY 2021-04-08 Reversal 1 S62 T46,2021-04-08,1,light gray,62,62,46,46,0:40,1,1,KM,Lea Gihlein,
C107GY,C107GY 2021-04-08 Reversal 1 S62 T46,2021-04-08,1,light gray,62,62,47,47,NA,-1,-1,KM,Lea Gihlein,
C107GY,C107GY 2021-04-08 Reversal 1 S63 T47,2021-04-08,1,light gray,63,63,47,47,8:33,0,0,KM,Lea Gihlein,
C107GY,C107GY 2021-04-08 Reversal 1 S63 T47,2021-04-08,1,light gray,63,63,48,48,NA,-1,-1,KM,Lea Gihlein,
C107GY,C107GY 2021-04-11 Reversal 1 S64 T48,2021-04-11,1,light gray,64,64,48,48,0:46,1,1,KM,Lea Gihlein,
C107GY,C107GY 2021-04-11 Reversal 1 S64 T48,2021-04-11,1,light gray,64,64,49,49,NA,-1,-1,KM,Lea Gihlein,
C107GY,C107GY 2021-04-11 Reversal 1 S65 T49,2021-04-11,1,light gray,65,65,49,49,NA,-1,-1,KM,Lea Gihlein,
C107GY,C107GY 2021-04-11 Reversal 1 S66 T49,2021-04-11,1,light gray,66,66,49,49,0:46,1,1,KM,Lea Gihlein,
C107GY,C107GY 2021-04-11 Reversal 1 S66 T49,2021-04-11,1,light gray,66,66,50,50,2:47,1,1,KM,Lea Gihlein,
C107GY,C107GY 2021-04-11 Reversal 1 S66 T49,2021-04-11,1,light gray,66,66,51,51,6:49,1,1,KM,Lea Gihlein,
C107GY,C107GY 2021-04-12 Reversal 1 S67 T52,2021-04-12,1,light gray,67,67,52,52,0:58,1,1,ZM,Lea Gihlein,
C107GY,C107GY 2021-04-12 Reversal 1 S67 T52,2021-04-12,1,light gray,67,67,53,53,NA,-1,-1,ZM,Lea Gihlein,
C107GY,C107GY 2021-04-12 Reversal 1 S68 T53,2021-04-12,1,light gray,68,68,53,53,0:48,1,1,ZM,Lea Gihlein,
C107GY,C107GY 2021-04-13 Reversal 1 S69 T54,2021-04-13,1,light gray,68,69,54,54,NA,-1,-1,ZM,Lea Gihlein,
C107GY,C107GY 2021-04-13 Reversal 1 S70 T54,2021-04-13,1,light gray,69,70,54,54,NA,-1,-1,ZM,Lea Gihlein,
C107GY,C107GY 2021-04-14 Reversal 1 S71 T54,2021-04-14,1,light gray,70,71,54,54,0:48,-1,1,ZM,Lea Gihlein,
C107GY,C107GY 2021-04-14 Reversal 1 S71 T54,2021-04-14,1,light gray,71,71,54,55,NA,1,-1,ZM,Lea Gihlein,
C107GY,C107GY 2021-04-14 Reversal 1 S72 T55,2021-04-14,1,light gray,71,72,55,55,NA,-1,-1,ZM,Lea Gihlein,
C107GY,C107GY 2021-04-15 Reversal 1 S73 T55,2021-04-15,1,light gray,72,73,55,55,NA,-1,-1,ZM,Lea Gihlein,
C107GY,C107GY 2021-04-15 Reversal 1 S74 T55,2021-04-15,1,light gray,73,74,55,55,NA,-1,-1,ZM,Lea Gihlein,
C107GY,C107GY 2021-04-16 Reversal 1 S75 T55,2021-04-16,1,light gray,74,75,55,55,NA,-1,-1,ZM,Lea Gihlein,
C107GY,C107GY 2021-04-18 Reversal 1 S76 T55 (whiteboard date wrong),2021-04-18,1,light gray,75,76,55,55,NA,-1,-1,ZM,Lea Gihlein,
C107GY,C107GY 2021-04-18 Reversal 1 S77 T55,2021-04-18,1,light gray,76,77,55,55,NA,-1,-1,ZM,Lea Gihlein,
C107GY,C107GY 2021-04-19 Reversal 1 S78 T55,2021-04-19,1,light gray,77,78,55,55,NA,-1,-1,ZM,Lea Gihlein,
C107GY,C107GY 2021-04-21 Reversal 1 S79 T55,2021-04-21,1,light gray,78,79,55,55,0:34,-1,1,ZM,Lea Gihlein,
C107GY,C107GY 2021-04-21 Reversal 1 S79 T55,2021-04-21,1,light gray,79,79,55,56,NA,1,-1,KM,Lea Gihlein,
C107GY,C107GY 2021-04-21 Reversal 1 S80 T56,2021-04-21,1,light gray,79,80,56,56,NA,-1,-1,KM,Lea Gihlein,
C107GY,C107GY 2021-04-22 Reversal 1 S81 T56,2021-04-22,1,light gray,80,81,56,56,0:59,-1,1,KM,Lea Gihlein,
C107GY,C107GY 2021-04-22 Reversal 1 S81 T56,2021-04-22,1,light gray,81,81,56,57,NA,1,-1,ZM,Lea Gihlein,
C107GY,C107GY 2021-04-23 Reversal 1 S82 T57,2021-04-23,1,light gray,81,82,57,57,0:48,-1,1,ZM,Lea Gihlein,
C107GY,C107GY 2021-04-23 Reversal 1 S82 T57,2021-04-23,1,light gray,82,82,57,58,NA,1,-1,ZM,Lea Gihlein,
C107GY,C107GY 2021-04-25 Reversal 1 S83 T58,2021-04-25,1,light gray,82,83,58,58,NA,-1,-1,ZM,Lea Gihlein,
C107GY,C107GY 2021-04-25 Reversal 1 S84 T58,2021-04-25,1,light gray,83,84,58,58,1:01,-1,1,KM,Lea Gihlein,
C107GY,C107GY 2021-04-25 Reversal 1 S84 T58,2021-04-25,1,light gray,84,84,58,59,NA,1,-1,KM,Lea Gihlein,
C107GY,C107GY 2021-04-26 Reversal 1 S85 T59,2021-04-26,1,light gray,84,85,59,59,2:21,-1,1,KM,Lea Gihlein,
C107GY,C107GY 2021-04-26 Reversal 1 S85 T59,2021-04-26,1,light gray,85,85,59,60,NA,1,-1,ZM,Lea Gihlein,
C107GY,C107GY 2021-04-27 Reversal 1 S86 T60,2021-04-27,1,light gray,85,86,60,60,NA,-1,-1,ZM,Lea Gihlein,
C107GY,C107GY 2021-04-27 Reversal 1 S87 T60,2021-04-27,1,light gray,86,87,60,60,NA,-1,-1,ZM,Lea Gihlein,
C107GY,C107GY 2021-04-28 Reversal 1 S88 T60,2021-04-28,1,light gray,87,88,60,60,0:50,-1,1,ZM,Lea Gihlein,
C107GY,C107GY 2021-04-28 Reversal 1 S88 T60,2021-04-28,1,light gray,88,NA,60,NA,,1,NA,ZM,Lea Gihlein,
C110GO,C110GO 2021-03-07 Reversal 0 S1 T1,2021-03-07,0,dark gray ,1,1,1,1,0:56,1,1,KM,Lea Gihlein,
C110GO,C110GO 2021-03-07 Reversal 0 S1 T1,2021-03-07,0,dark gray ,1,1,2,2,1:59,1,1,KM,Lea Gihlein,
C110GO,C110GO 2021-03-07 Reversal 0 S1 T1,2021-03-07,0,dark gray ,1,1,3,3,NA,-1,-1,KM,Lea Gihlein,
C110GO,C110GO 2021-03-07 Reversal 0 S2 T3,2021-03-07,0,dark gray ,2,2,3,3,0:58,1,1,KM,Lea Gihlein,
C110GO,C110GO 2021-03-07 Reversal 0 S2 T3,2021-03-07,0,dark gray ,2,2,4,4,2:12,0,0,KM,Lea Gihlein,
C110GO,C110GO 2021-03-07 Reversal 0 S2 T3,2021-03-07,0,dark gray ,2,2,5,5,3:28,0,0,KM,Lea Gihlein,
C110GO,C110GO 2021-03-07 Reversal 0 S2 T3,2021-03-07,0,dark gray ,2,2,6,6,7:31,1,1,KM,Lea Gihlein,
C110GO,C110GO 2021-03-07 Reversal 0 S2 T3,2021-03-07,0,dark gray ,2,2,7,7,8:32,1,1,KM,Lea Gihlein,
C110GO,C110GO 2021-03-07 Reversal 0 S2 T3,2021-03-07,0,dark gray ,2,2,8,8,9:23,1,1,KM,Lea Gihlein,
C110GO,C110GO 2021-03-07 Reversal 0 S2 T3,2021-03-07,0,dark gray ,2,2,9,9,11:38,1,1,KM,Lea Gihlein,
C110GO,C110GO 2021-03-07 Reversal 0 S2 T3,2021-03-07,0,dark gray ,2,2,10,10,16:12,1,1,KM,Lea Gihlein,
C110GO,C110GO 2021-03-07 Reversal 0 S2 T3,2021-03-07,0,dark gray ,2,2,11,11,22:26,0,0,KM,Lea Gihlein,
C110GO,C110GO 2021-03-08 Reversal 0 S3 T12,2021-03-08,0,dark gray ,3,3,12,12,2:51,0,0,ZM,Lea Gihlein,
C110GO,C110GO 2021-03-08 Reversal 0 S3 T12,2021-03-08,0,dark gray ,3,3,13,13,NA,-1,-1,ZM,Lea Gihlein,
C110GO,C110GO 2021-03-08 Reversal 0 S4 T13,2021-03-08,0,dark gray ,4,4,13,13,NA,-1,-1,ZM,Lea Gihlein,
C110GO,C110GO 2021-03-08 Reversal 0 S5 T13,2021-03-08,0,dark gray ,5,5,13,13,NA,-1,-1,ZM,Lea Gihlein,
C110GO,C110GO 2021-03-08 Reversal 0 S6 T13,2021-03-08,0,dark gray ,6,6,13,13,NA,-1,-1,ZM,Lea Gihlein,
C110GO,C110GO 2021-03-09 Reversal 0 S7 T13,2021-03-09,0,dark gray ,7,7,13,13,1:54,1,1,ZM,Lea Gihlein,
C110GO,C110GO 2021-03-09 Reversal 0 S7 T13,2021-03-09,0,dark gray ,7,7,14,14,6:35,1,1,ZM,Lea Gihlein,
C110GO,C110GO 2021-03-09 Reversal 0 S7 T13,2021-03-09,0,dark gray ,7,7,15,15,8:32,1,1,ZM,Lea Gihlein,
C110GO,C110GO 2021-03-09 Reversal 0 S7 T13,2021-03-09,0,dark gray ,7,7,16,16,11:41,1,1,ZM,Lea Gihlein,
C110GO,C110GO 2021-03-09 Reversal 0 S7 T13,2021-03-09,0,dark gray ,7,7,17,17,16:48,0,0,ZM,Lea Gihlein,
C110GO,C110GO 2021-03-09 Reversal 0 S7 T13,2021-03-09,0,dark gray ,7,7,18,18,NA,-1,-1,ZM,Lea Gihlein,
C110GO,C110GO 2021-03-09 Reversal 0 S8 T18,2021-03-09,0,dark gray ,8,8,18,18,5:25,1,1,ZM,Lea Gihlein,
C110GO,C110GO 2021-03-09 Reversal 0 S8 T18,2021-03-09,0,dark gray ,8,8,19,19,8:57,1,1,ZM,Lea Gihlein,
C110GO,C110GO 2021-03-09 Reversal 0 S8 T18,2021-03-09,0,dark gray ,8,8,20,20,NA,-1,-1,ZM,Lea Gihlein,
C110GO,C110GO 2021-03-09 Reversal 0 S9 T20,2021-03-09,0,dark gray ,9,9,20,20,1:00,1,1,ZM,Lea Gihlein,
C110GO,C110GO 2021-03-09 Reversal 0 S9 T20,2021-03-09,0,dark gray ,9,9,21,21,3:53,1,1,ZM,Lea Gihlein,
C110GO,C110GO 2021-03-09 Reversal 0 S9 T20,2021-03-09,0,dark gray ,9,9,22,22,5:57,1,1,ZM,Lea Gihlein,
C110GO,C110GO 2021-03-09 Reversal 0 S9 T20,2021-03-09,0,dark gray ,9,9,23,23,8:01,1,1,ZM,Lea Gihlein,
C110GO,C110GO 2021-03-09 Reversal 0 S9 T20,2021-03-09,0,dark gray ,9,9,24,24,NA,-1,-1,ZM,Lea Gihlein,
C110GO,C110GO 2021-03-10 Reversal 0 S10 T24,2021-03-10,0,dark gray ,10,10,24,24,0:47,1,1,ZM,Lea Gihlein,Lea: video name wrong! CL: Good catch! I think what happened is that on the white board the 4 looked kind of like a 9 so that's where the file name went wrong. I fixed the file name at keeper and here in your data sheet. Thank you!
C110GO,C110GO 2021-03-10 Reversal 0 S10 T24,2021-03-10,0,dark gray ,10,10,25,25,2:13,1,1,ZM,Lea Gihlein,
C110GO,C110GO 2021-03-10 Reversal 0 S10 T24,2021-03-10,0,dark gray ,10,10,26,26,3:58,1,1,ZM,Lea Gihlein,
C110GO,C110GO 2021-03-10 Reversal 0 S10 T24,2021-03-10,0,dark gray ,10,10,27,27,5:17,1,1,ZM,Lea Gihlein,
C110GO,C110GO 2021-03-10 Reversal 0 S10 T24,2021-03-10,0,dark gray ,10,10,28,28,8:08,1,1,ZM,Lea Gihlein,
C110GO,C110GO 2021-03-10 Reversal 0 S10 T24,2021-03-10,0,dark gray ,10,10,29,29,11:37,1,1,ZM,Lea Gihlein,
C110GO,C110GO 2021-03-10 Reversal 0 S10 T24,2021-03-10,0,dark gray ,10,10,30,30,14:22,1,1,ZM,Lea Gihlein,
C110GO,C110GO 2021-03-10 Reversal 0 S10 T24,2021-03-10,0,dark gray ,10,10,31,31,22:42,1,1,ZM,Lea Gihlein,
C110GO,C110GO 2021-03-10 Reversal 1 S1 T1,2021-03-10,1,light gray,1,1,1,1,NA,-1,-1,ZM,Lea Gihlein,
C110GO,C110GO 2021-03-11 Reversal 1 S2 T1,2021-03-11,1,light gray,2,2,1,1,0:49,0,0,ZM,Lea Gihlein,
C110GO,C110GO 2021-03-11 Reversal 1 S2 T1,2021-03-11,1,light gray,2,2,2,2,1:48,0,0,ZM,Lea Gihlein,
C110GO,C110GO 2021-03-11 Reversal 1 S2 T1,2021-03-11,1,light gray,2,2,3,3,3:10,0,0,ZM,Lea Gihlein,
C110GO,C110GO 2021-03-11 Reversal 1 S2 T1,2021-03-11,1,light gray,2,2,4,4,4:50,0,0,ZM,Lea Gihlein,
C110GO,C110GO 2021-03-11 Reversal 1 S2 T1,2021-03-11,1,light gray,2,2,5,5,6:22,0,0,ZM,Lea Gihlein,
C110GO,C110GO 2021-03-11 Reversal 1 S2 T1,2021-03-11,1,light gray,2,2,6,6,8:04,0,0,ZM,Lea Gihlein,
C110GO,C110GO 2021-03-11 Reversal 1 S2 T1,2021-03-11,1,light gray,2,2,7,7,9:27,0,0,ZM,Lea Gihlein,
C110GO,C110GO 2021-03-11 Reversal 1 S2 T1,2021-03-11,1,light gray,2,2,8,8,10:37,0,0,ZM,Lea Gihlein,
C110GO,C110GO 2021-03-11 Reversal 1 S2 T1,2021-03-11,1,light gray,2,2,9,9,11:31,0,0,ZM,Lea Gihlein,
C110GO,C110GO 2021-03-11 Reversal 1 S2 T1,2021-03-11,1,light gray,2,2,10,10,12:31,0,0,ZM,Lea Gihlein,
C110GO,C110GO 2021-03-11 Reversal 1 S2 T1,2021-03-11,1,light gray,2,2,11,11,14:56,0,0,ZM,Lea Gihlein,
C110GO,C110GO 2021-03-11 Reversal 1 S2 T1,2021-03-11,1,light gray,2,2,12,12,16:23,0,0,ZM,Lea Gihlein,
C110GO,C110GO 2021-03-11 Reversal 1 S2 T1,2021-03-11,1,light gray,2,2,13,13,19:19,0,0,ZM,Lea Gihlein,
C110GO,C110GO 2021-03-11 Reversal 1 S2 T1,2021-03-11,1,light gray,2,2,14,14,20:28,0,0,ZM,Lea Gihlein,
C110GO,C110GO 2021-03-11 Reversal 1 S2 T1,2021-03-11,1,light gray,2,2,15,15,25:05:00,1,1,ZM,Lea Gihlein,
C110GO,C110GO 2021-03-11 Reversal 1 S2 T1,2021-03-11,1,light gray,2,2,16,16,27:21:00,0,0,ZM,Lea Gihlein,
C110GO,C110GO 2021-03-11 Reversal 1 S2 T1,2021-03-11,1,light gray,2,2,17,17,NA,-1,-1,ZM,Lea Gihlein,
C110GO,C110GO 2021-03-11 Reversal 1 S3 T17,2021-03-11,1,light gray,3,3,17,17,5:46,0,0,ZM,Lea Gihlein,
C110GO,C110GO 2021-03-11 Reversal 1 S3 T17,2021-03-11,1,light gray,3,3,18,18,NA,-1,-1,ZM,Lea Gihlein,
C110GO,C110GO 2021-03-12 Reversal 1 S4 T18,2021-03-12,1,light gray,4,4,18,18,3:31,0,0,ZM,Lea Gihlein,
C110GO,C110GO 2021-03-12 Reversal 1 S4 T18,2021-03-12,1,light gray,4,4,19,19,5:17,0,0,ZM,Lea Gihlein,
C110GO,C110GO 2021-03-12 Reversal 1 S4 T18,2021-03-12,1,light gray,4,4,20,20,6:46,1,1,ZM,Lea Gihlein,
C110GO,C110GO 2021-03-12 Reversal 1 S4 T18,2021-03-12,1,light gray,4,4,21,21,8:21,0,0,ZM,Lea Gihlein,
C110GO,C110GO 2021-03-12 Reversal 1 S4 T18,2021-03-12,1,light gray,4,4,22,22,9:12,1,1,ZM,Lea Gihlein,
C110GO,C110GO 2021-03-12 Reversal 1 S4 T18,2021-03-12,1,light gray,4,4,23,23,11:31,0,0,ZM,Lea Gihlein,
C110GO,C110GO 2021-03-12 Reversal 1 S4 T18,2021-03-12,1,light gray,4,4,24,24,12:32,0,0,ZM,Lea Gihlein,
C110GO,C110GO 2021-03-12 Reversal 1 S4 T18,2021-03-12,1,light gray,4,4,25,25,14:16,1,1,ZM,Lea Gihlein,
C110GO,C110GO 2021-03-12 Reversal 1 S4 T18,2021-03-12,1,light gray,4,4,26,26,16:19,0,0,ZM,Lea Gihlein,
C110GO,C110GO 2021-03-12 Reversal 1 S4 T18,2021-03-12,1,light gray,4,4,27,27,17:45,0,0,ZM,Lea Gihlein,
C110GO,C110GO 2021-03-12 Reversal 1 S4 T18,2021-03-12,1,light gray,4,4,28,28,19:01,0,0,ZM,Lea Gihlein,
C110GO,C110GO 2021-03-12 Reversal 1 S5 T29,2021-03-12,1,light gray,5,5,29,29,0:32,0,0,ZM,Lea Gihlein,
C110GO,C110GO 2021-03-12 Reversal 1 S5 T29,2021-03-12,1,light gray,5,5,30,30,1:19,0,0,ZM,Lea Gihlein,
C110GO,C110GO 2021-03-12 Reversal 1 S5 T29,2021-03-12,1,light gray,5,5,31,31,1:54,1,1,ZM,Lea Gihlein,
C110GO,C110GO 2021-03-12 Reversal 1 S5 T29,2021-03-12,1,light gray,5,5,32,32,2:50,0,0,ZM,Lea Gihlein,
C110GO,C110GO 2021-03-12 Reversal 1 S5 T29,2021-03-12,1,light gray,5,5,33,33,3:29,0,0,ZM,Lea Gihlein,
C110GO,C110GO 2021-03-12 Reversal 1 S5 T29,2021-03-12,1,light gray,5,5,34,34,4:26,1,1,ZM,Lea Gihlein,
C110GO,C110GO 2021-03-12 Reversal 1 S5 T29,2021-03-12,1,light gray,5,5,35,35,5:50,0,0,ZM,Lea Gihlein,
C110GO,C110GO 2021-03-12 Reversal 1 S5 T29,2021-03-12,1,light gray,5,5,36,36,6:35,0,0,ZM,Lea Gihlein,
C110GO,C110GO 2021-03-12 Reversal 1 S5 T29,2021-03-12,1,light gray,5,5,37,37,7:16,0,0,ZM,Lea Gihlein,
C110GO,C110GO 2021-03-12 Reversal 1 S5 T29,2021-03-12,1,light gray,5,5,38,38,7:53,0,0,ZM,Lea Gihlein,
C110GO,C110GO 2021-03-12 Reversal 1 S5 T29,2021-03-12,1,light gray,5,5,39,39,8:48,1,1,ZM,Lea Gihlein,
C110GO,C110GO 2021-03-12 Reversal 1 S5 T29,2021-03-12,1,light gray,5,5,40,40,10:05,0,0,ZM,Lea Gihlein,
C110GO,C110GO 2021-03-14 Reversal 1 S6 T41,2021-03-14,1,light gray,6,6,41,41,0:29,1,1,KM,Lea Gihlein,
C110GO,C110GO 2021-03-14 Reversal 1 S6 T41,2021-03-14,1,light gray,6,6,42,42,1:08,1,1,KM,Lea Gihlein,
C110GO,C110GO 2021-03-14 Reversal 1 S6 T41,2021-03-14,1,light gray,6,6,43,43,1:55,1,1,KM,Lea Gihlein,
C110GO,C110GO 2021-03-14 Reversal 1 S6 T41,2021-03-14,1,light gray,6,6,44,44,2:36,0,0,KM,Lea Gihlein,
C110GO,C110GO 2021-03-14 Reversal 1 S6 T41,2021-03-14,1,light gray,6,6,45,45,3:42,1,1,KM,Lea Gihlein,
C110GO,C110GO 2021-03-14 Reversal 1 S6 T41,2021-03-14,1,light gray,6,6,46,46,4:29,1,1,KM,Lea Gihlein,
C110GO,C110GO 2021-03-14 Reversal 1 S6 T41,2021-03-14,1,light gray,6,6,47,47,5:24,0,0,KM,Lea Gihlein,
C110GO,C110GO 2021-03-14 Reversal 1 S6 T41,2021-03-14,1,light gray,6,6,48,48,6:22,1,1,KM,Lea Gihlein,
C110GO,C110GO 2021-03-14 Reversal 1 S6 T41,2021-03-14,1,light gray,6,6,49,49,8:06,0,0,KM,Lea Gihlein,
C110GO,C110GO 2021-03-14 Reversal 1 S6 T41,2021-03-14,1,light gray,6,6,50,50,8:48,1,1,KM,Lea Gihlein,
C110GO,C110GO 2021-03-14 Reversal 1 S6 T41,2021-03-14,1,light gray,6,6,51,51,9:32,1,1,KM,Lea Gihlein,
C110GO,C110GO 2021-03-14 Reversal 1 S6 T41,2021-03-14,1,light gray,6,6,52,52,10:15,0,0,KM,Lea Gihlein,
C110GO,C110GO 2021-03-14 Reversal 1 S6 T41,2021-03-14,1,light gray,6,6,53,53,11:09,1,1,KM,Lea Gihlein,
C110GO,C110GO 2021-03-14 Reversal 1 S6 T41,2021-03-14,1,light gray,6,6,54,54,12:20,1,1,KM,Lea Gihlein,
C110GO,C110GO 2021-03-14 Reversal 1 S6 T41,2021-03-14,1,light gray,6,6,55,55,13:07,1,1,KM,Lea Gihlein,
C110GO,C110GO 2021-03-14 Reversal 1 S6 T41,2021-03-14,1,light gray,6,6,56,56,14:23,1,1,KM,Lea Gihlein,
C110GO,C110GO 2021-03-14 Reversal 1 S6 T41,2021-03-14,1,light gray,6,6,57,57,15:10,1,1,KM,Lea Gihlein,
C110GO,C110GO 2021-03-14 Reversal 1 S6 T41,2021-03-14,1,light gray,6,6,58,58,16:33,1,1,KM,Lea Gihlein,
C110GO,C110GO 2021-03-14 Reversal 1 S6 T41,2021-03-14,1,light gray,6,6,59,59,17:36,1,1,KM,Lea Gihlein,
C110GO,C110GO 2021-03-14 Reversal 1 S6 T41,2021-03-14,1,light gray,6,6,60,60,NA,-1,-1,KM,Lea Gihlein,
C110GO,C110GO 2021-03-14 Reversal 1 S7 T60,2021-03-14,1,light gray,7,7,60,60,0:48,1,1,KM,Lea Gihlein,
C110GO,C110GO 2021-03-14 Reversal 1 S7 T60,2021-03-14,1,light gray,7,7,61,61,1:52,1,1,KM,Lea Gihlein,
C110GO,C110GO 2021-03-14 Reversal 1 S7 T60,2021-03-14,1,light gray,7,7,62,62,4:21,1,1,KM,Lea Gihlein,
C110GO,C110GO 2021-03-14 Reversal 1 S7 T60,2021-03-14,1,light gray,7,7,63,63,5:14,1,1,KM,Lea Gihlein,
C110GO,C110GO 2021-03-14 Reversal 1 S7 T60,2021-03-14,1,light gray,7,7,64,64,10:20,1,1,KM,Lea Gihlein,
C110GO,C110GO 2021-03-14 Reversal 1 S7 T60,2021-03-14,1,light gray,7,7,65,65,11:09,1,1,KM,Lea Gihlein,
C110GO,C110GO 2021-03-14 Reversal 1 S7 T60,2021-03-14,1,light gray,7,7,66,66,12:21,1,1,KM,Lea Gihlein,
C110GO,C110GO 2021-03-14 Reversal 1 S7 T60,2021-03-14,1,light gray,7,7,67,67,14:02,1,1,KM,Lea Gihlein,
C112OR,C112OR 2021-03-10 Reversal 0 S1 T1,2021-03-10,0,light gray,1,1,1,1,6:19,0,0,,Lea Gihlein,
C112OR,C112OR 2021-03-10 Reversal 0 S1 T1,2021-03-10,0,light gray,1,1,2,2,10:44,1,1,,Lea Gihlein,
C112OR,C112OR 2021-03-10 Reversal 0 S1 T1,2021-03-10,0,light gray,1,1,3,3,12:45,1,1,,Lea Gihlein,
C112OR,C112OR 2021-03-10 Reversal 0 S1 T1,2021-03-10,0,light gray,1,1,4,4,13:44,1,1,,Lea Gihlein,
C112OR,C112OR 2021-03-10 Reversal 0 S1 T1,2021-03-10,0,light gray,1,1,5,5,15:45,1,1,,Lea Gihlein,
C112OR,C112OR 2021-03-10 Reversal 0 S1 T1,2021-03-10,0,light gray,1,1,6,6,17:39,0,0,,Lea Gihlein,
C112OR,C112OR 2021-03-10 Reversal 0 S1 T1,2021-03-10,0,light gray,1,1,7,7,23:39,0,0,,Lea Gihlein,
C112OR,C112OR 2021-03-10 Reversal 0 S1 T1,2021-03-10,0,light gray,1,1,8,8,29:04:00,1,1,,Lea Gihlein,
C112OR,C112OR 2021-03-10 Reversal 0 S1 T1,2021-03-10,0,light gray,1,1,9,9,34:08:00,0,0,,Lea Gihlein,
C112OR,C112OR 2021-03-10 Reversal 0 S1 T1,2021-03-10,0,light gray,1,1,10,10,39:20:00,1,1,,Lea Gihlein,
C112OR,C112OR 2021-03-11 Reversal 0 S2 T11,2021-03-11,0,light gray,2,2,11,11,0:48,1,1,,Lea Gihlein,
C112OR,C112OR 2021-03-11 Reversal 0 S2 T11,2021-03-11,0,light gray,2,2,12,12,1:51,1,1,,Lea Gihlein,
C112OR,C112OR 2021-03-11 Reversal 0 S2 T11,2021-03-11,0,light gray,2,2,13,13,2:44,1,1,,Lea Gihlein,
C112OR,C112OR 2021-03-11 Reversal 0 S2 T11,2021-03-11,0,light gray,2,2,14,14,3:56,1,1,,Lea Gihlein,
C112OR,C112OR 2021-03-11 Reversal 0 S2 T11,2021-03-11,0,light gray,2,2,15,15,7:45,0,0,,Lea Gihlein,
C112OR,C112OR 2021-03-11 Reversal 0 S2 T11,2021-03-11,0,light gray,2,2,16,16,9:51,1,1,,Lea Gihlein,
C112OR,C112OR 2021-03-11 Reversal 0 S2 T11,2021-03-11,0,light gray,2,2,17,17,10:55,1,1,,Lea Gihlein,
C112OR,C112OR 2021-03-11 Reversal 0 S2 T11,2021-03-11,0,light gray,2,2,18,18,17:28,1,1,,Lea Gihlein,
C112OR,C112OR 2021-03-11 Reversal 0 S2 T11,2021-03-11,0,light gray,2,2,19,19,18:44,1,1,,Lea Gihlein,
C112OR,C112OR 2021-03-11 Reversal 0 S2 T11,2021-03-11,0,light gray,2,2,20,20,NA,-1,-1,,Lea Gihlein,
C112OR,C112OR 2021-03-11 Reversal 0 S3 T20,2021-03-11,0,light gray,3,3,20,20,1:15,1,1,,Lea Gihlein,
C112OR,C112OR 2021-03-11 Reversal 0 S3 T20,2021-03-11,0,light gray,3,3,21,21,2:47,1,1,,Lea Gihlein,
C112OR,C112OR 2021-03-11 Reversal 0 S3 T20,2021-03-11,0,light gray,3,3,22,22,4:00,1,1,,Lea Gihlein,
C112OR,C112OR 2021-03-11 Reversal 0 S3 T20,2021-03-11,0,light gray,3,3,23,23,7:54,1,1,,Lea Gihlein,
C112OR,C112OR 2021-03-11 Reversal 0 S3 T20,2021-03-11,0,light gray,3,3,24,24,9:17,0,0,,Lea Gihlein,
C112OR,C112OR 2021-03-11 Reversal 0 S3 T20,2021-03-11,0,light gray,3,3,25,25,12:01,0,0,,Lea Gihlein,
C112OR,C112OR 2021-03-11 Reversal 0 S3 T20,2021-03-11,0,light gray,3,3,26,26,14:11,1,1,,Lea Gihlein,
C112OR,C112OR 2021-03-11 Reversal 0 S3 T20,2021-03-11,0,light gray,3,3,27,27,20:40,1,1,,Lea Gihlein,
C112OR,C112OR 2021-03-12 Reversal 0 S4 T28,2021-03-12,0,light gray,4,4,28,28,1:02,1,1,,Lea Gihlein,
C112OR,C112OR 2021-03-12 Reversal 0 S4 T28,2021-03-12,0,light gray,4,4,29,29,2:40,1,1,,Lea Gihlein,
C112OR,C112OR 2021-03-12 Reversal 0 S4 T28,2021-03-12,0,light gray,4,4,30,30,4:09,1,1,,Lea Gihlein,
C112OR,C112OR 2021-03-12 Reversal 1 S1 T1,2021-03-12,1,dark gray,1,1,1,1,0:42,0,0,,Lea Gihlein,
C112OR,C112OR 2021-03-12 Reversal 1 S1 T1,2021-03-12,1,dark gray,1,1,2,2,1:39,0,0,,Lea Gihlein,
C112OR,C112OR 2021-03-12 Reversal 1 S1 T1,2021-03-12,1,dark gray,1,1,3,3,2:31,0,0,,Lea Gihlein,
C112OR,C112OR 2021-03-12 Reversal 1 S1 T1,2021-03-12,1,dark gray,1,1,4,4,3:25,0,0,,Lea Gihlein,
C112OR,C112OR 2021-03-12 Reversal 1 S1 T1,2021-03-12,1,dark gray,1,1,5,5,4:16,1,1,,Lea Gihlein,
C112OR,C112OR 2021-03-12 Reversal 1 S1 T1,2021-03-12,1,dark gray,1,1,6,6,5:36,0,0,,Lea Gihlein,
C112OR,C112OR 2021-03-12 Reversal 1 S1 T1,2021-03-12,1,dark gray,1,1,7,7,6:44,0,0,,Lea Gihlein,
C112OR,C112OR 2021-03-12 Reversal 1 S1 T1,2021-03-12,1,dark gray,1,1,8,8,7:32,0,0,,Lea Gihlein,
C112OR,C112OR 2021-03-12 Reversal 1 S1 T1,2021-03-12,1,dark gray,1,1,9,9,10:34,0,0,,Lea Gihlein,
C112OR,C112OR 2021-03-12 Reversal 1 S1 T1,2021-03-12,1,dark gray,1,1,10,10,12:38,0,0,,Lea Gihlein,
C112OR,C112OR 2021-03-12 Reversal 1 S1 T1,2021-03-12,1,dark gray,1,1,11,11,NA,-1,-1,,Lea Gihlein,
C112OR,C112OR 2021-03-14 Reversal 1 S2 T11,2021-03-14,1,dark gray,2,2,11,11,2:40,1,1,,Lea Gihlein,
C112OR,C112OR 2021-03-14 Reversal 1 S2 T11,2021-03-14,1,dark gray,2,2,12,12,6:42,1,1,,Lea Gihlein,
C112OR,C112OR 2021-03-14 Reversal 1 S2 T11,2021-03-14,1,dark gray,2,2,13,13,10:34,0,0,,Lea Gihlein,
C112OR,C112OR 2021-03-14 Reversal 1 S2 T11,2021-03-14,1,dark gray,2,2,14,14,NA,-1,-1,,Lea Gihlein,
C112OR,C112OR 2021-03-14 Reversal 1 S3 T14,2021-03-14,1,dark gray,3,3,14,14,0:58,0,0,,Lea Gihlein,
C112OR,C112OR 2021-03-14 Reversal 1 S3 T14,2021-03-14,1,dark gray,3,3,15,15,NA,-1,-1,,Lea Gihlein,
C112OR,C112OR 2021-03-15 Reversal 1 S4 T15,2021-03-15,1,dark gray,4,4,15,15,NA,-1,-1,,Lea Gihlein,
C112OR,C112OR 2021-03-15 Reversal 1 S5 T15,2021-03-15,1,dark gray,5,5,15,15,0:55,1,1,,Lea Gihlein,
C112OR,C112OR 2021-03-15 Reversal 1 S5 T15,2021-03-15,1,dark gray,5,5,16,16,2:06,0,0,,Lea Gihlein,
C112OR,C112OR 2021-03-15 Reversal 1 S5 T15,2021-03-15,1,dark gray,5,5,17,17,4:03,1,1,,Lea Gihlein,
C112OR,C112OR 2021-03-15 Reversal 1 S5 T15,2021-03-15,1,dark gray,5,5,18,18,6:06,1,1,,Lea Gihlein,
C112OR,C112OR 2021-03-15 Reversal 1 S5 T15,2021-03-15,1,dark gray,5,5,19,19,7:08,1,1,,Lea Gihlein,
C112OR,C112OR 2021-03-15 Reversal 1 S5 T15,2021-03-15,1,dark gray,5,5,20,20,8:18,0,0,,Lea Gihlein,
C112OR,C112OR 2021-03-15 Reversal 1 S5 T15,2021-03-15,1,dark gray,5,5,21,21,10:05,0,0,,Lea Gihlein,
C112OR,C112OR 2021-03-15 Reversal 1 S5 T15,2021-03-15,1,dark gray,5,5,22,22,11:40,1,1,,Lea Gihlein,
C112OR,C112OR 2021-03-15 Reversal 1 S5 T15,2021-03-15,1,dark gray,5,5,23,23,NA,-1,-1,,Lea Gihlein,
C112OR,C112OR 2021-03-15 Reversal 1 S6 T23,2021-03-15,1,dark gray,6,6,23,23,0:43,1,1,,Lea Gihlein,
C112OR,C112OR 2021-03-15 Reversal 1 S6 T23,2021-03-15,1,dark gray,6,6,24,24,2:12,0,0,,Lea Gihlein,
C112OR,C112OR 2021-03-15 Reversal 1 S6 T23,2021-03-15,1,dark gray,6,6,25,25,8:39,1,1,,Lea Gihlein,
C112OR,C112OR 2021-03-15 Reversal 1 S6 T23,2021-03-15,1,dark gray,6,6,26,26,11:41,1,1,,Lea Gihlein,
C112OR,C112OR 2021-03-15 Reversal 1 S6 T23,2021-03-15,1,dark gray,6,6,27,27,12:58,0,0,,Lea Gihlein,
C112OR,C112OR 2021-03-15 Reversal 1 S6 T23,2021-03-15,1,dark gray,6,6,28,28,NA,-1,-1,,Lea Gihlein,
C112OR,C112OR 2021-03-16 Reversal 1 S7 T28,2021-03-16,1,dark gray,7,7,28,28,1:19,0,0,,Lea Gihlein,
C112OR,C112OR 2021-03-16 Reversal 1 S7 T28,2021-03-16,1,dark gray,7,7,29,29,3:06,0,0,,Lea Gihlein,
C112OR,C112OR 2021-03-16 Reversal 1 S7 T28,2021-03-16,1,dark gray,7,7,30,30,NA,-1,-1,,Lea Gihlein,
C112OR,C112OR 2021-03-16 Reversal 1 S8 T30,2021-03-16,1,dark gray,8,8,30,30,NA,-1,-1,,Lea Gihlein,
C112OR,C112OR 2021-03-17 Reversal 1 S9 T30,2021-03-17,1,dark gray,9,9,30,30,0:45,0,0,,Lea Gihlein,
C112OR,C112OR 2021-03-17 Reversal 1 S9 T30,2021-03-17,1,dark gray,9,9,31,31,6:47,1,1,,Lea Gihlein,
C112OR,C112OR 2021-03-17 Reversal 1 S9 T30,2021-03-17,1,dark gray,9,9,32,32,11:09,1,1,,Lea Gihlein,
C112OR,C112OR 2021-03-17 Reversal 1 S9 T30,2021-03-17,1,dark gray,9,9,33,33,16:24,0,0,,Lea Gihlein,
C112OR,C112OR 2021-03-17 Reversal 1 S10 T34,2021-03-17,1,dark gray,10,10,34,34,3:58,1,1,,Lea Gihlein,
C112OR,C112OR 2021-03-17 Reversal 1 S10 T34,2021-03-17,1,dark gray,10,10,35,35,14:11,0,0,,Lea Gihlein,
C112OR,C112OR 2021-03-17 Reversal 1 S10 T34,2021-03-17,1,dark gray,10,10,36,36,NA,-1,-1,,Lea Gihlein,
C112OR,C112OR 2021-03-18 Reversal 1 S11 T36,2021-03-18,1,dark gray,11,11,36,36,2:33,1,1,,Lea Gihlein,
C112OR,C112OR 2021-03-18 Reversal 1 S11 T36,2021-03-18,1,dark gray,11,11,37,37,NA,-1,-1,,Lea Gihlein,
C112OR,C112OR 2021-03-18 Reversal 1 S12 T37,2021-03-18,1,dark gray,12,12,37,37,1:00,1,1,,Lea Gihlein,
C112OR,C112OR 2021-03-18 Reversal 1 S12 T37,2021-03-18,1,dark gray,12,12,38,38,NA,-1,-1,,Lea Gihlein,
C112OR,C112OR 2021-03-18 Reversal 1 S13 T38,2021-03-18,1,dark gray,13,13,38,38,NA,-1,-1,,Lea Gihlein,
C112OR,C112OR 2021-03-19 Reversal 1 S14 T38,2021-03-19,1,dark gray,14,14,38,38,3:58,1,1,,Lea Gihlein,
C112OR,C112OR 2021-03-19 Reversal 1 S14 T38,2021-03-19,1,dark gray,14,14,39,39,8:17,1,1,,Lea Gihlein,
C112OR,C112OR 2021-03-19 Reversal 1 S14 T38,2021-03-19,1,dark gray,14,14,40,40,NA,-1,-1,,Lea Gihlein,
C112OR,C112OR 2021-03-19 Reversal 1 S15 T40,2021-03-19,1,dark gray,15,15,40,40,NA,-1,-1,,Lea Gihlein,
C112OR,C112OR 2021-03-19 Reversal 1 S16 T40,2021-03-19,1,dark gray,16,16,40,40,3:37,0,0,,Lea Gihlein,
C112OR,C112OR 2021-03-19 Reversal 1 S16 T40,2021-03-19,1,dark gray,16,16,41,41,7:25,1,1,,Lea Gihlein,
C112OR,C112OR 2021-03-19 Reversal 1 S16 T40,2021-03-19,1,dark gray,16,16,42,42,NA,-1,-1,,Lea Gihlein,
C112OR,C112OR 2021-03-19 Reversal 1 S17 T42,2021-03-19,1,dark gray,17,17,42,42,2:15,1,1,,Lea Gihlein,
C112OR,C112OR 2021-03-19 Reversal 1 S17 T42,2021-03-19,1,dark gray,17,17,43,43,3:48,1,1,,Lea Gihlein,
C112OR,C112OR 2021-03-19 Reversal 1 S17 T42,2021-03-19,1,dark gray,17,17,44,44,5:12,1,1,,Lea Gihlein,
C112OR,C112OR 2021-03-19 Reversal 1 S17 T42,2021-03-19,1,dark gray,17,17,45,45,7:37,1,1,,Lea Gihlein,
C112OR,C112OR 2021-03-19 Reversal 1 S17 T42,2021-03-19,1,dark gray,17,17,46,46,NA,-1,-1,,Lea Gihlein,
C112OR,C112OR 2021-03-21 Reversal 1 S18 S46,2021-03-21,1,dark gray,18,18,46,46,2:20,1,1,,Lea Gihlein,
C112OR,C112OR 2021-03-21 Reversal 1 S18 S46,2021-03-21,1,dark gray,18,18,47,47,6:37,0,0,,Lea Gihlein,
C112OR,C112OR 2021-03-21 Reversal 1 S18 S46,2021-03-21,1,dark gray,18,18,48,48,10:17,1,1,,Lea Gihlein,
C112OR,C112OR 2021-03-21 Reversal 1 S18 S46,2021-03-21,1,dark gray,18,18,49,49,14:27,1,1,,Lea Gihlein,
C112OR,C112OR 2021-03-21 Reversal 1 S18 S46,2021-03-21,1,dark gray,18,18,50,50,18:27,0,0,,Lea Gihlein,
C112OR,C112OR 2021-03-21 Reversal 1 S19 T51,2021-03-21,1,dark gray,19,19,51,51,NA,-1,-1,,Lea Gihlein,
C112OR,C112OR 2021-03-21 Reversal 1 S20 T51,2021-03-21,1,dark gray,20,20,51,51,6:55,0,0,,Lea Gihlein,
C112OR,C112OR 2021-03-21 Reversal 1 S20 T51,2021-03-21,1,dark gray,20,20,52,52,NA,-1,-1,,Lea Gihlein,
C112OR,C112OR 2021-03-21 Reversal 1 S21 T52,2021-03-21,1,dark gray,21,21,52,52,4:31,1,1,,Lea Gihlein,
C112OR,C112OR 2021-03-21 Reversal 1 S21 T52,2021-03-21,1,dark gray,21,21,53,53,11:02,0,0,,Lea Gihlein,
C112OR,C112OR 2021-03-21 Reversal 1 S21 T52,2021-03-21,1,dark gray,21,21,54,54,15:03,0,0,,Lea Gihlein,
C112OR,C112OR 2021-03-21 Reversal 1 S21 T52,2021-03-21,1,dark gray,21,21,55,55,19:20,1,1,,Lea Gihlein,
C112OR,C112OR 2021-03-21 Reversal 1 S21 T52,2021-03-21,1,dark gray,21,21,56,56,23:14,0,0,,Lea Gihlein,
C112OR,C112OR 2021-03-21 Reversal 1 S21 T52,2021-03-21,1,dark gray,21,21,57,57,27:07:00,0,0,,Lea Gihlein,
C112OR,C112OR 2021-03-22 Reversal 1 S22 T58,2021-03-22,1,dark gray,22,22,58,58,3:42,1,1,,Lea Gihlein,
C112OR,C112OR 2021-03-22 Reversal 1 S22 T58,2021-03-22,1,dark gray,22,22,59,59,NA,-1,-1,,Lea Gihlein,
C112OR,C112OR 2021-03-22 Reversal 1 S23 T59,2021-03-22,1,dark gray,23,23,59,59,6:16,1,1,,Lea Gihlein,
C112OR,C112OR 2021-03-22 Reversal 1 S23 T59,2021-03-22,1,dark gray,23,23,60,60,12:56,1,1,,Lea Gihlein,
C112OR,C112OR 2021-03-22 Reversal 1 S23 T59,2021-03-22,1,dark gray,23,23,61,61,NA,-1,-1,,Lea Gihlein,
C112OR,C112OR 2021-03-22 Reversal 1 S24 T61,2021-03-22,1,dark gray,24,24,61,61,5:21,1,1,,Lea Gihlein,
C112OR,C112OR 2021-03-22 Reversal 1 S24 T61,2021-03-22,1,dark gray,24,24,62,62,NA,-1,-1,,Lea Gihlein,
C112OR,C112OR 2021-03-23 Reversal 1 S25 T62,2021-03-23,1,dark gray,25,25,62,62,NA,-1,-1,,Lea Gihlein,
C112OR,C112OR 2021-03-23 Reversal 1 S26 T62,2021-03-23,1,dark gray,26,26,62,62,NA,-1,-1,,Lea Gihlein,
C112OR,C112OR 2021-03-23 Reversal 1 S27 T62,2021-03-23,1,dark gray,27,27,62,62,NA,-1,-1,,Lea Gihlein,
C112OR,C112OR 2021-03-23 Reversal 1 S28 T62,2021-03-23,1,dark gray,28,28,62,62,4:10,0,0,,Lea Gihlein,
C112OR,C112OR 2021-03-23 Reversal 1 S28 T62,2021-03-23,1,dark gray,28,28,63,63,NA,-1,-1,,Lea Gihlein,
C112OR,C112OR 2021-03-24 Reversal 1 S29 T63,2021-03-24,1,dark gray,29,29,63,63,NA,-1,-1,,Lea Gihlein,
C112OR,C112OR 2021-03-24 Reversal 1 S30 T63,2021-03-24,1,dark gray,30,30,63,63,NA,-1,-1,,Lea Gihlein,
C112OR,C112OR 2021-03-24 Reversal 1 S31 T63,2021-03-24,1,dark gray,31,31,63,63,2:38,0,0,,Lea Gihlein,
C112OR,C112OR 2021-03-24 Reversal 1 S31 T63,2021-03-24,1,dark gray,31,31,64,64,7:15,1,1,,Lea Gihlein,
C112OR,C112OR 2021-03-24 Reversal 1 S31 T63,2021-03-24,1,dark gray,31,31,65,65,10:14,1,1,,Lea Gihlein,
C112OR,C112OR 2021-03-24 Reversal 1 S31 T63,2021-03-24,1,dark gray,31,31,66,66,11:40,1,1,,Lea Gihlein,
C112OR,C112OR 2021-03-24 Reversal 1 S31 T63,2021-03-24,1,dark gray,31,31,67,67,13:03,1,1,,Lea Gihlein,
C112OR,C112OR 2021-03-24 Reversal 1 S31 T63,2021-03-24,1,dark gray,31,31,68,68,14:17,1,1,,Lea Gihlein,
C112OR,C112OR 2021-03-24 Reversal 1 S31 T63,2021-03-24,1,dark gray,31,31,69,69,15:35,1,1,,Lea Gihlein,
C112OR,C112OR 2021-03-24 Reversal 1 S31 T63,2021-03-24,1,dark gray,31,31,70,70,16:46,1,1,,Lea Gihlein,
C112OR,C112OR 2021-03-25 Reversal 1 S32 T71,2021-03-25,1,dark gray,32,32,71,71,NA,-1,-1,,Lea Gihlein,
C112OR,C112OR 2021-03-25 Reversal 1 S33 T71,2021-03-25,1,dark gray,33,33,71,71,NA,-1,-1,,Lea Gihlein,
C112OR,C112OR 2021-03-25 Reversal 1 S34 T71,2021-03-25,1,dark gray,34,34,71,71,4:08,1,1,,Lea Gihlein,
C112OR,C112OR 2021-03-25 Reversal 1 S34 T71,2021-03-25,1,dark gray,34,34,72,72,8:06,0,0,,Lea Gihlein,
C112OR,C112OR 2021-03-25 Reversal 1 S35 T73,2021-03-25,1,dark gray,35,35,73,73,3:38,1,1,,Lea Gihlein,
C112OR,C112OR 2021-03-25 Reversal 1 S35 T73,2021-03-25,1,dark gray,35,35,74,74,NA,-1,-1,,Lea Gihlein,
C112OR,C112OR 2021-03-26 Reversal 1 S36 T74,2021-03-26,1,dark gray,36,36,74,74,NA,-1,-1,,Lea Gihlein,
C112OR,C112OR 2021-03-26 Reversal 1 S37 T74,2021-03-26,1,dark gray,37,37,74,74,3:52,1,1,,Lea Gihlein,
C112OR,C112OR 2021-03-26 Reversal 1 S37 T74,2021-03-26,1,dark gray,37,37,75,75,NA,-1,-1,,Lea Gihlein,
C112OR,C112OR 2021-03-26 Reversal 1 S38 T75,2021-03-26,1,dark gray,38,38,75,75,3:56,1,1,,Lea Gihlein,
C112OR,C112OR 2021-03-26 Reversal 1 S38 T75,2021-03-26,1,dark gray,38,38,76,76,8:04,1,1,,Lea Gihlein,
C112OR,C112OR 2021-03-26 Reversal 1 S38 T75,2021-03-26,1,dark gray,38,38,77,77,NA,-1,-1,,Lea Gihlein,
C112OR,C112OR 2021-03-26 Reversal 1 S39 T77,2021-03-26,1,dark gray,39,39,77,77,NA,-1,-1,,Lea Gihlein,
C112OR,C112OR 2021-03-28 Reversal 1 S40 T77,2021-03-28,1,dark gray,40,40,77,77,3:44,0,0,,Lea Gihlein,
C112OR,C112OR 2021-03-28 Reversal 1 S40 T77,2021-03-28,1,dark gray,40,40,78,78,7:54,1,1,,Lea Gihlein,
C112OR,C112OR 2021-03-28 Reversal 1 S40 T77,2021-03-28,1,dark gray,40,40,79,79,NA,-1,-1,,Lea Gihlein,
C112OR,C112OR 2021-03-28 Reversal 1 S41 T79,2021-03-28,1,dark gray,41,41,79,79,1:24,1,1,,Lea Gihlein,
C112OR,C112OR 2021-03-28 Reversal 1 S41 T79,2021-03-28,1,dark gray,41,41,80,80,2:31,1,1,,Lea Gihlein,
C112OR,C112OR 2021-03-28 Reversal 1 S41 T79,2021-03-28,1,dark gray,41,41,81,81,3:40,1,1,,Lea Gihlein,
C112OR,C112OR 2021-03-28 Reversal 1 S41 T79,2021-03-28,1,dark gray,41,41,82,82,8:32,1,1,,Lea Gihlein,